id_entidad,entidad_norm,nit_entidad,departamento,ciudad,orden,sector
1,SENA REGIONAL ANTIOQUIA GRUPO DE APOYO ADMINISTRATIVO MIXTO,899999034,Antioquia,Medellín,Nacional,Trabajo
2,MUNICIPIO DE MONTEBELLO,890981115,Antioquia,Montebello,Territorial,No aplica/No pertenece
3,CAMARA DE REPRESENTANTES,899999098,Distrito Capital de Bogotá,No Definido,Nacional,No aplica/No pertenece
4,UNIATLANTICO,890102257,Atlántico,Puerto Colombia,Territorial,Educación Nacional
5,ALCALDIA MUNICIPIO DE RICAURTE,890680059,Cundinamarca,Ricaurte,Territorial,Servicio Público
6,UNIDAD ADMINISTRATIVA ESPECIAL DE SERVICIOS PUBLICOS,900126860,Distrito Capital de Bogotá,Bogotá,Territorial,Ambiente y Desarrollo Sostenible
7,PERSONERIA DISTRITAL DE SANTIAGO DE CALI,805003895,Valle del Cauca,Cali,Territorial,No aplica/No pertenece
8,ALCALDIA MUNICIPAL DE FONSECA,892170008,La Guajira,Fonseca,Territorial,Servicio Público
9,SIC SUPERINTENDENCIA DE INDUSTRIA Y COMERCIO,800176089,Distrito Capital de Bogotá,Bogotá,Nacional,Industria
10,GOBERNACION DEL MAGDALENA,800103920,Magdalena,Santa Marta,Territorial,No aplica/No pertenece
11,CENTRO HOSPITAL NUESTRO SENOR DE LA DIVINA MISERICORDIA PUERRES E S E,814003370,Nariño,Puerres,Territorial,Salud y Protección Social
12,MUNICIPIO DE PIEDECUESTA,890205383,Santander,Piedecuesta,Territorial,No aplica/No pertenece
13,SENA SECRETARIA GENERAL,899999034,Distrito Capital de Bogotá,No Definido,Nacional,Trabajo
14,INSTITUCION UNIVERSITARIA ITM,800214750,Antioquia,Medellín,Nacional,Educación Nacional
15,AGENCIA NACIONAL DE HIDROCARBUROS,830127607,Distrito Capital de Bogotá,Bogotá,Nacional,Minas y Energía
16,SECRETARIA DISTRITAL DE GOBIERNO 1,899999061,Distrito Capital de Bogotá,Bogotá,Territorial,Servicio Público
17,DEPARTAMENTO DE CUNDINAMARCA SECRETARIA DE SALUD,899999114,Distrito Capital de Bogotá,Bogotá,Territorial,Salud y Protección Social
18,SENA REGIONAL NORTE DE SANTANDER GRUPO DE APOYO ADMINISTRATIVO MIXTO,899999034,Norte de Santander,Cúcuta,Nacional,Educación Nacional
19,MUNICIPIO DE SAN JOSE DE CUCUTA,890501434,Norte de Santander,Cúcuta,Territorial,Servicio Público
20,INDEPORTES TOLIMA,809005065,Tolima,Ibagué,Territorial,deportes
21,COLEGIO PORTAL CAMPESTRE NORTE DEL MUNICIPIO DE GIRON,901236129,Santander,Girón,Territorial,No aplica/No pertenece
22,INSTITUCION UNIVERSITARIA DE ENVIGADO,811000278,Antioquia,Envigado,Territorial,Educación Nacional
23,ALCALDIA DE CARACOLI,8909811077,Antioquia,Caracolí,Territorial,Servicio Público
24,UNIDAD PARA LAS VICTIMAS FONDO PARA LA REPARACION DE LAS VICTIMAS,900490473,Distrito Capital de Bogotá,Bogotá,Nacional,Inclusión Social y Reconciliación
25,MINISTERIO DE JUSTICIA Y DEL DERECHO,900457461,Distrito Capital de Bogotá,No Definido,Nacional,Ley de Justicia
26,SECRETARIA DISTRITAL DE CULTURA RECREACION Y DEPORTE,899999061,Distrito Capital de Bogotá,Bogotá,Territorial,Cultura
27,UNIDAD AESPE,900678508,Distrito Capital de Bogotá,No Definido,Nacional,Trabajo
28,ICBF REGIONAL BOGOTA,899999239,Distrito Capital de Bogotá,Bogotá,Nacional,Salud y Protección Social
29,SENA REGIONAL CESAR GRUPO DE APOYO ADMINISTRATIVO MIXTO,899999034,Cesar,No Definido,Nacional,Trabajo
30,ALCALDIA MUNICIPIO DE CRAVO NORTE,800014434,Arauca,Cravo Norte,Territorial,No aplica/No pertenece
31,MINVIVIENDA,900463725,No Definido,No Definido,Nacional,"Vivienda, Ciudad y Territorio"
32,UNIDAD CENTRAL DEL VALLE DEL CAUCA,891900853,Valle del Cauca,Tuluá,Territorial,Educación Nacional
33,SENA REGIONAL DISTRITO CAPITAL GRUPO ADMINISTRATIVO INTERCENTROS CEET,899999034,Distrito Capital de Bogotá,No Definido,Nacional,Trabajo
34,COMPRADOR ESE CARMEN EMILIA OSPINA PERFIL,8130052657,Huila,Neiva,Territorial,No aplica/No pertenece
35,SECRETARIA GENERAL Y DE CERCANIA AL CIUDADANO,899999114,Distrito Capital de Bogotá,Bogotá,Territorial,No aplica/No pertenece
36,EMPRESA SOCIAL DEL ESTADO E S E HOSPITAL REGIONAL NORTE,807008857,Norte de Santander,Tibú,Territorial,Salud y Protección Social
37,DEPARTAMENTO DE CORDOBA,800103935,Córdoba,Montería,Territorial,Servicio Público
38,ESAP TERRITORIAL QUINDIO RISARALDA,800117537,Risaralda,Pereira,Nacional,Educación Nacional
39,ADRES,901037916,Distrito Capital de Bogotá,No Definido,Nacional,Salud y Protección Social
40,INSTITUCION UNIVERSITARIA PASCUAL BRAVO COMPRADOR,8909801583,Antioquia,Medellín,Nacional,Educación Nacional
41,INSTITUTO COLOMBIANO PARA LA EVALUACION DE LA EDUCACION ICFES,860024301,Distrito Capital de Bogotá,Bogotá,Nacional,Educación Nacional
42,MUNICIPIO DE PUERTO TRIUNFO,890983906,Antioquia,Puerto Triunfo,Territorial,No aplica/No pertenece
43,EMPRESA INDUSTRIAL Y COMERCIAL DEL ESTADO ADMINISTRADORA DEL MONOPOLIO RENTISTICO DE LOS JUEGOS DE SUERTE Y AZAR,900505060,Distrito Capital de Bogotá,Bogotá,Nacional,Hacienda y Crédito Público
44,MUNICIPIO DE SAN MIGUEL PUTUMAYO,800252922,Putumayo,San Miguel,Territorial,Servicio Público
45,GOBERNACION DEL DEPARTAMENTO DEL CESAR,892399999,Cesar,Valledupar,Territorial,Servicio Público
46,MINSALUD,900474727,Distrito Capital de Bogotá,No Definido,Nacional,Salud y Protección Social
47,INM,900494393,Distrito Capital de Bogotá,Bogotá,Nacional,No aplica/No pertenece
48,ICBF REGIONAL ATLANTICO,8999992392,Atlántico,Barranquilla,Nacional,Salud y Protección Social
49,ALCALDIA DEL MUNICIPIO DE AGUAZUL,891855200,Casanare,Aguazul,Territorial,No aplica/No pertenece
50,DANE DIRECCION TERRITORIAL CENTRO,899999027,Distrito Capital de Bogotá,Bogotá,Nacional,Información Estadística
51,IU DIGITAL,901168222,Antioquia,Medellín,Territorial,Educación Nacional
52,CGDNS,890501431,Norte de Santander,Cúcuta,Territorial,Servicio Público
53,CONSEJO PROFESIONAL NACIONAL DE ARQUITECTURA Y SUS PROFESIONES AUXILIARES,830059954,Distrito Capital de Bogotá,Bogotá,Nacional,"Vivienda, Ciudad y Territorio"
54,CORPORACION AUTONOMA REGIONAL DEL CAUCA 12,891501885,Cauca,Popayán,Nacional,Ambiente y Desarrollo Sostenible
55,SUPERINTENDENCIA NACIONAL DE SALUD,860062187,No Definido,No Definido,Nacional,Salud y Protección Social
56,UNP,900475780,Distrito Capital de Bogotá,Bogotá,Nacional,defensa
57,PROSPERIDAD SOCIAL,900039533,Distrito Capital de Bogotá,Bogotá,Nacional,Inclusión Social y Reconciliación
58,MUNICIPIO DE GUARNE,890982055,Antioquia,Guarne,Territorial,Servicio Público
59,IGAC SEDE CENTRAL,899999004,Distrito Capital de Bogotá,No Definido,Nacional,Información Estadística
60,MUNICIPIO DE EL DOVIO,891901223,Valle del Cauca,El Dovio,Territorial,Servicio Público
61,INSTITUTO COLOMBIANO DE CREDITO EDUCATIVO Y ESTUDIO TECNICOS EN EL EXTERIOR MARIANO OSPINA PEREZ,899999035,Distrito Capital de Bogotá,Bogotá,Nacional,Educación Nacional
62,SENA REGIONAL DISTRITO CAPITAL GRUPO ADMINISTRATIVO INTERCENTROS CGMLTI,899999034,Distrito Capital de Bogotá,Bogotá,Nacional,Trabajo
63,MINISTERIO DE AMBIENTE Y DESARROLLO SOSTENIBLE,830115395,Distrito Capital de Bogotá,Bogotá,Nacional,Ambiente y Desarrollo Sostenible
64,SENA REGIONAL CAUCA,899999034,Cauca,Popayán,Nacional,Trabajo
65,SENA REGIONAL SANTANDER GRUPO ADMINISTRATIVO CA,899999034,Santander,San Gil,Nacional,Trabajo
66,MUNICIPIO DE SABANETA,890980331,Antioquia,Sabaneta,Territorial,No aplica/No pertenece
67,MINISTERIO DE MINAS Y ENERGIA,899999022,Distrito Capital de Bogotá,Bogotá,Nacional,Minas y Energía
68,INSTITUTO NACIONAL DE VIGILANCIA DE MEDICAMENTOS Y ALIMENTOS,830000167,Distrito Capital de Bogotá,Bogotá,Nacional,Salud y Protección Social
69,GOBERNACION DEL CAUCA,891580016,Cauca,Popayán,Territorial,Servicio Público
70,RAMA JUDICIAL DIRECCION SECCIONAL DE ADMINISTRACION JUDICIAL DE ARMENIA,800165939,Quindío,Armenia,Nacional,Ley de Justicia
71,CGA,811000372,Antioquia,Medellín,Territorial,Servicio Público
72,MUNICIPIO DE RIONEGRO,890907317,Antioquia,Rionegro,Territorial,Servicio Público
73,SENA DISTRITO CAPITAL GRUPO DE APOYO ADMINISTRATIVO CGI,899999034,Distrito Capital de Bogotá,Bogotá,Nacional,Trabajo
74,EMPRESA DE DESARROLLO URBANO DE MEDELLIN,800223337,Antioquia,Medellín,Territorial,"Vivienda, Ciudad y Territorio"
75,SANTIAGO DE CALI DISTRITO ESPECIAL SECRETARIA DE VIVIENDA SOCIAL Y HABITAT,890399011,Valle del Cauca,Cali,Territorial,"Vivienda, Ciudad y Territorio"
76,AREA METROPOLITANA DEL VALLE DE ABURRA,890984423,Antioquia,No Definido,Territorial,Ambiente y Desarrollo Sostenible
77,FONDO DE DESARROLLO LOCAL DE BOSA,8999990615,Distrito Capital de Bogotá,Bogotá,Territorial,Servicio Público
78,ASOCIACION CABLE AEREO MANIZALES,900315506,Caldas,Manizales,Territorial,Transporte
79,INSTITUCION UNIVERSITARIA COLEGIO MAYOR DE ANTIOQUIA,890980134,Antioquia,Medellín,Territorial,Educación Nacional
80,HOSPITAL DEPARTAMENTAL SAN JUAN DE DIOS DE RIOSUCIO CALDAS E S E,890801989,Caldas,Riosucio,Territorial,Salud y Protección Social
81,UPRA,900479658,Distrito Capital de Bogotá,Bogotá,Nacional,agricultura
82,SUPERINTENDENCIA DE LA ECONOMIA SOLIDARIA,830053043,Distrito Capital de Bogotá,Bogotá,Nacional,Hacienda y Crédito Público
83,MUNICIPIO DE ACEVEDO,891180069,Huila,Acevedo,Territorial,Servicio Público
84,MUNICIPIO DE PEREIRA OFICIAL,891480030,Risaralda,Pereira,Territorial,Servicio Público
85,PNNC NC,830016624,Distrito Capital de Bogotá,No Definido,Nacional,Ambiente y Desarrollo Sostenible
86,PIEDECUESTANA DE SERVICIOS PUBLICOS,804005441,Santander,Piedecuesta,Territorial,No aplica/No pertenece
87,UNIDAD ADMINISTRATIVA ESPECIAL CUERPO OFICIAL DE BOMBEROS DE BOGOTA,899999061,Distrito Capital de Bogotá,Bogotá,Territorial,Ley de Justicia
88,HOSPITAL DE MANATI ATLANTICO E S E,802010401,Atlántico,Manatí,Nacional,Salud y Protección Social
89,SUPERSOCIEDADES,899999086,No Definido,No Definido,Nacional,Industria
90,ALCALDIA DE POPAYAN,891580006,Cauca,Popayán,Territorial,Servicio Público
91,EMPRESA DE SERVICIOS PUBLICOS DE ACUEDUCTO ALCANTARILLADO Y ASEO DEL MUNICIPIO DE APULO,900354769,Cundinamarca,Apulo,Territorial,No aplica/No pertenece
92,ALCALDIA MUNICIPAL DE VALLEDUPAR,800098911,Cesar,Valledupar,Territorial,Servicio Público
93,AEROCIVIL,899999059,Distrito Capital de Bogotá,No Definido,Nacional,Transporte
94,MUNICIPIO DE MONTERIA,800096734,Córdoba,Montería,Territorial,Servicio Público
95,IDARTES,900413030,Distrito Capital de Bogotá,Bogotá,Nacional,Cultura
96,CORPORACION AUTONOMA REGIONAL DE RISARALDA,891410354,Risaralda,Pereira,Corporación Autónoma,Ambiente y Desarrollo Sostenible
97,AREA METROPOLITANA DE BUCARAMANGA,890210581,Santander,Bucaramanga,Territorial,Planeación
98,ALCALDIA MUNICIPIO DE JAMUNDI,890399046,Valle del Cauca,Jamundí,Territorial,No aplica/No pertenece
99,PERSONERIA MUNICIPAL DE FUNZA,832000814,Cundinamarca,Funza,Nacional,Ley de Justicia
100,MUNICIPIO DE MARIPI,800024789,Boyacá,Maripí,Territorial,Servicio Público
101,MINISTERIO DE LAS CULTURAS LAS ARTES Y LOS SABERES,830034348,Distrito Capital de Bogotá,Bogotá,Nacional,Cultura
102,MUNICIPIO DE YUMBO VALLE,890399025,Valle del Cauca,No Definido,Territorial,Servicio Público
103,LOTERIA DE BOGOTA,899999270,Distrito Capital de Bogotá,Bogotá,Territorial,Hacienda y Crédito Público
104,AGENCIA NACIONAL DEL ESPECTRO,900334265,Distrito Capital de Bogotá,No Definido,Nacional,Tecnologías de la Información y las Comunicaciones
105,MUNICIPIO DE EL COCUY,891857844,Boyacá,El Cocuy,Territorial,No aplica/No pertenece
106,DEPARTAMENTO DEL META,8920001488,Meta,Villavicencio,Territorial,Servicio Público
107,FONDO NACIONAL DEL AHORRO,899999284,Distrito Capital de Bogotá,Bogotá,Nacional,"Vivienda, Ciudad y Territorio"
108,DEPARTAMENTO DE SANTANDER,890201235,Santander,Bucaramanga,Territorial,Servicio Público
109,CORMACARENA,822000091,Meta,Villavicencio,Nacional,Ambiente y Desarrollo Sostenible
110,E S E HOSPITAL ARSENIO REPIZO VANEGAS,891180113,Huila,San Agustín,Territorial,Salud y Protección Social
111,INSTITUCION EDUCATIVA TECNICA MARTIN POMALA,890703659,Tolima,Ataco,Territorial,Educación Nacional
112,CONTRALORIA MUNICIPAL DE VALLEDUPAR,892300310,Cesar,Valledupar,Nacional,Servicio Público
113,MUNICIPIO DE ENVIGADO,890907106,Antioquia,Envigado,Nacional,Cultura
114,FONDO UNICO DE TECNOLOGIAS DE LA INFORMACION Y LAS COMUNICACIONES,8001316486,Distrito Capital de Bogotá,Bogotá,Nacional,Tecnologías de la Información y las Comunicaciones
115,ESAP SEDE CENTRAL CUENTA OFICIAL,899999054,Distrito Capital de Bogotá,Bogotá,Nacional,Servicio Público
116,POLITECNICO COLOMBIANO JAIME ISAZA CADAVID,8909801366,Antioquia,Medellín,Territorial,No aplica/No pertenece
117,ALCALDIA MUNICIPIO DE ARAUCA,800102504,Arauca,Arauca,Territorial,Servicio Público
118,ALCALDIA DE FLORIDABLANCA,890205176,Santander,Floridablanca,Territorial,Servicio Público
119,DEPARTAMENTO ADMINISTRATIVO DE LA FUNCION PUBLICA ENTIDAD,899999020,Distrito Capital de Bogotá,Bogotá,Nacional,Servicio Público
120,INSTITUTO MUNICIPAL DE TRANSITO Y TRANSPORTEDE SOLEDAD,802021451,Atlántico,Soledad,Territorial,Transporte
121,ICBF REGIONAL SANTANDER,8999992391,Santander,Bucaramanga,Nacional,Salud y Protección Social
122,ALCALDIA MUNICIPIO DE SAN ROQUE,890980850,Antioquia,No Definido,Territorial,Servicio Público
123,CENTRAL ADMINISTRATIVA Y CONTABLE TELEMATICA,900332546,Cundinamarca,Facatativá,Nacional,defensa
124,COMERZIALIZADORA MERCABASTOS,824002182,Cesar,Valledupar,Territorial,Industria
125,INSTITUTO CARO Y CUERVO,899999096,Distrito Capital de Bogotá,Bogotá,Nacional,Cultura
126,ICBF REGIONAL GUAJIRA,899999239,La Guajira,No Definido,Nacional,No aplica/No pertenece
127,POLICIA METROPOLITANA DE CUCUTA,900259415,Norte de Santander,Cúcuta,Nacional,defensa
128,MUNICIPIO DE DAGUA,800100514,Valle del Cauca,Dagua,Territorial,No aplica/No pertenece
129,ESAP TERRITORIAL SANTANDER,800117540,Santander,Bucaramanga,Nacional,Educación Nacional
130,ARMADA NACIONAL BASE NAVAL NO 6 ARC BOGOTA,800141644,Distrito Capital de Bogotá,Bogotá,Nacional,defensa
131,UNIDAD DE SERVICIOS PENITENCIARIOS Y CARCELARIOS USPEC1,900523392,Distrito Capital de Bogotá,Bogotá,Nacional,Ley de Justicia
132,ALCALDIA MUNICIPAL DE SASAIMA,800094752,Cundinamarca,Sasaima,Territorial,Servicio Público
133,MUNICIPIO DE MONTERREY,891857824,Casanare,Monterrey,Territorial,Servicio Público
134,ESE HOSPITAL UNIVERSITARIO JULIO MENDEZ BARRENECHE,891780185,Magdalena,Santa Marta,Territorial,Salud y Protección Social
135,COMPUTADORES PARA EDUCAR,830079479,Distrito Capital de Bogotá,No Definido,Nacional,Tecnologías de la Información y las Comunicaciones
136,LOTERIA DE CUNDINAMARCA,860037234,Distrito Capital de Bogotá,No Definido,Territorial,No aplica/No pertenece
137,CORPORACION AUTONOMA REGIONAL DE CUNDINAMARCA CAR,899999062,Distrito Capital de Bogotá,No Definido,Corporación Autónoma,Ambiente y Desarrollo Sostenible
138,MUNICIPIO DE SOACHA,800094755,Cundinamarca,Soacha,Territorial,"Vivienda, Ciudad y Territorio"
139,ALCALDIA LOCAL DE KENNEDY,899999061,Distrito Capital de Bogotá,No Definido,Territorial,Servicio Público
140,MUNICIPIO DE PESCA,891856464,Boyacá,Pesca,Territorial,Hacienda y Crédito Público
141,EMPRESAS PUBLICAS DE RISARALDA,900259215,Risaralda,Pereira,Territorial,"Vivienda, Ciudad y Territorio"
142,DISPENSARIO MEDICO DE CALI,830039670,Valle del Cauca,Cali,Nacional,Salud y Protección Social
143,MINISTERIO DEL DEPORTE,899999306,Distrito Capital de Bogotá,Bogotá,Nacional,deportes
144,INSTITUTO COLOMBIANO AGROPECUARIO ICA,899999069,Distrito Capital de Bogotá,Bogotá,Nacional,agricultura
145,GOBERNACION NORTE DE SANTANDER,800103927,Norte de Santander,Cúcuta,Territorial,No aplica/No pertenece
146,SENA REGIONAL DISTRITO CAPITAL GRUPO DE APOYO ADMINISTRATIVO MIXTO CSF,899999034,Distrito Capital de Bogotá,No Definido,Nacional,Trabajo
147,INSTITUTO DE FINANCIAMIENTO PROMOCION Y DESARROLLO DE CALDAS,8908060063,Caldas,Manizales,Territorial,No aplica/No pertenece
148,UNIDAD ADMINISTRATIVA ESPECIAL DE GESTION DE RESTITUCION DE TIERRAS DESPOJADAS,900498879,Distrito Capital de Bogotá,Bogotá,Nacional,Inclusión Social y Reconciliación
149,DIRECCION GENERAL MARITIMA SUBDIRECCION ADMINISTRATIVA Y FINANCIERA SUBAFIN,830027904,Distrito Capital de Bogotá,No Definido,Nacional,defensa
150,POLICIA METROPOLITANA DE BARRANQUILLA,900263078,Atlántico,Barranquilla,Territorial,defensa
151,MUNICIPIO DE MANIZALES,890801053,Caldas,Manizales,Territorial,Servicio Público
152,ICBF REGIONAL ANTIOQUIA,899999239,Antioquia,Medellín,Nacional,Salud y Protección Social
153,ALCALDIA CIMITARRA,890208363,Santander,Cimitarra,Nacional,Servicio Público
154,ALCALDIA LOCAL DE CHAPINERO FONDO DE DESARROLLO LOCAL,899999061,Distrito Capital de Bogotá,Bogotá,Territorial,interior
155,METRO CALI ACUERDO DE REESTRUCTURACION,805013171,Valle del Cauca,Cali,Territorial,Transporte
156,MUNICIPIO DE PAYA,800065411,Boyacá,Paya,Territorial,Servicio Público
157,ALCALDIA MUNICIPIO DE MANZANARES,890802505,Caldas,Manzanares,Territorial,Presidencia de la República
158,IDRY,800117801,Casanare,Yopal,Territorial,deportes
159,UNIDAD ADMINISTRATIVA ESPECIAL DIRECCION NACIONAL DE BOMBEROS,900639630,Distrito Capital de Bogotá,No Definido,Nacional,Servicio Público
160,ALCALDIA MUNICIPAL FUSAGASUGA,890680008,Cundinamarca,Fusagasugá,Territorial,No aplica/No pertenece
161,MINISTERIO DE EDUCACION NACIONAL MEN,899999001,Distrito Capital de Bogotá,Bogotá,Nacional,Educación Nacional
162,FUERZA AEROESPACIAL COLOMBIANA,899999102,Distrito Capital de Bogotá,Bogotá,Nacional,defensa
163,GOBERNACION DEL QUINDIO ARMENIA,890001639,Quindío,Armenia,Territorial,No aplica/No pertenece
164,MUNICIPIO DE TENJO,800095174,Cundinamarca,Tenjo,Territorial,No aplica/No pertenece
165,PERSONERIA MUNICIPAL DE MANZANARES,890802505,Caldas,Manzanares,Territorial,Servicio Público
166,INSTITUTO DEPARTAMENTAL DE CULTURA DEL META,822002144,Meta,Villavicencio,Territorial,Cultura
167,MINISTERIO DEL INTERIOR,830114475,Distrito Capital de Bogotá,Bogotá,Nacional,interior
168,INRAVISION,900002583,Distrito Capital de Bogotá,Bogotá,Nacional,Tecnologías de la Información y las Comunicaciones
169,EMPRESA SOCIAL DEL ESTADO HOSPITAL SANTA ANA NIVEL I,800193490,No Definido,No Definido,Territorial,Salud y Protección Social
170,COMISION NACIONAL DEL SERVICIO CIVIL,900003409,Distrito Capital de Bogotá,No Definido,Nacional,No aplica/No pertenece
171,FONDO DE PREVISION SOCIAL DEL CONGRESO DE LA REPUBLICA,899999734,Distrito Capital de Bogotá,Bogotá,Nacional,Salud y Protección Social
172,ALCALDIA DE SALGAR,890980577,Antioquia,Salgar,Territorial,Servicio Público
173,UNIDAD ADMINISTRATIVA ESPECIAL MIGRACION,900477235,Distrito Capital de Bogotá,Bogotá,Nacional,Relaciones Exteriores
174,ESAP TERRITORIAL BOLIVAR,800248529,Bolívar,Cartagena,Nacional,Educación Nacional
175,ESO RIONEGRO,900984614,Antioquia,Rionegro,Territorial,No aplica/No pertenece
176,SENA REGIONAL ANTIOQUIA GRUPO ADMINISTRATIVO CIAA,899999034,Antioquia,Rionegro,Nacional,Trabajo
177,DEPARTAMENTO DEL ATLANTICO,890102006,Atlántico,Barranquilla,Territorial,Servicio Público
178,ALCALDIA MUNICIPIO DE DOSQUEBRADAS,800099310,Risaralda,Dosquebradas,Territorial,Servicio Público
179,INSTITUTO NACIONAL PENITENCIARIO Y CARCELARIO INPEC,800215546,Distrito Capital de Bogotá,Bogotá,Nacional,No aplica/No pertenece
180,COMPRA EFICIENTE,900514813,Distrito Capital de Bogotá,Bogotá,Nacional,Planeación
181,MINISTERIO DE HACIENDA Y CREDITO PUBLICO,899999090,Distrito Capital de Bogotá,No Definido,Nacional,Hacienda y Crédito Público
182,ALCALDIA MUNICIPAL DE TURBANA,890481324,Bolívar,Turbaná,Nacional,Servicio Público
183,AGENCIA DE EDUCACION POSTSECUNDARIA DE MEDELLIN SAPIENCIA,900602106,Antioquia,Medellín,Territorial,Educación Nacional
184,COMANDO GENERAL DE LAS FUERZAS MILITARES,800230729,Distrito Capital de Bogotá,Bogotá,Nacional,defensa
185,EMPRESAS MUNICIPALES DE TULUA,891900268,Valle del Cauca,Tuluá,Territorial,No aplica/No pertenece
186,UNIDAD DE BUSQUEDA DE PERSONAS DESAPARECIDAS,901158482,Distrito Capital de Bogotá,Bogotá,Nacional,Ley de Justicia
187,DISTRISEGURIDAD,806013404,Bolívar,Cartagena,Territorial,No aplica/No pertenece
188,E S E CENTRO HOSPITAL LUIS ANTONIO MONTERO,814003182,Nariño,Potosí,Territorial,Salud y Protección Social
189,DISTRITO DE TURBO,890981138,Antioquia,Turbo,Territorial,No aplica/No pertenece
190,UNIDAD EJECUTORA DE SANEAMIENTO DEL VALLE DEL CAUCA,805018833,Valle del Cauca,Cali,Territorial,Salud y Protección Social
191,ALCALDIA LOCAL DE FONTIBON,899999061,Distrito Capital de Bogotá,Bogotá,Territorial,Servicio Público
192,SUPERINTENDENCIA FINANCIERA DE,890999057,Distrito Capital de Bogotá,Bogotá,Nacional,Hacienda y Crédito Público
193,INSTITUCION EDUCATIVA RURAL SAN PEDRO CLAVER,900045175,Caquetá,Cartagena Del Chairá,Territorial,No aplica/No pertenece
194,ALCALDIA DEL DISTRITO TURISTICO Y CULTURAL DE CARTAGENA DE INDIAS,890480184,Bolívar,Cartagena,Territorial,No aplica/No pertenece
195,CANAL CAPITAL,830012587,Distrito Capital de Bogotá,No Definido,Territorial,Cultura
196,INSTITUTO NACIONAL DE SALUD,899999403,Distrito Capital de Bogotá,Bogotá,Nacional,Salud y Protección Social
197,E S E HOSPITAL FRAY LUIS DE LEON,819001483,Magdalena,Plato,Territorial,Salud y Protección Social
198,MUNICIPIO DE YOPAL,891855017,Casanare,Yopal,Territorial,Servicio Público
199,CONCEJO MUNICIPAL AGUAZUL CASANARE,844000674,Casanare,Aguazul,Territorial,Servicio Público
200,CONTRALORIA GENERAL DEL DEPARTAMENTO DEL MAGDALENA,891780092,Magdalena,Santa Marta,Territorial,No aplica/No pertenece
201,MINISTERIO DE AGRICULTURA Y DESARROLLO RURAL,899999028,Distrito Capital de Bogotá,Bogotá,Nacional,agricultura
202,FUNDACION GILBERTO ALZATE AVENDANO,860044113,Distrito Capital de Bogotá,No Definido,Territorial,Cultura
203,INSTITUCION UNIVERSITARIA DE BARRANQUILLA IUB,802011065,Atlántico,Barranquilla,Territorial,Educación Nacional
204,UAECD,900127768,Distrito Capital de Bogotá,Bogotá,Territorial,Hacienda y Crédito Público
205,FONDO FINANCIERO DISTRITAL DE SALUD,8002469532,Distrito Capital de Bogotá,No Definido,Territorial,Salud y Protección Social
206,SENA REGIONAL ATLANTICO,899999034,Atlántico,Barranquilla,Nacional,Educación Nacional
207,INSTITUTO PARA LA EDUCACION FISICA LA RECREACION Y EL DEPORTE DE DUITAMA,826000522,No Definido,No Definido,Territorial,deportes
208,ANM,900500018,Distrito Capital de Bogotá,Bogotá,Nacional,Minas y Energía
209,ALCALDIA SAN PABLO DE BORBUR,891801369,Boyacá,San Pablo De Borbur,Nacional,Servicio Público
210,ALCALDIA MUNICIPAL DE CHINCHINA,890801133,Caldas,Chinchiná,Territorial,Servicio Público
211,SUPERINTENDENCIA DE TRANSPORTE,800170433,Distrito Capital de Bogotá,Bogotá,Nacional,Transporte
212,HOSMI,8907006944,Tolima,Rioblanco,Territorial,Salud y Protección Social
213,EMPRESA DE VIVIENDA Y DESARROLLO URBANO Y RURAL DEL MUNICIPIO DE ENVIGADO,901387801,Antioquia,Envigado,Territorial,"Vivienda, Ciudad y Territorio"
214,MUNICIPIO DE OTANCHE,891801362,No Definido,No Definido,Territorial,No aplica/No pertenece
215,SENA REGIONAL ATLANTICO INTERCENTROS,899999034,Atlántico,Barranquilla,Nacional,Transporte
216,FABRICA DE LICORES Y ALCOHOLES DE ANTIOQUIA,901436775,Antioquia,Itagui,Corporación Autónoma,Industria
217,MUNICIPIO DE DUITAMA,891855138,Boyacá,Duitama,Territorial,Servicio Público
218,REGION DE PLANEACION Y GESTION DEL BAJO CAUCA,901500213,Antioquia,Caucasia,Territorial,No aplica/No pertenece
219,RAMA JUDICIAL DIRECCION SECCIONAL DE ADMINISTRACION JUDICIAL DE CARTAGENA,800165831,Bolívar,Cartagena,Nacional,Ley de Justicia
220,SECRETARIA DE EDUCACION DEL DISTRITO,8999990619,Distrito Capital de Bogotá,No Definido,Territorial,Educación Nacional
221,SECRETARIA DISTRITAL DE HACIENDA,899999061,Distrito Capital de Bogotá,No Definido,Territorial,Hacienda y Crédito Público
222,MUNICIPIO DE BUENAVISTA QUINDIO,890001879,Quindío,Buenavista,Territorial,Servicio Público
223,CORPORACION AUTONOMA REGIONAL DE LA ORINOQUIA,832000283,Casanare,Yopal,Nacional,Ambiente y Desarrollo Sostenible
224,ALCALDIA DE PASTO,891280000,Nariño,Pasto,Territorial,Servicio Público
225,ALCALDIA MUNICIPAL DE PUERTO BOYACA BOYACA,891800466,Boyacá,Puerto Boyacá,Territorial,No aplica/No pertenece
226,ALCALDIA MUNICIPAL DE FACATATIVA,899999328,Cundinamarca,Facatativá,Territorial,No aplica/No pertenece
227,METRO DE BOGOTA,901038962,Distrito Capital de Bogotá,Bogotá,Territorial,Transporte
228,ICBF REGIONAL CUNDINAMARCA,899999239,Distrito Capital de Bogotá,No Definido,Nacional,No aplica/No pertenece
229,AUDITORIA GENERAL DE LA REPUBLICA,830065741,Distrito Capital de Bogotá,No Definido,Nacional,No aplica/No pertenece
230,AGENCIA CATASTRAL DE CUNDINAMARCA,901421041,Distrito Capital de Bogotá,Bogotá,Territorial,Planeación
231,MEPAS,900807338,Nariño,Pasto,Territorial,defensa
232,FONDO DE GESTION DEL RIESGO DE DESASTRES DEL DEPARTAMENTO DEL CASANARE,901252840,Casanare,Yopal,Territorial,Planeación
233,INSTITUTO PARA LA ECONOMIA SOCIAL IPES,899999446,Distrito Capital de Bogotá,Bogotá,Nacional,Industria
234,DIRECCION GENERAL DE SANIDAD MILITAR,8300396705,Distrito Capital de Bogotá,No Definido,Nacional,defensa
235,MINISTERIO DE TRANSPORTE,899999055,Distrito Capital de Bogotá,Bogotá,Nacional,Transporte
236,DEPARTAMENTO ADMINISTRATIVO TIC ALCALDIA DE TULUA,891900272,Valle del Cauca,Tuluá,Territorial,Servicio Público
237,MUNICIPIO DE BARBOSA,890980445,Antioquia,Barbosa,Territorial,Servicio Público
238,ESCUELA TECNOLOGICA INSTITUTO TECNICO CENTRAL,860523694,Distrito Capital de Bogotá,Bogotá,Nacional,Educación Nacional
239,ALCALDIA MUNICIPAL DE AQUITANIA,800077545,Boyacá,Aquitania,Territorial,Servicio Público
240,MUNICIPIO DE NEIVA,891180009,Huila,Neiva,Territorial,Servicio Público
241,ALCALDIA DE TABIO,899999443,Cundinamarca,Tabio,Territorial,No aplica/No pertenece
242,HOSMIL,830040256,Distrito Capital de Bogotá,No Definido,Nacional,defensa
243,TERMINAL DE TRANSPORTES DE MANIZALES,8908032858,Caldas,Manizales,Territorial,Transporte
244,DEPARTAMENTO ADMINISTRATIVO DEL SERVICIO CIVIL DISTRITAL,8999990619,Distrito Capital de Bogotá,No Definido,Territorial,Servicio Público
245,AGENCIA NACIONAL DE TIERRAS ANT,900948953,Distrito Capital de Bogotá,Bogotá,Nacional,agricultura
246,SENA REGIONAL CASANARE GRUPO ADMINISTRATIVO MIXTO,899999034,Casanare,Yopal,Nacional,Trabajo
247,SECRETARIA DISTRITAL DE AMBIENTE,899999061,Distrito Capital de Bogotá,Bogotá,Territorial,Ambiente y Desarrollo Sostenible
248,EMPRESA SOCIAL DEL ESTADO DEL DEPARTAMENTO DEL META E S E,822006595,Meta,Villavicencio,Territorial,Salud y Protección Social
249,SECRETARIA DISTRITAL DE PLANEACION,899999061,Distrito Capital de Bogotá,No Definido,Territorial,Planeación
250,ALCALDIA MUNICIPAL DE SACAMA,800103663,Casanare,Sácama,Territorial,No aplica/No pertenece
251,SECRETARIA JURIDICA DISTRITAL,899999061,Distrito Capital de Bogotá,Bogotá,Territorial,Servicio Público
252,EMPRESA SOCIAL DEL ESTADO HOSPITAL SAN RAFAEL DE FACATATIVA,899999151,Cundinamarca,Facatativá,Territorial,Salud y Protección Social
253,GOBERNACION DEL VALLE DEL CAUCA SECRETARIA DE EDUCACION,890399029,Valle del Cauca,Cali,Territorial,Educación Nacional
254,ALCALDIA DE CAUCASIA,890906445,Antioquia,Caucasia,Territorial,No aplica/No pertenece
255,CONTRALORIA MUNICIPAL DE BARRANCABERMEJA,8290007456,Santander,Barrancabermeja,Territorial,Servicio Público
256,UARIV UNIDAD PARA LA ATENCION Y REPARACION INTEGRAL A LAS VICTIMAS,900490473,Distrito Capital de Bogotá,Bogotá,Nacional,Inclusión Social y Reconciliación
257,GOBERNACION DEL VALLE DEL CAUCA SECRETARIA DE LAS TECNOLOGIAS DE LA INFORMACION Y LAS COMUNICACIONES,890399029,Valle del Cauca,Cali,Territorial,No aplica/No pertenece
258,CONCEJO MUNICIPAL DE PASTO,814002022,Nariño,No Definido,Territorial,Servicio Público
259,ALCALDIA MUNICIPAL LA TEBAIDA QUINDIO,890000564,Quindío,La Tebaida,Territorial,No aplica/No pertenece
260,SENA REGIONAL BOLIVAR GRUPO DE APOYO ADMINISTRATIVO MIXTO,899999034,Bolívar,Cartagena,Nacional,Trabajo
261,DEPARTAMENTO DE CUNDINAMARCA SECRETARIA DE GOBIERNO,899999114,Distrito Capital de Bogotá,No Definido,Territorial,No aplica/No pertenece
262,SENA REGIONAL TOLIMA 1,899999034,Tolima,Ibagué,Nacional,Trabajo
263,E S E INSTITUTO DE SALUD DE BUCARAMANGA,800084206,Santander,No Definido,Territorial,Salud y Protección Social
264,UNIDAD DE SALUD DE IBAGUE U S I E S E,809003590,Tolima,No Definido,Territorial,Salud y Protección Social
265,INSTITUTO DE HIDROLOGIA METEOROLOGIA Y ESTUDIOS AMBIENTALES,830000602,Distrito Capital de Bogotá,Bogotá,Nacional,Ambiente y Desarrollo Sostenible
266,INSTITUTO UNIVERSITARIO DE LA PAZ,800024581,No Definido,No Definido,Territorial,Educación Nacional
267,ALCALDIA MUNICIPAL DE ARMERO GUAYABAL,890700982,Tolima,Armero,Territorial,Servicio Público
268,ICBF REGIONAL META,899999239,Meta,No Definido,Nacional,Salud y Protección Social
269,ALCALDIA MUNICIPIO DE CALDAS BOYACA,891801796,Boyacá,Caldas,Territorial,No aplica/No pertenece
270,CONCEJO MUNICIPAL DE FUNZA,832001640,Cundinamarca,Funza,Territorial,Servicio Público
271,FONDO ROTATORIO DE LA REGISTRADURIA,899999737,Distrito Capital de Bogotá,No Definido,Nacional,No aplica/No pertenece
272,COMANDO AEREO DE MANTENIMIENTO,800141641,Cundinamarca,Madrid,Nacional,defensa
273,UNIDAD ADMINISTRATIVA ESPECIAL JUNTA CENTRAL DE CONTADORES,900180739,Distrito Capital de Bogotá,No Definido,Nacional,Industria
274,SENA REGIONAL ATLANTICO CENTRO PARA EL DESARROLLO AGROECOLOGICO Y AGROINDUSTRIAL,899999034,Atlántico,Sabanalarga,Nacional,Trabajo
275,DEPARTAMENTO DE ANTIOQUIA,890900286,Antioquia,Medellín,Territorial,Servicio Público
276,JARDIN BOTANICO JOSE CELESTINO MUTIS,860030197,Distrito Capital de Bogotá,Bogotá,Territorial,Ambiente y Desarrollo Sostenible
277,SECRETARIA DISTRITAL DE MOVILIDAD,8999990619,Distrito Capital de Bogotá,Bogotá,Territorial,Transporte
278,ALCALDIA LOCAL DE CIUDAD BOLIVAR,899999061,Distrito Capital de Bogotá,Bogotá,Territorial,Servicio Público
279,MUNICIPIO DE CHOCONTA,899999357,Cundinamarca,Chocontá,Nacional,No aplica/No pertenece
280,GOBERNACION DEPARTAMENTO DEL PUTUMAYO,800094164,Putumayo,Mocoa,Territorial,Servicio Público
281,INSTITUCION EDUCATIVA EL PALMAR,900032861,Tolima,Coyaima,Territorial,Educación Nacional
282,EMPRESA SOCIAL DEL ESTADO HOSPITAL BENJAMIN BARNEY GASCA,891380055,Valle del Cauca,Florida,Territorial,Salud y Protección Social
283,DEPARTAMENTO NACIONAL DE PLANEACION,899999011,Distrito Capital de Bogotá,Bogotá,Nacional,Planeación
284,ICBF RISARALDA,899999239,Caldas,Risaralda,Nacional,Salud y Protección Social
285,SUPERINTENDENCIA DE SERVICIOS PUBLICOS DOMICILIARIOS,800250984,Distrito Capital de Bogotá,Bogotá,Nacional,Planeación
286,ICBF SEDE NACIONAL,899999239,Distrito Capital de Bogotá,No Definido,Nacional,Inclusión Social y Reconciliación
287,SENA REGIONAL CUNDINAMARCA GRUPO ADMINISTRATIVO CDAE,899999034,Cundinamarca,Villeta,Nacional,Trabajo
288,ALCALDIA MUNICIPAL DE PALMAS DEL SOCORRO,800003253,Santander,Palmas Del Socorro,Territorial,Servicio Público
289,DEFENSORIA DEL PUEBLO,800186061,Distrito Capital de Bogotá,Bogotá,Nacional,Servicio Público
290,MUNICIPIO DE LA ESTRELLA,890980782,Antioquia,La Estrella,Territorial,No aplica/No pertenece
291,ESCUELA SUPERIOR DE GUERRA,830002634,Distrito Capital de Bogotá,No Definido,Nacional,defensa
292,MUNICIPIO DE SAN AGUSTIN,891180056,Huila,San Agustín,Territorial,No aplica/No pertenece
293,ALCALDIA MUNICIPAL DE BOJACA,800094622,Cundinamarca,Bojacá,Territorial,Servicio Público
294,ALCALDIA MUNICIPAL DE CANDELARIA VALLE,891380038,Valle del Cauca,Candelaria,Territorial,Servicio Público
295,SECRETARIA DISTRITAL DE LA MUJER,899999061,Distrito Capital de Bogotá,Bogotá,Territorial,Servicio Público
296,SENA REGIONAL BOYACA GRUPO ADMINISTRATIVO CGAFE,899999034,Boyacá,Tunja,Nacional,Trabajo
297,MUNICIPIO DE ZARZAL,891900624,Valle del Cauca,No Definido,Territorial,Servicio Público
298,UNIDAD ADMINISTRATIVA ESPECIAL DE PENSIONES DE CUNDINAMARCA,900594384,Distrito Capital de Bogotá,No Definido,Territorial,Salud y Protección Social
299,RED SALUD CASANARE E S E,8440041972,Casanare,Yopal,Territorial,Salud y Protección Social
300,INSTITUTO FINANCIERO PARA EL DESARROLLO DEL VALLE INFIVALLE,890308051,Valle del Cauca,Cali,Territorial,Hacienda y Crédito Público
301,UNIDAD ADMINISTRATIVA ESPECIAL DE REHABILITACION Y MANTENIMIENTO VIAL,900127032,Distrito Capital de Bogotá,Bogotá,Territorial,Servicio Público
302,MUNICIPIO DE EL SANTUARIO ANTIOQUIA,890983813,Antioquia,El Santuario,Territorial,No aplica/No pertenece
303,HOSPITAL SAN RAFAEL EL CERRITO,891380103,Valle del Cauca,El Cerrito,Nacional,Salud y Protección Social
304,INSTITUTO DE DESARROLLO URBANO,899999081,Distrito Capital de Bogotá,Bogotá,Territorial,No aplica/No pertenece
305,PROCURADURIA GENERAL DE LA NACION,899999119,Distrito Capital de Bogotá,Bogotá,Nacional,No aplica/No pertenece
306,CONCEJO MUNICIPAL DE YUMBO,805009462,Valle del Cauca,No Definido,Territorial,No aplica/No pertenece
307,INVIAS,800215807,Distrito Capital de Bogotá,Bogotá,Nacional,Transporte
308,ESAP TERRITORIAL ATLANTICO,800117522,Atlántico,Barranquilla,Nacional,Educación Nacional
309,SECRETARIA DISTRITAL DEL HABITAT,899999061,Distrito Capital de Bogotá,No Definido,Territorial,"Vivienda, Ciudad y Territorio"
310,EMPRESA DE RENOVACION Y DESARROLLO URBANO DE BOGOTA D C,830144890,Distrito Capital de Bogotá,Bogotá,Territorial,"Vivienda, Ciudad y Territorio"
311,ASOCAPITALES,900638550,Distrito Capital de Bogotá,Bogotá,Territorial,Planeación
312,ESE HOSPITAL SAN FRANCISCO DE ASIS,800133887,Antioquia,San Francisco,Territorial,Salud y Protección Social
313,CORPORACION AUTONOMA REGIONAL DEL GUAVIO CORPOGUAVIO OFICIAL,832000171,Cundinamarca,Gachala,Corporación Autónoma,Ambiente y Desarrollo Sostenible
314,CONTRALORIA GENERAL DE LA REPUBLICA GERENCIA DEPARTAMENTAL VICHADA,899999067,No Definido,No Definido,Nacional,No aplica/No pertenece
315,GOBERNACION DE BOYACA,891800498,Boyacá,Tunja,Territorial,Servicio Público
316,MINTRABAJO NIVEL CENTRAL,830115226,Distrito Capital de Bogotá,Bogotá,Nacional,Trabajo
317,SERVICIO GEOLOGICO COLOMBIANO,899999294,Distrito Capital de Bogotá,Bogotá,Nacional,Minas y Energía
318,DEPARTAMENTO ADMINISTRATIVO NACIONAL DE ESTADISTICA DANE,899999027,Distrito Capital de Bogotá,Bogotá,Nacional,Información Estadística
319,INSTITUTO MUNICIPAL DE CULTURA Y TURISMO DE CAJICA,900132302,Cundinamarca,Cajicá,Territorial,Cultura
320,FONDO DE DESARROLLO DE PROYECTOS DE CUNDINAMARCA,900258772,Distrito Capital de Bogotá,Bogotá,Territorial,No aplica/No pertenece
321,BIBLIOTECA PUBLICA PILOTO DE MEDELLIN PARA AMERICA LATINA,890980150,Antioquia,Medellín,Territorial,Cultura
322,FISCALIA GENERAL DE LA NACION NIVEL CENTRAL,800152783,Distrito Capital de Bogotá,Bogotá,Nacional,Ley de Justicia
323,INDER SESQUILE,832001061,Cundinamarca,No Definido,Territorial,deportes
324,ALCALDIA DEL MUNICIPIO DE ACACIAS,892001457,Meta,Acacías,Territorial,Servicio Público
325,MUNICIPIO DE BOAVITA,891856294,Boyacá,Boavita,Territorial,Servicio Público
326,CPMSBEL,811009884,Antioquia,Bello,Nacional,Ley de Justicia
327,VEEDURIA DISTRITAL,899999061,Distrito Capital de Bogotá,No Definido,Territorial,Servicio Público
328,MUNICIPIO DE LA CALERA CUNDINAMARCA,899999712,Cundinamarca,La Calera,Territorial,No aplica/No pertenece
329,CONCEJO MUNICIPAL DE BELLO,890980112,Antioquia,Bello,Territorial,Servicio Público
330,CONTRALORIA DEPARTAMENTAL DE CASANARE,800183912,Casanare,No Definido,Territorial,No aplica/No pertenece
331,AREA METROPOLITANA CENTRO OCCIDENTE,891410902,Risaralda,Pereira,Territorial,Planeación
332,INSTITUCION EDUCATIVA TECNICA AGROINDUSTRIAL JUAN XXIII,800002221,Tolima,Coyaima,Territorial,Educación Nacional
333,EMPRESA DE ACUEDUCTO ALCANTARILLADO Y ASEO DEL ESPINAL,890704204,Tolima,Espinal,Territorial,No aplica/No pertenece
334,SENA REGIONAL ANTIOQUIA CENTRO DE LOS RECURSOS NATURALES RENOVABLES LA SALADA,899999034,Antioquia,Caldas,Nacional,Trabajo
335,ALCALDIA MUNICIPAL DE LA VICTORIA VALLE,800100524,Valle del Cauca,No Definido,Territorial,Servicio Público
336,CORTOLIMA,890704536,Tolima,Ibagué,Nacional,Servicio Público
337,ESCUELA NACIONAL DE CARABINEROS POLICIA NACIONAL,800141208,Cundinamarca,Facatativá,Nacional,defensa
338,ALCALDIA MUNICIPAL DE EL AGRADO HUILA,8911801399,Huila,Agrado,Territorial,Servicio Público
339,MUNICIPIO SAN VICENTE FERRER,890982506,Antioquia,San Vicente,Territorial,No aplica/No pertenece
340,E S E HOSPITAL REGIONAL SUR ORIENTAL,807008827,Norte de Santander,Chinácota,Territorial,Salud y Protección Social
341,CENTRO DE DIAGNOSTICO AUTOMOTOR DEL VALLE LIMITADA,890311425,Valle del Cauca,Cali,Territorial,Transporte
342,FONDO DE PRESTACIONES ECONOMICAS CESANTIAS Y PENSIONES,860041163,Distrito Capital de Bogotá,No Definido,Territorial,Hacienda y Crédito Público
343,MUNICIPIO DE ARMENIA QUINDIO,890000464,Quindío,Armenia,Territorial,Servicio Público
344,SECRETARIA DE MOVILIDAD Y TRANSPORTE,890399029,Valle del Cauca,Cali,Territorial,Transporte
345,CORPOCESAR,892301483,Cesar,No Definido,Corporación Autónoma,Ambiente y Desarrollo Sostenible
346,GOBERNACION DEL HUILA,800103913,Huila,No Definido,Territorial,Servicio Público
347,ICBF REGIONAL CAUCA,899999239,Cauca,Popayán,Nacional,Salud y Protección Social
348,CENTRO DE COMERCIO Y SERVICIOS SENA REGIONAL CAUCA,899999034,Cauca,Popayán,Nacional,Trabajo
349,CONTRALORIA MUNICIPAL DE VILLAVICENCIO,892003636,Meta,Villavicencio,Territorial,Servicio Público
350,MUNICIPIO DE ANSERMA CALDAS,890801139,Caldas,Anserma,Territorial,No aplica/No pertenece
351,SENA REGIONAL CALDAS CENTRO DE AUTOMATIZACION INDUSTRIAL,899999034,Caldas,Manizales,Nacional,Salud y Protección Social
352,ALCALDIA DISTRITAL BARRANCABERMEJA,890201900,Santander,No Definido,Territorial,Servicio Público
353,ESE HOSPITAL DEPARTAMENTAL UNIVERSITARIO DEL QUINDIO SAN JUAN DE DIOS,800000118,Quindío,Armenia,Nacional,Salud y Protección Social
354,UPME,830000282,Distrito Capital de Bogotá,Bogotá,Nacional,Minas y Energía
355,ICBF REGIONAL VALLE DEL CAUCA,899999239,Valle del Cauca,Cali,Nacional,Salud y Protección Social
356,DEPARTAMENTO ADMINISTRATIVO NACIONAL DE ESTADISTICA DIR TER NOROCCIDENTE DANE NOROCCIDENTE,899999027,Antioquia,No Definido,Nacional,Información Estadística
357,DEPARTAMENTO ADMINISTRATIVO DE TRANSITO Y TRANSPORTE DE VILLA DEL ROSARIO,900004811,Norte de Santander,Villa Del Rosario,Territorial,No aplica/No pertenece
358,PARQUES NACIONALES NATURALES DE DIRECCION TERRITORIAL CARIBE,819000759,Bolívar,Cartagena,Territorial,Ambiente y Desarrollo Sostenible
359,MINISTERIO DE COMERCIO INDUSTRIA Y TURISMO MINCIT,830115297,Distrito Capital de Bogotá,Bogotá,Nacional,Industria
360,MUNICIPIO DE PUERTO ASIS PUTUMAYO,891200461,Putumayo,Puerto Asís,Territorial,Servicio Público
361,MUNICIPIO DE ANDES,890980342,Antioquia,Andes,Territorial,Servicio Público
362,SENA REGIONAL CUNDINAMARCA GRUPO ADMINISTRATIVO CBA,8999990341,Cundinamarca,Mosquera,Nacional,Trabajo
363,RAMA JUDICIAL DIRECCION SECCIONAL DE ADMINISTRACION JUDICIAL DE VILLAVICENCIO,8220012289,No Definido,No Definido,Nacional,Ley de Justicia
364,CONCEJO MUNICIPAL DE COVENAS SUCRE,823004035,Sucre,Coveñas,Territorial,No aplica/No pertenece
365,SUBRED INTEGRADA DE SERVICIO DE SALUD CENTRO ORIENTE E S E 1,900959051,Distrito Capital de Bogotá,No Definido,Territorial,Salud y Protección Social
366,CORPOAMAZONIA CORPORACION PARA EL DESARROLLO SOSTENIBLE DEL SUR DE LA AMAZONIA1,800252844,Putumayo,Mocoa,Nacional,Ambiente y Desarrollo Sostenible
367,COMISION DE REGULACION DE COMUNICACIONES,830002593,Distrito Capital de Bogotá,Bogotá,Nacional,Tecnologías de la Información y las Comunicaciones
368,COMISION DE REGULACION DE ENERGIA Y GAS,9000349931,Distrito Capital de Bogotá,Bogotá,Nacional,Minas y Energía
369,IDRD ENTIDAD OFICIAL,860061099,Distrito Capital de Bogotá,Bogotá,Territorial,Cultura
370,MUNICIPIO DE GRANADA,890983728,Antioquia,Granada,Territorial,Servicio Público
371,ALCALDIA MUNICIPAL DE SAN MARTIN CESAR,892301093,Cesar,San Martín,Territorial,No aplica/No pertenece
372,CONTRALORIA MUNICIPAL DE PEREIRA,800182573,Risaralda,No Definido,Territorial,No aplica/No pertenece
373,GOBERNACION DEL AMAZONAS,899999336,Amazonas,Leticia,Territorial,Servicio Público
374,CAJA DE RETIRO DE LAS FUERZAS MILITARES,899999118,Distrito Capital de Bogotá,Bogotá,Nacional,defensa
375,PERSONERIA DE BOGOTA,899999061,Distrito Capital de Bogotá,No Definido,Corporación Autónoma,Trabajo
376,EMPRESA DE ENERGIA DE CASANARE,844004576,Casanare,Yopal,Territorial,Minas y Energía
377,ICBF REGIONAL QUINDIO,899999239,Quindío,Armenia,Nacional,Salud y Protección Social
378,JEP,901140004,Distrito Capital de Bogotá,Bogotá,Nacional,No aplica/No pertenece
379,SECRETARIA DISTRITAL DE DESARROLLO ECONOMICO ALCALDIA BOGOTA,8999990619,Distrito Capital de Bogotá,No Definido,Territorial,Industria
380,CENAC CONVENIOS,900973540,Distrito Capital de Bogotá,No Definido,Nacional,defensa
381,MINCIENCIAS,899999296,Distrito Capital de Bogotá,Bogotá,Nacional,Ciencia Tecnología
382,INSTITUTO NACIONAL PARA CIEGOS,860015971,Distrito Capital de Bogotá,Bogotá,Nacional,Educación Nacional
383,SENA REGIONAL CUNDINAMARCA GRUPO ADMINISTRATIVO CDA,899999034,Cundinamarca,Chía,Nacional,Trabajo
384,COLEGIO SAN AGUSTIN I E D,830047955,Distrito Capital de Bogotá,Bogotá,Territorial,Educación Nacional
385,FISCALIA GENERAL DE LA NACION REGIONAL CARIBE,800187568,Atlántico,No Definido,Nacional,No aplica/No pertenece
386,INSTITUTO MUNICIPAL DE DEPORTES Y RECREACION DE APARTADO,900266892,Antioquia,Apartadó,Territorial,deportes
387,ALCALDIA MUNICIPIO DE IBAGUE,800113389,Tolima,Ibagué,Territorial,Servicio Público
388,SANTIAGO DE CALI DISTRITO ESPECIAL DEPARTAMENTO ADMINISTRATIVO DE GESTION JURIDICA PUBLICA,890399011,Valle del Cauca,Cali,Territorial,Servicio Público
389,DILOF,800141397,Distrito Capital de Bogotá,Bogotá,Nacional,defensa
390,ALEJANDRO PROSPERO REVEREND E S E,819004070,Magdalena,Santa Marta,Territorial,Salud y Protección Social
391,ALCALDIA DE PALESTINA,891102764,Huila,Palestina,Territorial,No aplica/No pertenece
392,ALCALDIA MUNICIPIO DE CUMARAL META,8920991849,Meta,Cumaral,Territorial,Servicio Público
393,PERSONERIA DISTRITAL DE SANTA MARTA,800255498,Magdalena,Santa Marta,Territorial,Servicio Público
394,AGENCIA DE DESARROLLO RURAL,900948958,Distrito Capital de Bogotá,No Definido,Nacional,agricultura
395,ALCALDIA MUNICIPIO DE BELLO,890980112,Antioquia,Bello,Territorial,No aplica/No pertenece
396,AUNAP,900479669,No Definido,No Definido,Nacional,agricultura
397,INSTITUCION EDUCATIVA TOTARCO DINDE,809008644,No Definido,No Definido,Territorial,Educación Nacional
398,ANI,8301259969,Distrito Capital de Bogotá,Bogotá,Nacional,Transporte
399,INSTITUTO COLOMBIANO DE BIENESTAR FAMILIAR REGIONAL BOYACA,899999239,Boyacá,Tunja,Nacional,Salud y Protección Social
400,ESE CENTRO DE SALUD DE COLOSO,900206237,Sucre,Coloso,Territorial,Salud y Protección Social
401,CONTRALORIA DISTRITAL DE BARRANQUILLA,800022773,Atlántico,Barranquilla,Territorial,No aplica/No pertenece
402,SANTIAGO DE CALI DISTRITO ESPECIAL DEPARTAMENTO ADMINISTRATIVO DE HACIENDA,890399011,Valle del Cauca,Cali,Territorial,Hacienda y Crédito Público
403,ESE HOSPITAL LOCAL SABANAS DE SAN ANGEL,819003599,Magdalena,Sabanas De San Angel,Territorial,Salud y Protección Social
404,INSTITUCION EDUCATIVA LAS AMERICAS,800024912,Valle del Cauca,Florida,Territorial,Educación Nacional
405,AGENCIA LOGISTICA DE LAS FUERZAS MILITARES,899999162,Distrito Capital de Bogotá,Bogotá,Nacional,defensa
406,EMPRESA SOCIAL DEL ESTADO NORTE 1 ESE,900146010,Cauca,Buenos Aires,Corporación Autónoma,Salud y Protección Social
407,ALCALDIA MUNICIPIO DE TITIRIBI,890980781,Antioquia,Titiribí,Territorial,No aplica/No pertenece
408,GOBERNACION DEL DEPARTAMENTO ARCHIPIELAGO DE SAN ANDRES PROVIDENCIA Y SANTA CATALINA,892400038,"San Andrés, Providencia y Santa Catalina",San Andrés,Territorial,No aplica/No pertenece
409,GOBERNACION DEL CASANARE,892099216,Casanare,Yopal,Territorial,No aplica/No pertenece
410,RAMA JUDICIAL DIRECCION SECCIONAL DE ADMINISTRACION JUDICIAL DE MONTERIA,800165860,Córdoba,Montería,Nacional,Servicio Público
411,SECRETARIA DISTRITAL DE INTEGRACION SOCIAL,8999990619,Distrito Capital de Bogotá,No Definido,Territorial,Inclusión Social y Reconciliación
412,GOBERNACION DEL CAQUETA,800091594,Caquetá,No Definido,Territorial,No aplica/No pertenece
413,SENA REGIONAL GUAJIRA GRUPO MIXTO DE APOYO ADMINISTRATIVO,899999034,La Guajira,Riohacha,Nacional,Trabajo
414,HOSPITAL TIMBIO ESE,817000999,Cauca,Timbío,Territorial,Salud y Protección Social
415,CONCEJO MUNICIPIO DE TOCANCIPA,900753674,Cundinamarca,Tocancipá,Territorial,No aplica/No pertenece
416,EMPRESA SOCIAL DEL ESTADO HOSPITAL LOCAL DE SAN MARTIN DE LOS LLANOS,892000458,Meta,San Martín,Nacional,Salud y Protección Social
417,SENA REGIONAL ANTIOQUIA GRUPO ADMINISTRATIVO COMPLEJO ITAGUI,899999034,Antioquia,Itagui,Nacional,Trabajo
418,HOSPITAL SAN JUAN DE DIOS DE HONDA ESE,890700666,Tolima,Honda,Territorial,Salud y Protección Social
419,CONCEJO DISTRITAL DE SANTIAGO DE CALI,890399011,Valle del Cauca,Cali,Territorial,No aplica/No pertenece
420,CENTRO NACIONAL DE MEMORIA HISTORICA,900492141,Distrito Capital de Bogotá,Bogotá,Nacional,Cultura
421,ICBF REGIONAL GUAVIARE,899999239,Guaviare,San José Del Guaviare,Nacional,Salud y Protección Social
422,HOSPITAL SAN JOSE DE ORTEGA EMPRESA SOCIAL DEL ESTADO NIVEL 1,890700967,Tolima,Ortega,Territorial,Salud y Protección Social
423,DANE TERRITORIAL CENTRO ORIENTE,899999027,Santander,Bucaramanga,Nacional,Información Estadística
424,MUNICIPIO DE BARICHARA,890210932,Santander,Barichara,Territorial,No aplica/No pertenece
425,TRANSMILENIO,830063506,Distrito Capital de Bogotá,Bogotá,Territorial,Transporte
426,MUNICIPIO DE BUCARAMANGA,890201222,Santander,Bucaramanga,Territorial,Servicio Público
427,CONTRALORIA MUNICIPAL DE RIONEGRO,901449306,Antioquia,Rionegro,Territorial,No aplica/No pertenece
428,ALCALDIA MUNICIPAL DE SAN JUAN DEL CESAR,8921151790,La Guajira,No Definido,Territorial,No aplica/No pertenece
429,EMPRESA SOCIAL DEL ESTADO CAMILO TRUJILLO SILVA DE PALESTINA HUILA,813011505,Huila,Palestina,Territorial,Salud y Protección Social
430,CENTRAL ADMINISTRATIVA Y CONTABLE CENAC POPAYAN,900156335,Cauca,Popayán,Nacional,defensa
431,DEFENSA CIVIL COLOMBIANA,8999997171,Distrito Capital de Bogotá,Bogotá,Nacional,defensa
432,ESE HOSPITAL SAN JUAN DE DIOS DE FLORIDABLANCA,890202024,Santander,Floridablanca,Territorial,Salud y Protección Social
433,FONDO DE PASIVO SOCIAL DE FERROCARRILES NACIONALES DE ENTIDAD,800112806,Cundinamarca,No Definido,Nacional,Salud y Protección Social
434,ALCALDIA DE VILLAMARIA,890801152,Caldas,Villamaría,Territorial,Servicio Público
435,ICBF REGIONAL CALDAS,899999239,No Definido,No Definido,Nacional,Salud y Protección Social
436,MUNICIPIO EL RETIRO,890983674,Antioquia,Retiro,Territorial,Servicio Público
437,ASAMBLEA DEPARTAMENTAL DE NARINO,814000982,Nariño,Pasto,Territorial,Servicio Público
438,ESE HOSPITAL SAN ANTONIO DE PADUA DE SIMITI,900196366,Bolívar,Simití,Territorial,Salud y Protección Social
439,ICBF REGIONAL CORDOBA,899999239,Córdoba,Montería,Nacional,Salud y Protección Social
440,RUTA N MEDELLIN,900323466,Antioquia,Medellín,Territorial,Ciencia Tecnología
441,ALCALDIA MUNICIPAL DE LA PINTADA,811009017,Antioquia,La Pintada,Territorial,Servicio Público
442,ALCALDIA LOCAL DE BARRIOS UNIDOS,899999061,Distrito Capital de Bogotá,Bogotá,Territorial,Servicio Público
443,HMI,802013023,Atlántico,Soledad,Territorial,Salud y Protección Social
444,MUNICIPIO DE TAURAMENA,800012873,Casanare,Tauramena,Territorial,Servicio Público
445,AGUAS DE PALMIRA,900596967,Valle del Cauca,Palmira,Territorial,No aplica/No pertenece
446,CONCEJO MUNICIPAL DE PEREIRA,816002478,Risaralda,Pereira,Territorial,Servicio Público
447,SENA HOTELERIA TURISMO Y ALIMENTOS,8999990341,Distrito Capital de Bogotá,Bogotá,Nacional,Trabajo
448,ALCALDIA MUNICIPAL DE HATONUEVO,800255101,La Guajira,Hatonuevo,Territorial,No aplica/No pertenece
449,DIRECCION DE INCORPORACION DINCO,901806943,Distrito Capital de Bogotá,Bogotá,Nacional,defensa
450,MINISTERIO DE DEFENSA NACIONAL,899999003,Distrito Capital de Bogotá,Bogotá,Nacional,defensa
451,DISTRITO ESPECIAL DE CIENCIA TECNOLOGIA E INNOVACION DE MEDELLIN,890905211,Antioquia,Medellín,Territorial,Servicio Público
452,INSTITUTO NACIONAL DE MEDICINA LEGAL Y CIENCIAS FORENSES,800150861,Distrito Capital de Bogotá,No Definido,Nacional,Ley de Justicia
453,HOSPITAL MUNICIPAL DE ACACIAS E S E,892000264,Meta,Acacías,Territorial,Salud y Protección Social
454,ALCALDIA MUNICIPIO DE VILLAVICENCIO,892099324,Meta,Villavicencio,Territorial,No aplica/No pertenece
455,DEPARTAMENTO DE CUNDINAMARCA SECRETARIA DE LA FUNCION PUBLICA,899999114,Distrito Capital de Bogotá,Bogotá,Territorial,Servicio Público
456,MUNICIPIO DE SILVANIA,890680437,Cundinamarca,Silvania,Territorial,No aplica/No pertenece
457,PERSONERIA DE BUCARAMANGA,8040067800,Santander,Bucaramanga,Territorial,Ley de Justicia
458,IUOC,890802678,Caldas,Pensilvania,Territorial,Educación Nacional
459,ALCALDIA MUNICIPIO DE CUMBITARA,800099072,Nariño,Cumbitara,Territorial,No aplica/No pertenece
460,ALCALDIA MUNICIPIO DE GARZON,891180022,Huila,Garzón,Territorial,Servicio Público
461,E S E HOSPITAL SAN ANTONIO DEL TEQUENDAMA,900036553,Cundinamarca,San Antonio Del Tequendama,Territorial,Salud y Protección Social
462,EMPRESAS PUBLICAS DE CUNDINAMARCA,900222346,Distrito Capital de Bogotá,Bogotá,Territorial,"Vivienda, Ciudad y Territorio"
463,ASOCIACION CANAL LOCAL DE TELEVISION DE MEDELLIN TELEMEDELLIN,811006762,Antioquia,Medellín,Territorial,Tecnologías de la Información y las Comunicaciones
464,MUNICIPIO DE LOS PATIOS,800044113,Norte de Santander,Los Patios,Territorial,Servicio Público
465,ICBF REGIONAL TOLIMA,899999239,Tolima,Ibagué,Nacional,Salud y Protección Social
466,EDRU EICE,805024523,Valle del Cauca,Cali,Territorial,Planeación
467,INSTITUTO MUNICIPAL DE VIVIENDA DE INTERES SOCIAL Y REFORMA URBANA DEL MUNICIPIO DE ZARZL,821001122,Valle del Cauca,Zarzal,Territorial,"Vivienda, Ciudad y Territorio"
468,ALCALDIA MUNICIPAL DE MIRAFLORES BOYACA,800029660,Boyacá,Miraflores,Nacional,No aplica/No pertenece
469,SENA REGIONAL BOYACA GRUPO DE APOYO ADMINISTRATIVO MIXTO,899999034,Boyacá,Sogamoso,Nacional,Trabajo
470,HOSPITAL SUSANA LOPEZ DE VALENCIA,891501676,Cauca,Popayán,Territorial,Salud y Protección Social
471,ALCALDIA MUNICIPIO DE RIOSUCIO CALDAS,890801138,Caldas,Riosucio,Territorial,Servicio Público
472,ALCALDIA MUNICIPIO DE SAN GIL SANTANDER,800099824,Santander,San Gil,Territorial,No aplica/No pertenece
473,FONDO ROTATORIO DEL DANE FONDANE,800072977,Distrito Capital de Bogotá,Bogotá,Nacional,Información Estadística
474,DIRECCION DE INTELIGENCIA POLICIAL,830000097,Distrito Capital de Bogotá,No Definido,Nacional,defensa
475,GRUPO INTENDENCIA REGIONAL CARIBE,806006269,Bolívar,Cartagena,Nacional,defensa
476,ALCALDIA MUNICIPIO DE SAN FRANCISCO,800022791,Antioquia,San Francisco,Territorial,Servicio Público
477,EDUH TURBO,901465989,Antioquia,Turbo,Territorial,"Vivienda, Ciudad y Territorio"
478,GOBIERNO DEPARTAMENTAL,8001136727,Tolima,No Definido,Territorial,Servicio Público
479,EMPRESA IBAGUERENA DE ACUEDUCTO Y ALCANTARILLADO OFICIAL IBAL OFICIAL,8000898096,Tolima,Ibagué,Territorial,No aplica/No pertenece
480,SUPERINTENDENCIA DEL SUBSIDIO FAMILIAR,860503600,Distrito Capital de Bogotá,Bogotá,Nacional,Trabajo
481,MUNICIPIO DE PRADERA,891380115,Valle del Cauca,Pradera,Territorial,No aplica/No pertenece
482,ESE HOSPITAL LOCAL MUNICIPIO DE LOS PATIOS,807004393,Norte de Santander,Los Patios,Nacional,Cultura
483,MUNICIPIO DE TAME,800102801,Arauca,Tame,Territorial,Servicio Público
484,EMPRESA SOCIAL DEL ESTADO SALUD YOPAL,844003225,Casanare,No Definido,Territorial,Salud y Protección Social
485,SENA REGIONAL CALDAS GRUPO ADMINISTRATIVO CPA,899999034,Caldas,La Dorada,Nacional,Trabajo
486,ARMADA NACIONAL BASE NAVAL NO 1 ARC BOLIVAR,800141645,Bolívar,Cartagena,Nacional,defensa
487,CORPORACION AUTONOMA REGIONAL PARA LA DEFENSA DE LA MESETA DE BUCARAMANGA,890201573,Santander,No Definido,Corporación Autónoma,Ambiente y Desarrollo Sostenible
488,ALCALDIA MUNICIPIO DE CIRCASIA QUINDIO,890001044,Quindío,Circasia,Territorial,Servicio Público
489,SERVICIO NACIONAL DE APRENDIZAJE SENA REGIONAL CORDOBA,899999034,Córdoba,No Definido,Nacional,Trabajo
490,CONTRALORIA DEPARTAMENTAL DEL VALLE DEL CAUCA,800090735,Valle del Cauca,Cali,Territorial,No aplica/No pertenece
491,EMPRESA SOCIAL DEL ESTADO HOSPITAL SAN VICENTE DE PAUL,890905193,Antioquia,Barbosa,Territorial,Salud y Protección Social
492,EMPRESA SOCIAL DEL ESTADO HOSPITAL SAN JUAN DE DIOS,800080586,Antioquia,Segovia,Territorial,Salud y Protección Social
493,DANE DIRECCION TERRITORIAL NORTE,899999027,Atlántico,No Definido,Nacional,Información Estadística
494,MUNICIPIO DE CHIGORODO,890980998,Antioquia,Chigorodó,Territorial,Servicio Público
495,ICBF REGIONAL NARINO,899999239,Nariño,No Definido,Nacional,Salud y Protección Social
496,ALCALDIA MUNICIPAL DE BUGA,891380033,Valle del Cauca,Guadalajara De Buga,Territorial,No aplica/No pertenece
497,EMPRESA DE SERVICIOS PUBLICOS DE LA VIRGINIA,800103884,Risaralda,La Virginia,Territorial,Servicio Público
498,BENEFICENCIA DEL VALLE DEL CAUCA E I C E,890399027,Valle del Cauca,Cali,Territorial,Industria
499,E S E CENTRO DE SALUD SAN JOSE DE TOLU VIEJO1,823000696,Sucre,Tolú Viejo,Nacional,Salud y Protección Social
500,PERSONERIA MUNICIPAL DE SABANETA,890980331,Antioquia,Sabaneta,Territorial,No aplica/No pertenece
501,CLINICA GIRON ESE,890203242,Santander,Girón,Territorial,Salud y Protección Social
502,ALCALDIA DISTRITO DE RIOHACHA,892115007,La Guajira,Riohacha,Territorial,No aplica/No pertenece
503,OPERADORA DISTRITAL DE TRANSPORTE,901526664,Distrito Capital de Bogotá,Bogotá,Territorial,Transporte
504,EMPRESA REGIONAL AGUAS DEL TEQUENDAMA,900126313,No Definido,No Definido,Territorial,Ambiente y Desarrollo Sostenible
505,INSTITUTO SUPERIOR DE EDUCACION RURAL,890501578,Norte de Santander,Pamplona,Territorial,Educación Nacional
506,TERMINAL DE TRANSPORTES DE SOGAMOSO,891855336,Boyacá,Sogamoso,Territorial,Transporte
507,POLICIA METROPOLITANA DE MANIZALES,900805219,Caldas,Manizales,Nacional,defensa
508,SENA REGIONAL VALLE GRUPO DE APOYO ADMINISTRATIVO MIXTO,899999034,Valle del Cauca,Cali,Nacional,Educación Nacional
509,EMPRESA SOCIAL DEL ESTADO HOSPITAL LA CANDELARIA,800154347,Magdalena,El Banco,Territorial,Salud y Protección Social
510,ARMADA NACIONAL BASE NAVAL NO 3 ARC LEGUIZAMO,800141686,Putumayo,Leguízamo,Nacional,defensa
511,SENA GRUPO DE APOYO ADMINISTRATIVO INTERCENTROS CAZUCA,899999034,Cundinamarca,Soacha,Nacional,Trabajo
512,DIRECCION DE IMPUESTOS Y ADUANAS NACIONALES,800197268,Distrito Capital de Bogotá,Bogotá,Nacional,Hacienda y Crédito Público
513,SENA REGIONAL CUNDINAMARCA GRUPO ADMINISTRATIVO CTDPE,899999034,Cundinamarca,Girardot,Nacional,Trabajo
514,CORPOBOYACA,800252843,Boyacá,Tunja,Nacional,Ambiente y Desarrollo Sostenible
515,EMPRESA SOCIAL DEL ESTADO CENTRO DE SALUD CON CAMA DE ARROYOHONDO,806008082,Bolívar,Arroyohondo,Territorial,Servicio Público
516,INSTITUTO MUNICIPAL PARA EL TURISMO LA CULTURA LA RECREACION Y EL DEPORTE DE VILLETA,800253463,Cundinamarca,Villeta,Territorial,Servicio Público
517,CORPORACION AUTONOMA REGIONAL DEL CANAL DEL DIQUE,800254453,Bolívar,Cartagena,Corporación Autónoma,Ambiente y Desarrollo Sostenible
518,CORPORACION NASA KIWE,800237214,Cauca,Popayán,Nacional,interior
519,APC,900484852,Distrito Capital de Bogotá,No Definido,Nacional,Presidencia de la República
520,GOBERNACION DEL VALLE DEL CAUCA OFICINA CONTROL DISCIPLINARIO INSTRUCCION,890399029,Valle del Cauca,No Definido,Territorial,No aplica/No pertenece
521,IEELCONCORDE,802006924,No Definido,No Definido,Territorial,Educación Nacional
522,CORPORACION AUTONOMA REGIONAL DE LA FRONTERA NORORIENTAL,890505253,Norte de Santander,Cúcuta,Corporación Autónoma,Ambiente y Desarrollo Sostenible
523,IDACO,900294898,Distrito Capital de Bogotá,No Definido,Territorial,No aplica/No pertenece
524,CONCEJO MUNICIPAL DE SOACHA,8320033078,Cundinamarca,Soacha,Territorial,No aplica/No pertenece
525,DIRECCION DE TRANSITO DE BUCARAMANGA,890204109,Santander,Bucaramanga,Territorial,Transporte
526,ESAP TERRITORIAL HUILA CAQUETA Y BAJO PUTUMAYO,813006956,Huila,Neiva,Nacional,Educación Nacional
527,MUNICIPIO DE ALTAMIRA,891180118,Huila,Altamira,Territorial,Servicio Público
528,REGION ADMINISTRATIVA Y DE PLANEACION ESPECIAL RAPE REGION CENTRAL,900788066,Distrito Capital de Bogotá,No Definido,Territorial,Planeación
529,MUNICIPIO DE AGUADAS,890801132,Caldas,No Definido,Territorial,Servicio Público
530,ESE SANTIAGO DE TUNJA,8200038502,Boyacá,Tunja,Territorial,Salud y Protección Social
531,GOBERNACION DE NARINO,800103923,Nariño,Pasto,Territorial,No aplica/No pertenece
532,COMISION DE REGULACION DE AGUA POTABLE Y SANEAMIENTO BASICO,830000212,Distrito Capital de Bogotá,Bogotá,Nacional,"Vivienda, Ciudad y Territorio"
533,ALCALDIA MUNICIPAL DE EL ESPINAL,890702027,Tolima,Espinal,Territorial,Servicio Público
534,SENA REGIONAL SANTANDER GRUPO ADMINISTRATIVO CIDT,899999034,Santander,Barrancabermeja,Nacional,Trabajo
535,CORPORACION AUTONOMA REGIONAL DEL ALTO MAGDALENA,800255580,Huila,Neiva,Corporación Autónoma,Ambiente y Desarrollo Sostenible
536,CVC,890399002,Valle del Cauca,Cali,Nacional,Ambiente y Desarrollo Sostenible
537,DANE CENTRO OCCIDENTE,899999027,Caldas,Manizales,Nacional,Servicio Público
538,SENA REGIONAL HUILA GRUPO ADMINISTRATIVO CGDSS,899999034,Huila,Pitalito,Nacional,Trabajo
539,CONTRALORIA GENERAL DEL MUNICIPIO DE MANIZALES,800101441,Caldas,Manizales,Territorial,No aplica/No pertenece
540,CONSEJO PROFESIONAL DE INGENIERIA QUIMICA DE,860509339,No Definido,No Definido,Nacional,No aplica/No pertenece
541,DAPRE,899999083,Distrito Capital de Bogotá,Bogotá,Nacional,Presidencia de la República
542,HOSPITAL FEDERICO LLERAS ACOSTA DE IBAGUE TOLIMA EMPRESA SOCIAL DEL ESTADO,890706833,Tolima,Ibagué,Territorial,Salud y Protección Social
543,MUNICIPIO DE MARINILLA,890983716,Antioquia,Marinilla,Nacional,Servicio Público
544,SOCIEDAD PUBLICA TERMINAL REGIONAL DE TRANSPORTE TERRESTRE DE TUNJA,901154852,Boyacá,No Definido,Territorial,Transporte
545,SECRETARIA DE HACIENDA ALCALDIA DE TULUA,891900272,Valle del Cauca,Tuluá,Territorial,Servicio Público
546,ICBF REGIONAL PUTUMAYO,899999239,Putumayo,No Definido,Nacional,Salud y Protección Social
547,ICANH,830067892,Distrito Capital de Bogotá,Bogotá,Nacional,Cultura
548,SUBRED INTEGRADA DE SERVICIOS DE SALUD SUR OCCIDENTE ESE,900959048,Distrito Capital de Bogotá,No Definido,Territorial,Salud y Protección Social
549,DIRECCION DE SANIDAD DE EJERCITO DISPENSARIO MEDICO FLORENCIA,901540902,Caquetá,Florencia,Nacional,defensa
550,EMPRESA SOCIAL DEL ESTADO CENTRO MATERNO INFANTIL DE SABANALARGA CEMINSA,802010241,Atlántico,Sabanalarga,Nacional,Salud y Protección Social
551,INSTITUTO DE DEPORTES Y RECREACION DE MEDELLIN,800194096,Antioquia,Medellín,Territorial,deportes
552,MUNICIPIO DE TUNJA,891800846,Boyacá,Tunja,Territorial,Servicio Público
553,PERSONERIA DE TUNJA,820000042,Boyacá,Tunja,Territorial,No aplica/No pertenece
554,ICTY,901403046,Casanare,Yopal,Territorial,Cultura
555,AGENCIA PARA LA REINCORPORACION Y LA NORMALIZACION,900477169,Distrito Capital de Bogotá,No Definido,Nacional,Presidencia de la República
556,MUNICIPIO DE PUEBLORRICO,890981105,Antioquia,Pueblorrico,Territorial,Servicio Público
557,ALCALDIA MUNICIPAL DE SOPO,899999468,Cundinamarca,Sopó,Territorial,No aplica/No pertenece
558,CORPORACION PARA EL DESARROLLO SOSTENIBLE DEL ARCHIPIELAGO DE SAN ANDRES PROVIDENCIA Y SANTA CATALINA CORALINA,827000031,"San Andrés, Providencia y Santa Catalina",San Andrés,Corporación Autónoma,Ambiente y Desarrollo Sostenible
559,MUNICIPIO DE ALBAN,899999450,Cundinamarca,Albán,Nacional,Servicio Público
560,ESE HOSPITAL LOCAL MAHATES,806007880,No Definido,No Definido,Territorial,Salud y Protección Social
561,IDEP,830007738,Distrito Capital de Bogotá,Bogotá,Territorial,Educación Nacional
562,JEFATURA SALUD FUERZA AEREA,901440176,Distrito Capital de Bogotá,Bogotá,Nacional,Servicio Público
563,MUNICIPIO PAZ DE RIO,891855015,Boyacá,Paz De Río,Territorial,Servicio Público
564,SECRETARIA DE PROSPECTIVA E INTEGRACION TERRITORIAL,899999114,Distrito Capital de Bogotá,Bogotá,Territorial,Planeación
565,MUNICIPIO DE ZARAGOZA,890981150,Antioquia,Zaragoza,Territorial,Servicio Público
566,EMPRESA DE RENOVACION URBANA DE LA DORADA Y EL MAGDALENA CENTRO,810004704,Caldas,La Dorada,Territorial,Servicio Público
567,SENA CENTRO AGROPECUARIO DE BUGA,899999034,Valle del Cauca,Guadalajara De Buga,Nacional,Educación Nacional
568,SISTEMA ESTRATEGICO DE TRANSPORTE PUBLICO DE SANTA MARTA,900342579,Magdalena,Santa Marta,Territorial,No aplica/No pertenece
569,CUNDINAMARCA ALCALDIA MUNICIPIO MOSQUERA,899999342,Cundinamarca,Mosquera,Territorial,No aplica/No pertenece
570,CONTRALORIA GENERAL DEL DEPARTAMENTO DE RISARALDA,891411091,Risaralda,Pereira,Territorial,Servicio Público
571,PERSONERIA MUNICIPAL DE ARMENIA,800252796,Quindío,Armenia,Territorial,Servicio Público
572,PERSONERIA MUNICIPAL DE LA CALERA,899999712,Cundinamarca,La Calera,Territorial,No aplica/No pertenece
573,MUNICIPIO DE GUADALUPE,891180177,Huila,No Definido,Territorial,Servicio Público
574,SENA REGIONAL RISARALDA GRUPO DE APOYO ADMINISTRATIVO MIXTO,899999034,Risaralda,Pereira,Nacional,Educación Nacional
575,CONTRALORIA DE BOGOTA,800245133,Distrito Capital de Bogotá,Bogotá,Territorial,No aplica/No pertenece
576,INSTITUTO NACIONAL DE FORMACION TECNICA PROFESIONAL DE SAN ANDRES Y PROVIDENCIA ISLAS,892400461,No Definido,No Definido,Nacional,Educación Nacional
577,INSTITUCION EDUCATIVA MUNICIPAL TECNICO INDUSTRIAL PASTO,891224703,Nariño,Pasto,Territorial,Educación Nacional
578,INSTITUTO DISTRITAL DE PATRIMONIO CULTURAL,860506170,Distrito Capital de Bogotá,Bogotá,Territorial,Cultura
579,ALCALDIA MUNICIPIO DE SONSON,890980357,Antioquia,Sonson,Territorial,No aplica/No pertenece
580,INSTITUTO MUNICIPAL DE CULTURA RECREACION Y DEPORTE DE ZIPAQUIRA,800195954,Cundinamarca,Zipaquirá,Territorial,deportes
581,MUNICIPIO DE ASTREA,892301541,Cesar,Astrea,Territorial,Servicio Público
582,INDERCAS,844003345,Casanare,Yopal,Territorial,deportes
583,EMPRESA DE DESARROLLO URBANO DE BARRANQUILLA Y LA REGION CARIBE,800091140,Atlántico,Barranquilla,Territorial,"Vivienda, Ciudad y Territorio"
584,PERSONERIA MUNICIPAL DE PUERTO,802003606,Atlántico,Puerto Colombia,Territorial,Ley de Justicia
585,DISTRITO ESPECIAL INDUSTRIAL Y PORTUARIO DE BARRANQUILLA,890102018,Atlántico,Barranquilla,Territorial,Servicio Público
586,IE SAGRADOS CORAZONES FLORENCIA,891190319,No Definido,No Definido,Territorial,Educación Nacional
587,SENA REGIONAL CUNDINAMARCA GRUPO DE APOYO ADMINISTRATIVO MIXTO,899999034,Distrito Capital de Bogotá,Bogotá,Nacional,Educación Nacional
588,MUNICIPIO DE CUBARA BOYACA,800099196,Boyacá,No Definido,Territorial,Servicio Público
589,GOBERNACION DE BOLIVAR,890480059,Bolívar,Turbaco,Territorial,Servicio Público
590,INSTITUTO DE VALORIZACION DE MANIZALES,800002916,Caldas,Manizales,Territorial,Minas y Energía
591,ALCALDIA MUNICIPAL DE NUEVO COLON,800033062,Boyacá,Nuevo Colón,Territorial,No aplica/No pertenece
592,ALCALDIA LOCAL DE SAN CRISTOBAL,899999061,Distrito Capital de Bogotá,Bogotá,Territorial,Servicio Público
593,MUNICIPIO DE LENGUAZAQUE,899999330,Cundinamarca,Lenguazaque,Territorial,Servicio Público
594,AGENCIA DE COMERCIALIZACION Y DE COMPETITIVIDAD PARA EL DESARROLLO REGIONAL ACODER,901486723,Distrito Capital de Bogotá,Bogotá,Territorial,agricultura
595,AGENCIA NACIONAL DE DEFENSA JURIDICA DEL ESTADO,900507741,Distrito Capital de Bogotá,No Definido,Nacional,Ley de Justicia
596,ALCALDIA MUNICIPAL DE GACHALA,800094671,Cundinamarca,Gachala,Territorial,No aplica/No pertenece
597,ESE HOSPITAL SAN JUAN DE DIOS DE ITUANGO,890980840,Antioquia,Ituango,Territorial,Salud y Protección Social
598,ALCALDIA MUNICIPAL DE LA LLANADA,8001498940,Nariño,La Llanada,Territorial,No aplica/No pertenece
599,MUNICIPIO DE SEVILLA,800100527,Valle del Cauca,Sevilla,Territorial,No aplica/No pertenece
600,COBOG INPEC,830032532,Distrito Capital de Bogotá,Bogotá,Nacional,Ley de Justicia
601,SENA REGIONAL CAUCA CENTRO AGROPECUARIO,899999034,Cauca,Popayán,Nacional,Trabajo
602,CORPORACION AUTONOMA REGIONAL DE SANTANDER,804000292,Santander,San Gil,Nacional,Ambiente y Desarrollo Sostenible
603,GOBERNACION DE RISARALDA,891480085,Risaralda,Pereira,Territorial,No aplica/No pertenece
604,EMPRESA SOCIAL DEL ESTADO DEL MUNICIPIO DE VILLAVICENCIO,822002459,Meta,Villavicencio,Territorial,Salud y Protección Social
605,INSTITUTO POPULAR DE CULTURA IPC,900431928,Valle del Cauca,Cali,Territorial,Educación Nacional
606,INSTITUTO MUNICIPAL DE DEPORTE Y RECREACION DE VILLAVICENCIO IMDER,822000538,Meta,Villavicencio,Territorial,deportes
607,DEPARTAMENTO DE CUNDINAMARCA SECRETARIA DE EDUCACION,899999114,Cundinamarca,No Definido,Territorial,Educación Nacional
608,SENA REGIONAL CALDAS CENTRO DE PROCESOS INDUSTRIALES Y CONSTRUCCION OFICIAL,899999034,Caldas,Manizales,Nacional,Trabajo
609,SENA REGIONAL CAUCA GRUPO ADMINISTRATIVO INTERCENTROS CTPI,899999034,Cauca,Popayán,Nacional,Trabajo
610,MUNICIPIO DE VILLAGOMEZ,8999994478,Cundinamarca,Villagómez,Territorial,No aplica/No pertenece
611,CORPORACION AUTONOMA REGIONAL DEL CENTRO DE ANTIOQUIA,811000231,Antioquia,Medellín,Corporación Autónoma,Ambiente y Desarrollo Sostenible
612,JUNTA NACIONAL DE CALIFICACION DE INVALIDEZ,830026324,Distrito Capital de Bogotá,Bogotá,Nacional,Salud y Protección Social
613,CORPORACION AUTONOMA REGIONAL DE LAS CUENCAS DE LOS RIOS NEGRO NARE,890985138,Antioquia,El Santuario,Nacional,Ambiente y Desarrollo Sostenible
614,NUEVA LICORERA DE BOYACA,9013366319,Boyacá,Tunja,Territorial,Industria
615,ALCALDIA MUNICIPAL DE GIRARDOT,890680378,Cundinamarca,Girardot,Territorial,Servicio Público
616,HOSPITAL REGIONAL DE LA ORINOQUIA EMPRESA SOCIAL DEL ESTADO,891855029,Casanare,Yopal,Territorial,Salud y Protección Social
617,BASPC NO 19,800131272,Distrito Capital de Bogotá,No Definido,Nacional,defensa
618,INSTITUCION EDUCATIVA SAN JOSE DE CHILLANQUER,837000325,Nariño,Guachucal,Territorial,Educación Nacional
619,ASAMBLEA DEPARTAMENTAL DE CORDOBA,812000941,Córdoba,Montería,Territorial,Servicio Público
620,CONCEJO MUNICIPAL COTA,9002803468,Cundinamarca,Cota,Territorial,Servicio Público
621,INSTITUTO MUNICIPAL DE RECREACION Y DEPORTES DE TOCANCIPA,832002349,Cundinamarca,Tocancipá,Territorial,deportes
622,CENTRO DE FORMACION INTEGRAL PARA EL TRABAJO CEFIT,811031876,No Definido,No Definido,Territorial,Educación Nacional
623,EMPRESA SOCIAL DEL ESTADO HOSPITAL REGIONAL NOROCCIDENTAL,807008842,Norte de Santander,Abrego,Territorial,Salud y Protección Social
624,UNIVERSIDAD PONTIFICIA BOLIVARIANA,8909029226,Antioquia,Medellín,Nacional,Educación Nacional
625,INSTITUTO TECNICO NACIONAL DE COMERCIO SIMON RODRIGUEZ,800248004,Valle del Cauca,Cali,Nacional,Educación Nacional
626,HOSPITAL DEPARTAMENTAL PSIQUIATRICO UNIVERSITARIO DEL VALLE E S E,890304155,Valle del Cauca,Cali,Territorial,Salud y Protección Social
627,DEPARTAMENTO DEL VALLE DEL CAUCA OFICINA PARA LA TRANSPARENCIA DE LA GESTION PUBLICA,890399029,Valle del Cauca,Cali,Territorial,Servicio Público
628,MUNICIPIO DE BETULIA,890982321,Antioquia,Betulia,Territorial,No aplica/No pertenece
629,SECRETARIA DISTRITAL DE SEGURIDAD CONVIVENCIA Y JUSTICIA,899999061,Distrito Capital de Bogotá,No Definido,Nacional,No aplica/No pertenece
630,FONDO ROTATORIO,8605110716,Distrito Capital de Bogotá,No Definido,Nacional,Relaciones Exteriores
631,CAJA DE LA VIVIENDA POPULAR,899999074,Distrito Capital de Bogotá,Bogotá,Territorial,"Vivienda, Ciudad y Territorio"
632,ASAMBLEA DEPARTAMENTAL DE BOLIVAR,806005597,Bolívar,Cartagena,Territorial,No aplica/No pertenece
633,PERSONERIA DE LOS PATIOS,900026294,Norte de Santander,Los Patios,Territorial,Ley de Justicia
634,INSTITUTO MUNICIPAL DE EDUCACION PARA EL TRABAJO Y DESARROLLO HUMANO DE YUMBO IMETY,900586342,Valle del Cauca,Yumbo,Territorial,Educación Nacional
635,E S E HOSPITAL SANTANDER HERRERA,819002025,Magdalena,Pivijay,Territorial,Salud y Protección Social
636,MUNICIPIO SANTA ROSA DE OSOS,890981554,Antioquia,Santa Rosa De Osos,Territorial,Servicio Público
637,ALCALDIA DISTRITAL DE BUENAVENTURA VALLE,890399045,Valle del Cauca,Buenaventura,Territorial,"Vivienda, Ciudad y Territorio"
638,INSTITUTO DE TURISMO DEL META,892000563,Meta,Villavicencio,Territorial,Industria
639,UNIDAD DE GESTION PENSIONAL Y PARAFISCALES UGPP,900373913,Distrito Capital de Bogotá,Bogotá,Nacional,No aplica/No pertenece
640,ALCALDIA MUNICIPAL DE OCANA,890501102,Norte de Santander,Ocaña,Territorial,Servicio Público
641,CORPORACION CULTURA MUNICIPAL DE VILLAVICENCIO CORCUMVI,822001245,Meta,Villavicencio,Territorial,Cultura
642,EMPRESA SOCIAL DEL ESTADO CAMU SAN RAFAEL DE SAHAGUN,812001579,Córdoba,Sahagún,Territorial,Salud y Protección Social
643,ALCALDIA MUNICIPIO DE CURITI,800099489,Santander,Curití,Territorial,No aplica/No pertenece
644,INVIPASTO,800055903,Nariño,Pasto,Territorial,"Vivienda, Ciudad y Territorio"
645,ALCALDIA MUNICIPAL DE MADRID CUNDINAMARCA,899999325,Cundinamarca,Madrid,Territorial,Servicio Público
646,ALCALDIA MUNICIPIO DE GARAGOA,800025608,Boyacá,Garagoa,Territorial,Servicio Público
647,LOTERIA DEL RISARALDA,800240153,Risaralda,Pereira,Territorial,No aplica/No pertenece
648,CONCEJO MUNICIPAL DE GUADALAJARA DE BUGA,815003377,Valle del Cauca,Guadalajara De Buga,Territorial,Servicio Público
649,SENA REGIONAL NARINO CENTRO SUR COLOMBIANO DE LOGISTICA INTERNACIONAL,899999034,Nariño,Ipiales,Nacional,Trabajo
650,INSTITUTO DISTRITAL DE TURISMO,900140515,Distrito Capital de Bogotá,No Definido,Territorial,Industria
651,INSTITUTO DEPARTAMENTAL DE SALUD DE NARINO,891280001,Nariño,No Definido,Territorial,Salud y Protección Social
652,EMPRESA DE SERVICIOS PUBLICOS DE FUSAGASUGA,890680053,Cundinamarca,Fusagasugá,Territorial,"Vivienda, Ciudad y Territorio"
653,HOSPITAL NUESTRA SENORA DE LOS SANTOS E S E,891900481,Valle del Cauca,La Victoria,Territorial,Salud y Protección Social
654,CONCEJO MUNICIPAL DE TIBIRITA,800094782,Cundinamarca,Tibirita,Territorial,No aplica/No pertenece
655,EAG,800105497,Antioquia,Guatape,Territorial,No aplica/No pertenece
656,GOBERNACION DEL CHOCO,891680010,No Definido,No Definido,Territorial,No aplica/No pertenece
657,FONDO ROTATORIO DE LA POLICIA NACIONAL,860020227,Distrito Capital de Bogotá,Bogotá,Nacional,defensa
658,ESE MUNICIPAL DE SOACHA JULIO CESAR PENALOZA,8320017942,Cundinamarca,Soacha,Territorial,Salud y Protección Social
659,AREA METROPOLITANA DE BARRANQUILLA,800055568,Atlántico,Barranquilla,Territorial,Servicio Público
660,MUNICIPIO DE PUERTO GAITAN,800079035,Meta,Puerto Gaitán,Territorial,Servicio Público
661,INSTITUTO DEPARTAMENTAL DE DEPORTES DE CORDOBA INDEPORTES CORDOBA,812004130,Córdoba,Montería,Nacional,deportes
662,ALCALDIA MUNICIPIO DE CUCAITA,891802089,Boyacá,Cucaita,Territorial,Servicio Público
663,PARQUES NACIONALES NATURALES DE DIRECCION TERRITORIAL AMAZONIA,900005502,Distrito Capital de Bogotá,No Definido,Territorial,Ambiente y Desarrollo Sostenible
664,UNIDAD ADMINISTRATIVA ESPECIAL UNIDAD DE PROYECCION NORMATIVA Y ESTUDIOS DE REGULACION FINANCIERA,900657800,Distrito Capital de Bogotá,No Definido,Nacional,Hacienda y Crédito Público
665,MUNICIPIO DE QUIMBAYA,8900006134,Quindío,Quimbaya,Territorial,No aplica/No pertenece
666,EMPRESA REGIONAL DE SERVICIO PUBLICO DE ASEO DE CANDELARIA,900276577,No Definido,No Definido,Territorial,No aplica/No pertenece
667,EMPRESA SOCIAL DEL ESTADO HOSPITAL SAN ROQUE PRADERA,891301121,Valle del Cauca,Pradera,Territorial,Salud y Protección Social
668,MUNICIPIO DE LA CEJA,890981207,Antioquia,La Ceja,Territorial,interior
669,DISPENSARIO MEDICO TOLEMAIDA,901540973,Cundinamarca,Nilo,Nacional,defensa
670,ICBF REGIONAL ARAUCA,899999239,Arauca,Arauca,Nacional,Salud y Protección Social
671,CONTRALORIA GENERAL DE LA REPUBLICA CGR GERENCIA DEPARTAMENTAL CORDOBA,899999067,No Definido,No Definido,Nacional,No aplica/No pertenece
672,AGENCIA DISTRITAL PARA LA EDUCACION SUPERIOR LA CIENCIA Y LA TECNOLOGIA ATENEA,901508361,Distrito Capital de Bogotá,Bogotá,Territorial,Educación Nacional
673,ENTERRITORIO,899999316,Distrito Capital de Bogotá,No Definido,Nacional,Planeación
674,ALCALDIA DE EL CARMEN DE BOLIVAR,890480022,Bolívar,El Carmen De Bolívar,Territorial,Servicio Público
675,ALCALDIA MUNICIPAL DE NORCASIA CALDAS,810002963,Caldas,Norcasia,Territorial,Servicio Público
676,FONDO ADAPTACION,900450205,No Definido,No Definido,Nacional,Hacienda y Crédito Público
677,SANTIAGO DE CALI DISTRITO ESPECIAL SECRETARIA DE SEGURIDAD Y JUSTICIA,890399011,Valle del Cauca,Cali,Territorial,No aplica/No pertenece
678,MUNICIPIO DE APIA,891480022,Risaralda,Apía,Territorial,No aplica/No pertenece
679,ICBF REGIONAL CAQUETA,899999239,Caquetá,Florencia,Nacional,Salud y Protección Social
680,MUNICIPIO DE ABEJORRAL,890981195,Antioquia,Abejorral,Territorial,Servicio Público
681,MUNICIPIO DE GUACHETA,899999362,Cundinamarca,Guachetá,Territorial,No aplica/No pertenece
682,MUNICIPIO DE PITALITO,891180077,Huila,Pitalito,Territorial,Servicio Público
683,MUNICIPIO DE SINCELEJO,800104062,Sucre,Sincelejo,Territorial,Servicio Público
684,EMPRESA SOCIAL DEL ESTADO HOSPITAL SAN RAFAEL,890981536,Antioquia,Yolombó,Territorial,Salud y Protección Social
685,MCM,900857221,Antioquia,Medellín,Territorial,Cultura
686,INSTITUTO DE FOMENTO PARA EL DESARROLLO DE RISARALDA INFIDER,8000199221,Risaralda,Pereira,Territorial,Servicio Público
687,ALCALDIA DE ALCALA,891901079,Valle del Cauca,Alcalá,Territorial,No aplica/No pertenece
688,EMPRESA SOCIAL DEL ESTADO BELLOSALUD,800174995,Antioquia,Bello,Territorial,Salud y Protección Social
689,DIVRI,900894833,Distrito Capital de Bogotá,Bogotá,Nacional,defensa
690,MUNICIPIO DE ANAPOIMA,890680097,Cundinamarca,No Definido,Territorial,Servicio Público
691,ESE HOSPITAL LOCAL EL RETEN,819001796,No Definido,No Definido,Territorial,Salud y Protección Social
692,AGENCIA ITRC,900528648,Distrito Capital de Bogotá,No Definido,Nacional,Hacienda y Crédito Público
693,SENA REGIONAL VALLE GRUPO ADMINISTRATIVO CNPB,899999034,Valle del Cauca,Buenaventura,Nacional,Educación Nacional
694,DEPARTAMENTO DE CUNDINAMARCA SECRETARIA DE AGRICULTURA Y DESARROLLO RURAL,899999114,Distrito Capital de Bogotá,No Definido,Territorial,agricultura
695,SENA REGIONAL HUILA GRUPO DE APOYO ADMINISTRATIVO MIXTO,899999034,Huila,Neiva,Nacional,Trabajo
696,FONDO ROTATORIO MUNICIPAL DE VALORIZACION DE SINCELEJO,823000293,Sucre,Sincelejo,Territorial,"Vivienda, Ciudad y Territorio"
697,EMPRESA SOCIAL DEL ESTADO HOSPITAL DEPARTAMENTAL SAN SIMON,890802628,Caldas,Victoria,Territorial,Salud y Protección Social
698,ESAP TERRITORIAL NORTE DE SANTANDER ARAUCA,800145876,Norte de Santander,Cúcuta,Nacional,Educación Nacional
699,INDER ENVIGADO1,811016337,Antioquia,Envigado,Territorial,deportes
700,ITBOY,891801069,Boyacá,Tunja,Territorial,Transporte
701,EMPRESA SOCIAL DEL ESTADO CENTRO 1 ESE,900145581,Cauca,Piendamó,Territorial,Salud y Protección Social
702,SENA REGIONAL ANTIOQUIA GRUPO ADMINISTRATIVO CTAPT,899999034,Antioquia,Apartadó,Nacional,Trabajo
703,MUNICIPIO DE BELEN DE LOS ANDAQUIES,800095734,Caquetá,Belén De Los Andaquies,Territorial,Servicio Público
704,SECRETARIA DE TRANSFORMACION DIGITAL GOBERNACION DE CUNDINAMARCA,899999114,Distrito Capital de Bogotá,Bogotá,Territorial,Tecnologías de la Información y las Comunicaciones
705,IMDERCAI,8919030514,Valle del Cauca,Caicedonia,Territorial,deportes
706,CORPORACION AUTONOMA REGIONAL DE NARINO,891222322,Nariño,Pasto,Corporación Autónoma,Ambiente y Desarrollo Sostenible
707,CORPOCALDAS,890803005,Caldas,No Definido,Nacional,No aplica/No pertenece
708,IPC,825001850,La Guajira,Riohacha,Territorial,Educación Nacional
709,ALCALDIA MUNICIPIO DE CAJICA,899999465,Cundinamarca,Cajicá,Territorial,Servicio Público
710,FONDO DE DESARROLLO LOCAL DE SANTA FE,899999061,Distrito Capital de Bogotá,Bogotá,Territorial,Servicio Público
711,CENTRAL DE TRANSPORTES ESTACION CUCUTA,8905014335,Norte de Santander,Cúcuta,Territorial,Transporte
712,AUTORIDAD NACIONAL DE LICENCIAS AMBIENTALES ANLA,900467239,Distrito Capital de Bogotá,Bogotá,Nacional,Ambiente y Desarrollo Sostenible
713,ESTABLECIMIENTO PENITENCIARIO ALTA Y MEDIANA SEGURIDAD Y CARCELARIO ALTA SEGURIDAD DE POPAYAN INPEC POPAYAN,817005159,No Definido,No Definido,Nacional,Ley de Justicia
714,INSTITUTO NACIONAL PARA SORDOS,860016627,Distrito Capital de Bogotá,Bogotá,Nacional,Educación Nacional
715,UNIDAD DE PLANEACION DE INFRAESTRUCTURA DE TRANSPORTE,901525615,Distrito Capital de Bogotá,Bogotá,Nacional,Transporte
716,IMPRENTA NACIONAL DE,830001113,Distrito Capital de Bogotá,No Definido,Nacional,interior
717,MUNICIPIO DE MACEO,8909809583,Antioquia,Maceo,Territorial,Servicio Público
718,ALCALDIA DISTRITAL DE SANTA MARTA,891780009,Magdalena,Santa Marta,Territorial,Servicio Público
719,ESE HOSPITAL PADRE CLEMENTE GIRALDO,890981182,No Definido,No Definido,Territorial,Salud y Protección Social
720,DEPARTAMENTO DEL ARAUCA,8001028385,Arauca,Arauca,Territorial,Servicio Público
721,CONSEJO NACIONAL ELECTORAL,901717412,Distrito Capital de Bogotá,Bogotá,Nacional,No aplica/No pertenece
722,GOBERNACION DE CALDAS,890801052,Caldas,No Definido,Territorial,No aplica/No pertenece
723,CONGRESO DE LA REPUBLICA HONORABLE SENADO DE LA REPUBLICA,899999103,Distrito Capital de Bogotá,Bogotá,Nacional,No aplica/No pertenece
724,HOSPITAL DEPARTAMENTAL SAN JUAN DE DIOS DE PUERTO CARRENO1,842000004,Vichada,Puerto Carreño,Territorial,Salud y Protección Social
725,RNEC,899999040,Distrito Capital de Bogotá,Bogotá,Nacional,No aplica/No pertenece
726,INSTITUTO DE CULTURA Y PATRIMONIO DE ANTIOQUIA,900425129,Antioquia,No Definido,Territorial,Cultura
727,POLICIA METROPOLITANA DE IBAGUE UPRES TOLIMA,900486439,Tolima,Ibagué,Nacional,defensa
728,CONCEJO MUNICIPAL PAZ DE RIO,8918550152,Boyacá,Paz De Río,Territorial,No aplica/No pertenece
729,CONTRALORIA DEPARTAMENTAL DEL TOLIMA,890706847,Tolima,Ibagué,Territorial,Servicio Público
730,ESE HOSPITAL DEPARTAMENTAL SAN RAFAEL,891780008,Magdalena,Fundación,Territorial,Salud y Protección Social
731,ORQUESTA FILARMONICA DE BOGOTA,899999282,Distrito Capital de Bogotá,Bogotá,Territorial,Cultura
732,MUNICIPIO DE SEGOVIA,890981391,Antioquia,No Definido,Territorial,Servicio Público
733,MUNICIPIO DE VALPARAISO CAQUETA,800050407,Caquetá,Valparaíso,Territorial,Servicio Público
734,EMPRESA DE DESARROLLO URBANO DE ARMENIA EDUA,8900014243,Quindío,Armenia,Territorial,No aplica/No pertenece
735,ICBF REGIONAL HUILA,899999239,Huila,No Definido,Nacional,Salud y Protección Social
736,MUNICIPIO DE CAROLINA DEL PRINCIPE,890984068,Antioquia,Carolina,Territorial,Servicio Público
737,ALCALDIA MUNICIPAL SAN PEDRO DE URABA,890983814,Antioquia,San Pedro De Uraba,Territorial,Servicio Público
738,SENA REGIONAL ANTIOQUIA GRUPO ADMINISTRATIVO CTTAOA,899999034,Antioquia,Santafé De Antioquia,Nacional,Trabajo
739,ALCALDIA LOCAL DE SUBA,899999061,Distrito Capital de Bogotá,Bogotá,Territorial,Servicio Público
740,BOMBEROS DE BUCARAMANGA,800022620,Santander,Bucaramanga,Territorial,No aplica/No pertenece
741,ICBF REGIONAL NORTE DE SANTANDER,899999239,Norte de Santander,Cúcuta,Nacional,Salud y Protección Social
742,ICBF REGIONAL SUCRE,899999239,Sucre,Sincelejo,Nacional,Salud y Protección Social
743,ICBF REGIONAL CHOCO,899999239,Chocó,No Definido,Nacional,Salud y Protección Social
744,INSTITUTO MUNICIPAL PARA EL DEPORTE Y LA RECREACION DE IBAGUE,900406856,Tolima,Ibagué,Territorial,deportes
745,INSTITUCION EDUCATIVA TECNICA MORENO Y ESCANDON,809002832,Tolima,Mariquita,Territorial,Educación Nacional
746,RAMA JUDICIAL DIRECCION EJECUTIVA DE ADMINISTRACION JUDICIAL,800093816,Distrito Capital de Bogotá,Bogotá,Nacional,Ley de Justicia
747,HOSPITAL LOCAL PRIMER NIVEL E S E FUENTEDEORO,822001570,Meta,Fuente De Oro,Territorial,Salud y Protección Social
748,SENA REGIONAL CALDAS CENTRO PARA LA FORMACION CAFETERA,899999034,Caldas,Manizales,Nacional,Trabajo
749,MUNICIPIO DE SOGAMOSO,891855130,Boyacá,Sogamoso,Territorial,Servicio Público
750,DANE SURORIENTE,899999027,Meta,Villavicencio,Nacional,Información Estadística
751,INSTITUTO DEL DEPORTE LA EDUCACION FISICA Y LA RECREACION DEL VALLE DEL CAUCA INDERVALLE,805012896,Valle del Cauca,Cali,Territorial,deportes
752,TRANSCARIBE,806014488,Bolívar,Cartagena,Territorial,Transporte
753,INSTITUTO COLOMBIANO DE BIENESTAR FAMILIAR REGIONAL BOLIVAR,899999239,Bolívar,Cartagena,Nacional,Salud y Protección Social
754,ALCALDIA MUNICIPIO DE PALMIRA,891380007,Valle del Cauca,Palmira,Territorial,Servicio Público
755,FONDO DE DESARROLLO SOCIAL DE EL RETIRO,900198194,Antioquia,Retiro,Territorial,Industria
756,UNIVERSIDAD CENTRAL,8600247461,No Definido,No Definido,Corporación Autónoma,Educación Nacional
757,CONCEJO MUNICIPAL DE MONTERIA,812000227,Córdoba,Montería,Territorial,Servicio Público
758,CORPORACION AUTONOMA DEL RIO GRANDE DE LA MAGDALENA,829000127,Distrito Capital de Bogotá,Bogotá,Nacional,Ambiente y Desarrollo Sostenible
759,IMDERS SIBATE,800195132,Cundinamarca,Sibaté,Territorial,deportes
760,RAMA JUDICIAL DIRECCION SECCIONAL DE ADMINISTRACION JUDICIAL DE BOGOTA,800165862,Distrito Capital de Bogotá,No Definido,Nacional,Ley de Justicia
761,UNIAJC,805000889,Valle del Cauca,Cali,Territorial,Educación Nacional
762,MUNICIPIO DE URRAO,890907515,Antioquia,Urrao,Territorial,Servicio Público
763,INSTITUTO TOLIMENSE DE FORMACION TECNICA PROFESIONAL,800173719,Tolima,Espinal,Nacional,Educación Nacional
764,FONDO DE VIVIENDA DE INTERES SOCIAL Y REFORMA URBANA DEL MUNICIPIO DE SABANETA,811015791,Antioquia,Sabaneta,Territorial,"Vivienda, Ciudad y Territorio"
765,CENTRAL ADMINISTRATIVA Y CONTABLE DE CUCUTA,900063431,Norte de Santander,Cúcuta,Nacional,defensa
766,CONCEJO MUNICIPAL DE CALDAS,890980447,Antioquia,Caldas,Territorial,No aplica/No pertenece
767,CENTRAL ADMINISTRATIVA ESPECIALIZADA INGENIEROS CENAC INGENIEROS,830087443,Distrito Capital de Bogotá,Bogotá,Nacional,defensa
768,MUNICIPIO DE TIBIRITA,800094782,Cundinamarca,Tibirita,Territorial,No aplica/No pertenece
769,PROVIDENCE AND KETTLINA UTILITIES COMPANY,901352888,"San Andrés, Providencia y Santa Catalina",Providencia,Territorial,No aplica/No pertenece
770,ALCALDIA MUNICIPAL DE MORALES CAUCA,891500982,Cauca,Morales,Territorial,Servicio Público
771,ALCALDIA MUNICIPIO DE ZIPAQUIRA,899999318,Cundinamarca,Zipaquirá,Territorial,Servicio Público
772,MUNICIPIO DE YONDO,890984265,Antioquia,Yondó,Territorial,No aplica/No pertenece
773,DEPARTAMENTO DE CUNDINAMARCA SECRETARIA DE TECNOLOGIAS DE LA INFORMACION Y LAS COMUNICACIONES,899999114,Distrito Capital de Bogotá,No Definido,Territorial,Tecnologías de la Información y las Comunicaciones
774,MUNICIPIO DE LA MERCED,890802795,Caldas,La Merced,Territorial,No aplica/No pertenece
775,SENA DIRECCION GENERAL,899999034,Distrito Capital de Bogotá,Bogotá,Nacional,Trabajo
776,ESPUCAL,8000051519,Cundinamarca,La Calera,Territorial,No aplica/No pertenece
777,DEPARTAMENTO DE CUNDINAMARCA SECRETARIA DE INTEGRACION REGIONAL,899999114,Distrito Capital de Bogotá,No Definido,Territorial,No aplica/No pertenece
778,CONSERVATORIO DEL TOLIMA,890700906,Tolima,Ibagué,Territorial,Educación Nacional
779,TRANSITO DE LOS PATIOS,807003659,Norte de Santander,Los Patios,Territorial,Transporte
780,ALCALDIA MUNICIPAL SAN CARLOS,890983740,Antioquia,San Carlos,Territorial,Servicio Público
781,INSTITUCION EDUCATIVA NUESTRO SENOR DEL RIO DE CHILES,800045612,No Definido,No Definido,Territorial,Educación Nacional
782,ESE HOSPITAL LOCAL CARTAGENA DE INDIAS,806010305,Bolívar,Cartagena,Territorial,Salud y Protección Social
783,ALCALDIA MUNICIPAL DE LA UNION,890981995,Antioquia,No Definido,Territorial,Planeación
784,INSTITUTO COLOMBIANO DE BALLET CLASICO INCOLBALLET,890326969,Valle del Cauca,No Definido,Territorial,Cultura
785,INSTITUTO DE CAMINOS Y CONSTRUCCIONES DE CUNDINAMARCA ICCU,900258711,Distrito Capital de Bogotá,Bogotá,Territorial,Transporte
786,UAE FONDO NACIONAL DE ESTUPEFACIENTES,899999327,Distrito Capital de Bogotá,Bogotá,Nacional,Salud y Protección Social
787,IMTTA,8001248333,Cesar,Aguachica,Territorial,Transporte
788,FONDO DE VIVIENDA DE INTERES SOCIAL Y REFORMA URBANA DE TIBASOSA FOMVITI,800125595,Boyacá,Tibasosa,Territorial,"Vivienda, Ciudad y Territorio"
789,INSTITUCION EDUCATIVA DEPARTAMENTAL AGRICOLA PARATEBUENO,832001920,No Definido,No Definido,Territorial,Educación Nacional
790,DIRECCION NACIONAL DE DERECHO DE AUTOR,8001859292,Distrito Capital de Bogotá,No Definido,Nacional,interior
791,SENA REGIONAL BOLIVAR CENTRO PARA LA INDUSTRIA PETROQUIMICA,899999034,Bolívar,Cartagena,Nacional,Trabajo
792,INSTITUTO MUNICIPAL DE DEPORTE Y RECREACION DE JAMUNDI IMDERE,8001884217,Valle del Cauca,Jamundí,Territorial,deportes
793,HOSPITAL SAN CARLOS ESE SALDANA,890701300,Tolima,Saldaña,Territorial,Salud y Protección Social
794,MUNICIPIO DE SANTA ROSA BOLIVAR,890481343,Bolívar,Santa Rosa,Territorial,Servicio Público
795,EMPRESA SOCIAL DEL ESTADO REGION DE SALUD SOACHA,800006850,Cundinamarca,Soacha,Territorial,Salud y Protección Social
796,CORPORACION SOCIAL DE CUNDINAMARCA,899999421,Distrito Capital de Bogotá,Bogotá,Territorial,Servicio Público
797,E S E HOSPITAL SAN JUAN DE DIOS DE SANTA FE DE ANTIOQUIA,8909822641,Antioquia,Santafé De Antioquia,Territorial,No aplica/No pertenece
798,ISVIMED,900014480,Antioquia,Medellín,Territorial,"Vivienda, Ciudad y Territorio"
799,MUNICIPIO DE CALDAS ANTIOQUIA,890980447,Antioquia,Caldas,Territorial,Servicio Público
800,MUNICIPIO DE VITERBO,800090833,Caldas,No Definido,Territorial,Servicio Público
801,VALLECAUCANA DE AGUAS,900333452,Valle del Cauca,Cali,Territorial,No aplica/No pertenece
802,POLICIA METROPOLITANA DE NEIVA,900634185,Risaralda,Pereira,Nacional,defensa
803,E S E HOSPITAL SANTO DOMINGO SAVIO,804005555,Santander,El Playón,Territorial,agricultura
804,ALCALDIA DE GIRARDOTA,890980807,Antioquia,Girardota,Territorial,No aplica/No pertenece
805,ART,901006886,Distrito Capital de Bogotá,Bogotá,Nacional,Presidencia de la República
806,ESAP TERRITORIAL CALDAS,800117525,Caldas,No Definido,Nacional,Servicio Público
807,SECRETARIA GENERAL DE LA ALCALDIA MAYOR DE BOGOTA,899999061,Distrito Capital de Bogotá,Bogotá,Territorial,Servicio Público
808,ASAMBLEA DEPARTAMENTAL DE BOYACA,8000547438,Boyacá,Tunja,Territorial,Servicio Público
809,CONCEJO MUNICIPAL DE MOCOA PUTUMAYO,846001181,Putumayo,Mocoa,Territorial,Servicio Público
810,PERSONERIA MUNICIPAL DE ZIPAQUIRA,832000349,Cundinamarca,Zipaquirá,Territorial,Servicio Público
811,INSTITUTO DISTRITAL DE ACCION COMUNAL DE CARTAGENA Y EL CARIBE,901841125,Bolívar,Cartagena,Territorial,No aplica/No pertenece
812,MUNICIPIO DE PUERTO BERRIO,890980049,Antioquia,No Definido,Territorial,Servicio Público
813,ALCALDIA LOCAL DE USAQUEN,899999061,Distrito Capital de Bogotá,Bogotá,Territorial,Servicio Público
814,SUBCUENTA DEL SISTEMA DE PARQUES NACIONALES NATURALES DEL FONDO NACIONAL AMBIENTAL FONAM DTCA,901037393,Magdalena,Santa Marta,Nacional,Ambiente y Desarrollo Sostenible
815,EDUNA COMPRADOR,9014427611,Antioquia,Santa Rosa De Osos,Nacional,Servicio Público
816,CORPORACION AGENCIA NACIONAL DE GOBIERNO DIGITAL,901144049,Distrito Capital de Bogotá,Bogotá,Nacional,Tecnologías de la Información y las Comunicaciones
817,INSTITUCION EDUCATIVA NINO JESUS PRAGA,809000090,Tolima,Ibagué,Territorial,Educación Nacional
818,CONCEJO MUNICIPAL DE VALLEDUPAR,892300780,Cesar,Valledupar,Territorial,No aplica/No pertenece
819,DIRECCION TERRITORIAL DE SALUD DE CALDAS,800114312,Caldas,Manizales,Territorial,Salud y Protección Social
820,ALCALDIA MUNICIPAL DE CHIA,899999172,Cundinamarca,Chía,Territorial,Servicio Público
821,ASMETA,900056772,Meta,Villavicencio,Territorial,No aplica/No pertenece
822,ENTIDAD ADMINISTRADORA DE PENSIONES DE ANTIOQUIA,800216278,No Definido,No Definido,Territorial,Salud y Protección Social
823,RAMA JUDICIAL DIRECCION SECCIONAL DE ADMINISTRACION JUDICIAL DE IBAGUE,8001659455,Tolima,Ibagué,Nacional,Ley de Justicia
824,DEPARTAMENTO DE CUNDINAMARCA SECRETARIA DE HACIENDA,899999114,Cundinamarca,No Definido,Territorial,Hacienda y Crédito Público
825,EMPRESA SOCIAL DEL ESTADO HOSPITAL EMIRO QUINTERO CANIZARES 12,890501438,Norte de Santander,Ocaña,Territorial,Salud y Protección Social
826,RAMA JUDICIAL DIRECCION SECCIONAL DE ADMINISTRACION JUDICIAL DE PEREIRA,800165940,Risaralda,Pereira,Nacional,Ley de Justicia
827,E S E HOSPITAL SAN RAFAEL DE CAQUEZA,832001411,Cundinamarca,Caqueza,Territorial,Salud y Protección Social
828,ESE HOSPITAL SALAZAR DE VILLETA,860015929,Cundinamarca,No Definido,Territorial,Salud y Protección Social
829,INDUSTRIA LICORERA DEL CAUCA,891500719,Cauca,Popayán,Territorial,Industria
830,ALCALDIA MUNICIPAL COTA,899999705,Cundinamarca,Cota,Territorial,Servicio Público
831,INFIBAGUE,890700755,Tolima,Ibagué,Territorial,No aplica/No pertenece
832,SENA REGIONAL HUILA GRUPO ADMINISTRATIVO CDATH,899999034,Huila,La Plata,Nacional,Trabajo
833,INSTITUTO DISTRITAL DE LA PARTICIPACION Y ACCION COMUNAL,900127054,Distrito Capital de Bogotá,No Definido,Territorial,Inclusión Social y Reconciliación
834,ALCALDIA DE MOCOA,800102891,No Definido,No Definido,Territorial,No aplica/No pertenece
835,DIRECCION DE SANIDAD DE LA POLICIA NACIONAL DISAN PONAL,830041314,Distrito Capital de Bogotá,No Definido,Nacional,defensa
836,ALCALDIA MUNICIPIO HATO COROZAL,800012638,Casanare,Hato Corozal,Territorial,No aplica/No pertenece
837,PERSONERIA MUNCIPAL DE PAYA,901834825,Boyacá,Paya,Territorial,Ley de Justicia
838,MUNICIPIO DE CARTAGO,891900493,Valle del Cauca,Cartago,Territorial,No aplica/No pertenece
839,CONCEJO MUNICIPAL DE BUCARAMANGA,804003778,Santander,Bucaramanga,Territorial,Ley de Justicia
840,ALCALDIA MUNICIPAL DE GACHETA,899999331,Cundinamarca,Gachetá,Territorial,Servicio Público
841,SENA CENTRO LATINOAMERICANO DE ESPECIES MENORES TULUA,899999034,Valle del Cauca,Tuluá,Nacional,Trabajo
842,MUNICIPIO DE VERSALLES,891901155,Valle del Cauca,Versalles,Territorial,No aplica/No pertenece
843,PATRIMONIO AUTONOMO FONDO DE SEGURIDAD VIAL,830053630,No Definido,No Definido,Nacional,Hacienda y Crédito Público
844,LICEOS DEL EJERCITO,800130640,Distrito Capital de Bogotá,Bogotá,Nacional,defensa
845,INSTITUTO DISTRITAL DE SANTA MARTA PARA LA RECREACION Y EL DEPORTE,901132407,Magdalena,Santa Marta,Territorial,deportes
846,RED DE SALUD DEL ORIENTE ESE,805027337,Valle del Cauca,Cali,Territorial,Salud y Protección Social
847,ALCALDIA MUNICIPIO DE MONIQUIRA,800099662,Boyacá,Moniquirá,Territorial,No aplica/No pertenece
848,PERSONERIA DISTRITAL DE BARRANQUILLA,802001234,Atlántico,Barranquilla,Territorial,No aplica/No pertenece
849,ASAMBLEA DEPARTAMENTAL DEL HUILA,8001039134,Huila,Neiva,Territorial,No aplica/No pertenece
850,INSTITUTO DE DEPORTE Y RECREACION DE CALDAS INDEC,800019147,Antioquia,Caldas,Territorial,deportes
851,ESE HOSPITAL PEDRO CLAVER AGUIRRE YEPES,800139704,No Definido,No Definido,Territorial,Salud y Protección Social
852,UNIDAD PRESTADORA DE SALUD BOGOTA,901361596,Distrito Capital de Bogotá,Bogotá,Nacional,defensa
853,INSTITUCION EDUCATIVA LICEO TAME,800234047,No Definido,No Definido,Territorial,Educación Nacional
854,ALCALDIA MUNICIPAL DE NOBSA,891855222,Boyacá,Nobsa,Territorial,Servicio Público
855,EMPRESA SOCIAL DEL ESTADO CENTRO SALUD RICAURTE,900058218,Cundinamarca,Ricaurte,Territorial,Salud y Protección Social
856,CAJA DE SUELDOS DE RETIRO DE LA POLICIA NACIONAL,899999073,Distrito Capital de Bogotá,Bogotá,Nacional,defensa
857,CONCEJO MUNICIPAL DE RICAURTE,890680059,Cundinamarca,Ricaurte,Territorial,No aplica/No pertenece
858,MUNICIPIO DE EL BAGRE,890984221,Antioquia,El Bagre,Territorial,Servicio Público
859,INSTITUCION EDUCATIVA ANTONIA SANTOS DE MALAMBO,802006959,No Definido,No Definido,Nacional,Educación Nacional
860,MUNICIPIO DE UBATE,899999281,Cundinamarca,Villa De San Diego De Ubate,Territorial,Servicio Público
861,IMDERMITI,900379601,Bolívar,Simití,Territorial,No aplica/No pertenece
862,MUNICIPIO DE REMEDIOS,890984312,Antioquia,No Definido,Territorial,Servicio Público
863,INSTITUCION UNIVERSITARIA BELLAS ARTES Y CIENCIAS DE BOLIVAR,890480308,Bolívar,Cartagena,Territorial,Educación Nacional
864,GOBERNACION DEL VALLE DEL CAUCA SECRETARIA DE DESARROLLO SOCIAL Y PARTICIPACION,8903990291,Valle del Cauca,Cali,Territorial,Servicio Público
865,EPGA,900022034,Boyacá,No Definido,Territorial,No aplica/No pertenece
866,MUNICIPIO DE SOTAQUIRA,891801061,Boyacá,Sotaquirá,Territorial,Servicio Público
867,EMPRESA SOCIAL DEL ESTADO HOSPITAL SAN ANTONIO DE ARBELAEZ,890680031,No Definido,No Definido,Territorial,Salud y Protección Social
868,REGION METROPOLITANA,901665578,Distrito Capital de Bogotá,Bogotá,Territorial,No aplica/No pertenece
869,ICBF REGIONAL MAGDALENA,899999239,Magdalena,Santa Marta,Nacional,Salud y Protección Social
870,HOSPITAL REGIONAL DE MONIQUIRA ESE,891800395,Boyacá,Moniquirá,Territorial,Salud y Protección Social
871,RAMA JUDICIAL DIRECCION SECCIONAL DE ADMINISTRACION JUDICIAL DE BUCARAMANGA,800165941,Santander,Bucaramanga,Nacional,Ley de Justicia
872,MINISTERIO DE TRABAJO DIRECCION TERRITORIAL CAQUETA,800228881,Caquetá,Florencia,Nacional,Trabajo
873,CONTRALORIA GENERAL DE CALDAS,800077897,No Definido,No Definido,Territorial,Servicio Público
874,MUNICIPIO DE CAREPA,890985316,Antioquia,Carepa,Territorial,No aplica/No pertenece
875,INSTITUCION EDUCATIVA TECNICA AGROPECUARIA LA INMACULADA,844002298,Casanare,Yopal,Territorial,Educación Nacional
876,SUBRED INTEGRADA DE SERVICIOS DE SALUD SUR E S E,900958564,Distrito Capital de Bogotá,Bogotá,Territorial,Salud y Protección Social
877,INSTITUTO DISTRITAL PARA LA PROTECCION DE LA NINEZ Y LA JUVENTUD IDIPRON,899999333,Distrito Capital de Bogotá,No Definido,Territorial,Salud y Protección Social
878,ESTABLECIMIENTO PENITENCIARIO DE MEDIANA SEGURIDAD Y CARCELARIO DE JERICO,811010104,No Definido,No Definido,Nacional,Ley de Justicia
879,HOSPITAL DEPARTAMENTAL TOMAS URIBE URIBE ESE,891901158,Valle del Cauca,Tuluá,Territorial,Salud y Protección Social
880,MUNICIPIO DE FRONTINO,890983706,Antioquia,Frontino,Territorial,"Vivienda, Ciudad y Territorio"
881,INSTITUTO DE TURISMO DE VILLAVICENCIO,822005959,Meta,Villavicencio,Territorial,Industria
882,RAMA JUDICIAL DIRECCION SECCIONAL DE ADMINISTRACION JUDICIAL DE MANIZALES,800165850,No Definido,No Definido,Nacional,Ley de Justicia
883,MUNICIPIO LA ARGENTINA,891180205,Huila,La Argentina,Territorial,Servicio Público
884,SENA REGIONAL CAQUETA,899999034,Caquetá,No Definido,Nacional,Trabajo
885,UPRES VALLE,901361882,Valle del Cauca,Cali,Nacional,defensa
886,MUNICIPIO DE CERINZA,891857805,Boyacá,Cerinza,Territorial,Servicio Público
887,MUNICIPIO SAN RAFAEL ANTIOQUIA,890982123,Antioquia,San Rafael,Nacional,Presidencia de la República
888,SUPERVIGILANCIA MD,800217123,Distrito Capital de Bogotá,Bogotá,Nacional,defensa
889,ICBF REGIONAL VAUPES,899999239,Vaupés,Mitú,Nacional,Salud y Protección Social
890,ALCALDIA MUNICIPAL DE TURBACO BOLIVAR,890481149,Bolívar,Turbaco,Territorial,Servicio Público
891,CONTRALORIA GENERAL DE BOYACA,891800721,Boyacá,Tunja,Territorial,No aplica/No pertenece
892,ESE SAN BLAS DE MORROA,823002856,No Definido,No Definido,Territorial,Salud y Protección Social
893,INSTITUTO MUNICIPAL DE CULTURA RECREACION Y DEPORTE DE ITAGUI,901364194,Antioquia,Itagui,Territorial,deportes
894,MUNICIPIO DE EL ROSAL,832002318,Cundinamarca,El Rosal,Territorial,Servicio Público
895,PERSONERIA MUNICIPAL DE NEIVA,8002512646,Huila,No Definido,Nacional,No aplica/No pertenece
896,UNIDADES TECNOLOGICAS DE SANTANDER,890208727,Santander,Bucaramanga,Territorial,No aplica/No pertenece
897,INSTITUTO MUNICIPAL PARA EL DEPORTE Y LA RECREACION DE SINCELEJO,823000308,Sucre,Sincelejo,Territorial,deportes
898,ICBF REGIONAL CASANARE,899999239,Casanare,No Definido,Nacional,Salud y Protección Social
899,INSTITUTO DE DEPORTES Y RECREACION DEL MUNICIPIO DE FACATATIVA,800215793,Cundinamarca,Facatativá,Territorial,deportes
900,INSTITUCION EDUCATIVA GENERAL SANTANDER,805022382,No Definido,No Definido,Territorial,Educación Nacional
901,ARMADA NACIONAL GRUPO GUARDACOSTAS DEL AMAZONAS,838000055,Amazonas,Leticia,Nacional,defensa
902,PERSONERIA MUNICIPAL DE COGUA,899999466,Cundinamarca,Cogua,Territorial,Ley de Justicia
903,ALCALDIA MUNICIPAL DE GUAPOTA,890204979,Santander,Guapotá,Territorial,Servicio Público
904,INSTITUTO DEPARTAMENTAL DE BELLAS ARTES,890325989,Valle del Cauca,Cali,Territorial,Cultura
905,CONTRALORIA DISTRITAL DE MEDELLIN,811026988,Antioquia,Medellín,Territorial,No aplica/No pertenece
906,CORPORACION PARA EL DESARROLLO SOSTENIBLE DEL URABA,890907748,Antioquia,Apartadó,Territorial,Ambiente y Desarrollo Sostenible
907,ALCALDIA MUNICIPAL DE SAN JOSE DE LA MONTANA,800022618,No Definido,No Definido,Territorial,Servicio Público
908,SENA REGIONAL META GRUPO DE APOYO ADMINISTRATIVO MIXTO,899999034,Meta,No Definido,Nacional,Trabajo
909,DITRA,830090486,Distrito Capital de Bogotá,Bogotá,Nacional,defensa
910,SENA REGIONAL CALDAS CENTRO DE COMERCIO Y SERVICIOS,899999034,Caldas,Manizales,Nacional,Trabajo
911,MUNICIPIO DE TIMANA,891180182,Huila,Timaná,Territorial,Servicio Público
912,ALCALDIA MUNICIPAL DE PAUNA,891801368,Boyacá,Pauna,Territorial,No aplica/No pertenece
913,ARMADA NACIONAL HOSPITAL NAVAL DE CARTAGENA,9015410214,Bolívar,Cartagena,Nacional,Salud y Protección Social
914,CGR NIVEL CENTRAL,899999067,Distrito Capital de Bogotá,No Definido,Nacional,No aplica/No pertenece
915,MUNICIPIO DE SANTA ROSA DE CABAL,891480033,Risaralda,Santa Rosa De Cabal,Territorial,Servicio Público
916,HSVPG,890000448,No Definido,No Definido,Territorial,Salud y Protección Social
917,FONDO DE DESARROLLO LOCAL DE LA CANDELARIA,899999061,Distrito Capital de Bogotá,Bogotá,Territorial,Servicio Público
918,SENA REGIONAL SANTANDER GRUPO DE APOYO ADMINISTRATIVO MIXTO,899999034,Santander,Bucaramanga,Nacional,Trabajo
919,EMPRESA SOCIAL DEL ESTADO HOSPITAL DEPARTAMENTAL SAGRADO CORAZON DE NORCASIA,810000912,Caldas,Norcasia,Territorial,Salud y Protección Social
920,INSTITUTO MUNICIPAL DE DEPORTE Y RECREACION DE TABIO,832001000,Cundinamarca,Tabio,Territorial,Servicio Público
921,INSTITUTO MUNICIPAL DE CULTURA Y TURISMO DE BUCARAMANGA,890204594,Santander,Bucaramanga,Territorial,Cultura
922,DTAO FONAM,901037393,Antioquia,No Definido,Nacional,Ambiente y Desarrollo Sostenible
923,DIMAR GRUPO INTENDENCIA REGIONAL PACIFICO,835000771,Valle del Cauca,No Definido,Nacional,defensa
924,GOBERNACION VALLE DEL CAUCA SECRETARIA DE SALUD,890399029,Valle del Cauca,Cali,Territorial,Salud y Protección Social
925,MUNICIPIO DE TAMESIS,890981238,Antioquia,Támesis,Territorial,Servicio Público
926,SENA REGIONAL CUNDINAMARCA GRUPO ADMINISTRATIVO CAE,8999990341,Cundinamarca,Fusagasugá,Nacional,Trabajo
927,INSTITUTO DEPARTAMENTAL DE DEPORTES DE ANTIOQUIA,811007127,Antioquia,Medellín,Nacional,No aplica/No pertenece
928,ALCALDIA DE GAMA,800094684,Cundinamarca,Gama,Territorial,No aplica/No pertenece
929,EFR,900403616,Distrito Capital de Bogotá,No Definido,Territorial,Transporte
930,CPAMSEB,8200009822,Boyacá,No Definido,Nacional,Ley de Justicia
931,INSTITUCION UNIVERSITARIA DEL PUTUMAYO,800247940,Putumayo,Mocoa,Territorial,Educación Nacional
932,MUNICIPIO DE GOMEZ PLATA,890983938,Antioquia,Gómez Plata,Territorial,Servicio Público
933,PERSONERIA MUNICIPAL DE VILLAVICENCIO,800251167,Meta,Villavicencio,Territorial,Servicio Público
934,TECNOLOGICO DE ARTES DEBORA ARANGO INSTITUCION REDEFINIDA,811042967,Antioquia,Envigado,Territorial,Educación Nacional
935,MINISTERIO DE TECNOLOGIAS DE LA INFORMACION Y LAS COMUNICACIONES DE,899999053,Distrito Capital de Bogotá,Bogotá,Nacional,Tecnologías de la Información y las Comunicaciones
936,MUNICIPIO DE TERUEL,891180181,Huila,Teruel,Territorial,Servicio Público
937,ALCALDIA MUNICIPAL DE COCORNA,890984634,Antioquia,No Definido,Territorial,Servicio Público
938,ALCALDIA MUNICIPAL SUSACON BOYACA,891856472,Boyacá,Susacón,Territorial,No aplica/No pertenece
939,ALCALDIA MUNICIPAL DE MOGOTES,890205632,Santander,Mogotes,Territorial,No aplica/No pertenece
940,INSTITUTO DE MOVILIDAD DE PEREIRA,816000558,Risaralda,Pereira,Territorial,Transporte
941,SENA REGIONAL AMAZONAS,8999990341,Amazonas,Leticia,Nacional,Trabajo
942,ESE HOSPITAL LOCAL DE SUCRE SANTANDER,804008746,Santander,Sucre,Territorial,Salud y Protección Social
943,MUNICIPIO DE DABEIBA,890980094,Antioquia,Dabeiba,Territorial,No aplica/No pertenece
944,INSTITUTO MUNICIPAL DEL DEPORTE Y LA RECREACION DE ARMENIA SITIO OFICIAL,8900034195,Quindío,Armenia,Territorial,deportes
945,ALCALDIA MUNICIPIO DE PUERTO LOPEZ META,892099325,Meta,Puerto López,Territorial,No aplica/No pertenece
946,PERSONERIA MUNICIPAL DE YUMBO,805000348,Valle del Cauca,No Definido,Territorial,No aplica/No pertenece
947,ALCALDIA MUNICIPAL DE YOTOCO,800100531,Valle del Cauca,Yotoco,Territorial,Servicio Público
948,FONDO DE VIVIENDA DE INTERES SOCIAL Y REFORMA URBANA DEL BAGRE FOVIS,800239510,No Definido,No Definido,Territorial,"Vivienda, Ciudad y Territorio"
949,HOSPITAL DEPARTAMENTAL SAN RAFAEL DE RISARALDA E S E,890801235,Caldas,Risaralda,Territorial,Salud y Protección Social
950,UNIDAD ADMINISTRATIVA ESPECIAL DE ALIMENTACION ESCOLAR ALIMENTOS PARA APRENDER,901377527,Distrito Capital de Bogotá,Bogotá,Nacional,Educación Nacional
951,INSTITUTO MUNICIPAL DE VIVIENDA DE INTERES SOCIAL CAJICA,900132308,Cundinamarca,Cajicá,Territorial,"Vivienda, Ciudad y Territorio"
952,MUNICIPIO DE GUATAPE,890983830,Antioquia,Guatape,Territorial,No aplica/No pertenece
953,ALCALDIA MUNICIPAL DE ANDALUCIA VALLE DEL CAUCA,891900443,Valle del Cauca,Andalucía,Territorial,Servicio Público
954,DEPARTAMENTO ADMINISTRATIVO NACIONAL DE ESTADISTICA SUROCCIDENTE,899999027,Valle del Cauca,Cali,Nacional,Información Estadística
955,DIRECCION ANTISECUESTRO Y ANTIEXTORSION,8300532273,Distrito Capital de Bogotá,No Definido,Nacional,Servicio Público
956,INSTITUCION EDUCATIVA SIMON BOLIVAR,800104342,Arauca,Arauca,Territorial,Educación Nacional
957,AEROPUERTO OLAYA HERRERA,800157073,Antioquia,Medellín,Territorial,Transporte
958,CORPORACION AUTONOMA REGIONAL DE SUCRE,823000050,Sucre,Sincelejo,Territorial,Ambiente y Desarrollo Sostenible
959,INDERBU,804002166,Santander,Bucaramanga,Territorial,deportes
960,EMPRESA INDUSTRIAL Y COMERCIAL DEL ESTADO LOTERIA DE CUCUTA,890500641,Norte de Santander,Cúcuta,Territorial,Industria
961,INSTITUTO MUNICIPAL PARA LA RECREACION Y EL DEPORTE DE SOACHA,832000906,Cundinamarca,Soacha,Territorial,deportes
962,INTRAPITALITO,900522279,Huila,Pitalito,Territorial,Transporte
963,ALCALDIA MUNICIPIO DE NOCAIMA,899999718,Cundinamarca,Nocaima,Territorial,Servicio Público
964,MUNICIPIO DE VENECIA ANTIOQUIA,890980764,Antioquia,Venecia,Territorial,No aplica/No pertenece
965,FISCALIA GENERAL DE LA NACION REGIONAL PACIFICO,800187575,Valle del Cauca,No Definido,Nacional,Ley de Justicia
966,EMPUMELGAR,809001720,Tolima,Melgar,Territorial,Servicio Público
967,MUNICIPIO DE URIBIA,892115155,La Guajira,Uribia,Territorial,Servicio Público
968,DIRECCION EJECUTIVA SECCIONAL RIOHACHA,800165865,La Guajira,Riohacha,Nacional,Ley de Justicia
969,MUNICIPIO DE SAN LUIS,890984376,Antioquia,San Luis,Territorial,Servicio Público
970,INSTITUTO MUNICIPAL DE EMPLEO Y FOMENTO EMPRESARIAL DE BUCARAMANGA,804014968,Santander,Bucaramanga,Territorial,Trabajo
971,ALCALDIA MUNICIPIO BURITICA,890983808,Antioquia,Buriticá,Territorial,Servicio Público
972,IET FELIX TIBERIO GUZMAN,800108475,Tolima,Espinal,Territorial,Educación Nacional
973,INSTITUCION EDUCATIVA CHENCHE BALSILLAS DEL MUNICIPIO DE COYAIMA,900053904,No Definido,No Definido,Territorial,Educación Nacional
974,INSTITUTO DE CASAS FISCALES DE EJERCITO,860041247,Distrito Capital de Bogotá,No Definido,Nacional,defensa
975,ALCALDIA DE EL PENOL,890980917,Antioquia,Peñol,Territorial,Servicio Público
976,MUNICIPIO DE CISNEROS,890910913,Antioquia,Cisneros,Territorial,Servicio Público
977,ALCALDIA DE VILLAGARZON,800054249,Putumayo,Villagarzón,Territorial,Servicio Público
978,MUNICIPIO DE EL GUAMO TOLIMA,890702015,Tolima,Guamo,Territorial,No aplica/No pertenece
979,IDUVI,900806301,Cundinamarca,Chía,Territorial,"Vivienda, Ciudad y Territorio"
980,UNIDAD ADMINISTRATIVA ESPECIAL DE SALUD DE ARAUCA,900034608,Arauca,No Definido,Territorial,Salud y Protección Social
981,CONTADURIA GENERAL DE LA NACION,830025406,Distrito Capital de Bogotá,No Definido,Nacional,Hacienda y Crédito Público
982,PERSONERIA MUNICIPAL DE SOLEDAD,802000218,Atlántico,Soledad,Territorial,Servicio Público
983,INSTITUTO NACIONAL PENITENCIARIO Y CARCELARIO INPEC DIRECCION REGIONAL OCCIDENTE,805008452,Valle del Cauca,Cali,Nacional,Ley de Justicia
984,INSTITUCION EDUCATIVA DISTRITAL MANUELA AYALA DE GAITAN,800136287,No Definido,No Definido,Territorial,Educación Nacional
985,MUNICIPIO DE CUCUNUBA,899999406,Cundinamarca,Cucunubá,Territorial,No aplica/No pertenece
986,ALCALDIA DE BUSBANZA BOYACA,800099714,Boyacá,No Definido,Territorial,No aplica/No pertenece
987,GESTORA URBANA BANCO INMOBILIARIO DE IBAGUE,809009742,Tolima,Ibagué,Territorial,"Vivienda, Ciudad y Territorio"
988,HOSPITAL SAN RAFAEL DE EL ESPINAL TOLIMA E S E,890701033,Tolima,Espinal,Territorial,Salud y Protección Social
989,CONTRALORIA CALI,800217831,Valle del Cauca,Cali,Territorial,No aplica/No pertenece
990,EMPRESA SOCIAL DEL ESTADO CENTRO DE SALUD NUESTRA SENORA DEL PILAR ESE,900192678,Nariño,Aldana,Territorial,Servicio Público
991,DEPARTAMENTO DEL VALLE DEL CAUCA SECRETARIA DE GESTION DEL RIESGO DE DESASTRES,8903990295,Valle del Cauca,Cali,Territorial,"Vivienda, Ciudad y Territorio"
992,HOSPITAL JORGE ISAAC RINCON TORRES,824000543,Cesar,La Jagua De Ibirico,Nacional,defensa
993,MUNICIPIO DE FUNZA ALCALDIA DE FUNZA,899999433,Cundinamarca,Funza,Territorial,Servicio Público
994,CENTRO CULTURAL BACATA,832006487,Cundinamarca,Funza,Territorial,Servicio Público
995,SENA REGIONAL VALLE GRUPO ADMINISTRATIVO CBI,899999034,Valle del Cauca,Palmira,Nacional,Trabajo
996,INSTITUCION EDUCATIVA JOSE MARIA CARBONELL,890703044,Tolima,San Antonio,Territorial,Educación Nacional
997,SERVICIO NACIONAL DE APRENDIZAJE SENA MAGDALENA,8999990341,Magdalena,Santa Marta,Nacional,Trabajo
998,DESARROLLO INSTITUCIONAL ALCALDIA DE TULUA,8919002721,Valle del Cauca,Tuluá,Territorial,Servicio Público
999,ALCALDIA MUNICIPAL DE IZA,891856077,Boyacá,Iza,Territorial,Servicio Público
1000,ALCALDIA DEL MUNICIPIO DE SANTUARIO RISARALDA,891480034,Risaralda,No Definido,Territorial,Servicio Público
1001,CENTRAL ADMINISTRATIVA Y CONTABLE ESPECIALIZADA INTELIGENCIA,800131292,Cundinamarca,No Definido,Nacional,defensa
1002,UNIDAD ADMINISTRATIVA ESPECIAL DE ORGANIZACIONES SOLIDARIAS,899999050,Distrito Capital de Bogotá,No Definido,Nacional,Trabajo
1003,MUNICIPIO DE AMAGA,890981732,Antioquia,Amagá,Territorial,No aplica/No pertenece
1004,EMPRESA SOCIAL DEL ESTADO BARRANCABERMEJA,829001846,No Definido,No Definido,Territorial,Salud y Protección Social
1005,MUNICIPIO DE SAN JUAN BAUTISTA DE GUACARI2,891380089,Valle del Cauca,Guacarí,Territorial,No aplica/No pertenece
1006,INSTITUTO DE CULTURA Y BELLAS ARTES DE DUITAMA,800110187,No Definido,No Definido,Territorial,Cultura
1007,MUNICIPIO DE CURILLO,800095757,Caquetá,Curillo,Territorial,Servicio Público
1008,CONTRALORIA MUNICIPAL DE TUNJA,800107701,Boyacá,Tunja,Territorial,Servicio Público
1009,EMPRESA SOCIAL DEL ESTADO E S E HOSPITAL LA MILAGROSA,890702476,Tolima,Villarrica,Territorial,Salud y Protección Social
1010,INSTITUTO DE FOMENTO Y DESARROLLO DE BOYACA,891800462,Boyacá,Tunja,Territorial,Hacienda y Crédito Público
1011,SUBRED INTEGRADA DE SERVICIOS DE SALUD NORTE E S E OFICIAL,900971006,Distrito Capital de Bogotá,No Definido,Territorial,Salud y Protección Social
1012,INSTITUTO DISTRITAL DE GESTION DE RIESGOS Y CAMBIO CLIMATICO IDIGER,800154275,Distrito Capital de Bogotá,Bogotá,Territorial,Ambiente y Desarrollo Sostenible
1013,ICBF REGIONAL AMAZONAS,899999239,Amazonas,Leticia,Nacional,Salud y Protección Social
1014,MUNICIPIO DE SOMONDOCO,800029826,Boyacá,Somondoco,Territorial,Servicio Público
1015,CONCEJOBARRANCA,829001276,Santander,Barrancabermeja,Territorial,No aplica/No pertenece
1016,ALCALDIA MUNICIPIO DE QUIBDO,891680011,Chocó,Quibdó,Territorial,Servicio Público
1017,HOSPITAL SAN JUAN CRISOSTOMO,8240004722,Cesar,González,Corporación Autónoma,Salud y Protección Social
1018,EMPRESA SOCIAL DEL ESTADO HOSPITAL EL CARMEN 1,8909821018,Antioquia,Amalfi,Territorial,Salud y Protección Social
1019,MUNICIPIO DE FLORENCIA,800095728,Caquetá,Florencia,Territorial,No aplica/No pertenece
1020,SECRETARIA DE MOVILIDAD CONTEMPORANEA,899999114,Distrito Capital de Bogotá,No Definido,Territorial,Transporte
1021,INSTITUTO DISTRITAL DE PROTECCION Y BIENESTAR ANIMAL,901097324,Distrito Capital de Bogotá,Bogotá,Territorial,Salud y Protección Social
1022,ASAMBLEA DEPARTAMENTAL DEL TOLIMA,809000799,Tolima,Ibagué,Territorial,Servicio Público
1023,MUNICIPIO DE RAMIRIQUI,891801280,Boyacá,Ramiriquí,Territorial,Servicio Público
1024,CIDTCA,9008377764,Nariño,Pasto,Nacional,Ciencia Tecnología
1025,CASANARE CONCEJO MUNICIPIO DE TAURAMENA,844000034,Casanare,Tauramena,Territorial,No aplica/No pertenece
1026,MUNICIPIO DE MOTAVITA,891801994,Boyacá,Motavita,Territorial,Servicio Público
1027,PERSONERIA MUNICIPAL DE GIRON,804008916,Santander,Girón,Territorial,Servicio Público
1028,MUNICIPIO DE VILLA DE LEYVA,891801268,Boyacá,Villa De Leyva,Territorial,Servicio Público
1029,ALCALDIA MUNICIPIO DE CALARCA,890000441,Quindío,Calarca,Territorial,No aplica/No pertenece
1030,DIRECCION DE INVESTIGACION CRIMINAL E INTERPOL,800141338,Distrito Capital de Bogotá,No Definido,Nacional,defensa
1031,COMANDO AEREO DE COMBATE NO 1,800141624,No Definido,No Definido,Nacional,No aplica/No pertenece
1032,ALCALDIA MUNICIPIO DE RIONEGRO,890204646,Santander,Rionegro,Territorial,No aplica/No pertenece
1033,SUCRE E S E CENTRO DE SALUD SAMPUES,900208532,Sucre,Sampués,Territorial,Salud y Protección Social
1034,GOBERNACION DEL VALLE SECRETARIA DE CONVIVENCIA Y SEGURIDAD CIUDADANA,890399029,Valle del Cauca,No Definido,Territorial,No aplica/No pertenece
1035,ASOCIACION DE MUNICIPIOS DEL CATATUMBO PROVINCIA DE OCANA Y SUR DEL CESAR,800244263,No Definido,No Definido,Territorial,Servicio Público
1036,INSTITUTO DE ATENCION A LA FAMILIA,8908042569,Caldas,Manizales,Territorial,Servicio Público
1037,PERSONERIA MUNICIPAL DE POPAYAN,8170050189,Cauca,Popayán,Territorial,Ley de Justicia
1038,EMPRESA INDUSTRIAL Y COMERCIAL DEL ESTADO TERMINAL DE TRANSPORTE DE APARTADO,811042797,Antioquia,Apartadó,Territorial,Industria
1039,CONCEJO MUNICIPAL GUACHETA,899999362,Cundinamarca,Guachetá,Territorial,Servicio Público
1040,CONSEJO PROFESIONAL NACIONAL DE INGENIERIA,800214417,Distrito Capital de Bogotá,No Definido,Nacional,No aplica/No pertenece
1041,MUNICIPIO DE MARQUETALIA,890801147,Caldas,Marquetalia,Territorial,Servicio Público
1042,SANTIAGO DE CALI DISTRITO ESPECIAL SECRETARIA DE INFRAESTRUCTURA,890399011,Valle del Cauca,Cali,Territorial,No aplica/No pertenece
1043,ESE CENTRO DE SALUD DE ZETAQUIRA,820002715,Boyacá,Zetaquira,Territorial,Salud y Protección Social
1044,INSTITUTO DE FINANCIAMIENTO PROMOCION Y DESARROLLO DE MANIZALES INFI MANIZALES,890801059,Caldas,Manizales,Territorial,Servicio Público
1045,MUNICIPIO SAN JUAN NEPOMUCENO,800037175,Bolívar,San Juan Nepomuceno,Territorial,Servicio Público
1046,GOBERNACION DE SUCRE,892280021,Sucre,Sincelejo,Territorial,No aplica/No pertenece
1047,POLICIA METROPOLITANA DE IBAGUE,900486439,Tolima,No Definido,Nacional,defensa
1048,ESE HOSPITAL FRANCISCO ELADIO BARRERA,890905097,Antioquia,Don Matías,Territorial,Salud y Protección Social
1049,MUNICIPIO DE SIMIJACA1,899999384,Cundinamarca,Simijaca,Territorial,Servicio Público
1050,RAMA JUDICIAL DIRECCION SECCIONAL DE ADMINISTRACION JUDICIAL DE BARRANQUILLA,800165799,Atlántico,Barranquilla,Nacional,Ley de Justicia
1051,UMAYOR,890480054,Bolívar,Cartagena,Territorial,Educación Nacional
1052,MUNICIPIO DE COGUA,899999466,Cundinamarca,Cogua,Territorial,Servicio Público
1053,INSTITUTO PARA EL DESARROLLO DE ANTIOQUIA IDEA,8909801792,Antioquia,No Definido,Territorial,Servicio Público
1054,FONDO ROTATORIO DE LA VIVIENDA PARA LOS TRABAJADORES DE LA INDUSTRIA LICORERA DE CALDAS,890802585,Caldas,Manizales,Territorial,"Vivienda, Ciudad y Territorio"
1055,MUNICIPIO DE PAIPA,891801240,Boyacá,No Definido,Territorial,Servicio Público
1056,EMPRESA AUTONOMA DE EL PENOL,901537748,Antioquia,Peñol,Territorial,No aplica/No pertenece
1057,ARMADA NACIONAL BATALLON DE COMANDO Y APOYO DE INFANTERIA DE MARINA NO 4,800141667,Nariño,Tumaco,Nacional,defensa
1058,EMPRESA DE DESARROLLO URBANO Y VIVIENDA DE INTERES SOCIAL DE BARRANCABERMEJA,890270833,Santander,Barrancabermeja,Territorial,"Vivienda, Ciudad y Territorio"
1059,CONCEJO DE MANIZALES,810005966,Caldas,Manizales,Territorial,Servicio Público
1060,GOBERNACION DE LA GUAJIRA,8921150151,La Guajira,Riohacha,Territorial,Servicio Público
1061,MUNICIPIO EL CARMEN DE VIBORAL,890982616,Antioquia,El Carmen De Viboral,Territorial,Servicio Público
1062,INSTITUTO FINANCIERO PARA EL DESARROLLO DEL HUILA,891180213,Huila,No Definido,Territorial,Hacienda y Crédito Público
1063,SENA REGIONAL SANTANDER GRUPO ADMINISTRATIVO CGAO,899999034,Santander,Vélez,Nacional,Trabajo
1064,BIORGANICOS DEL SUR DEL HUILA,813001950,Huila,Pitalito,Nacional,Ambiente y Desarrollo Sostenible
1065,MUNICIPIO DE FLORIDA,800100519,Valle del Cauca,Florida,Territorial,No aplica/No pertenece
1066,MUNICIPIO DE EBEJICO,890983664,Antioquia,Ebéjico,Territorial,Servicio Público
1067,MUNICIPIO DE TASCO,891856131,Boyacá,Tasco,Territorial,Servicio Público
1068,INSTITUCION EDUCATIVA SANTA TERESA,800200115,Tolima,Líbano,Territorial,Educación Nacional
1069,CONCEJO MUNICIPAL CHIA,900233350,Cundinamarca,Chía,Territorial,No aplica/No pertenece
1070,INSTITUTO DE DEPORTE RECREACION Y ACTIVIDAD FISICA,8240005548,Cesar,Valledupar,Territorial,deportes
1071,EMPRESAS PUBLICAS MUNICIPALES DE MALAGA,890205049,No Definido,No Definido,Territorial,Ambiente y Desarrollo Sostenible
1072,CENTRO EDUCATIVO SANTA TERESA,844004959,Casanare,Yopal,Territorial,Educación Nacional
1073,HOSPITAL DEPARTAMENTAL UNIVERSITARIO SANTA SOFIA DE CALDAS,890801099,Caldas,Manizales,Territorial,Salud y Protección Social
1074,ALCALDIA MUNICIPAL DE LA JAGUA DE IBIRICO,800108683,Cesar,La Jagua De Ibirico,Territorial,Servicio Público
1075,DEPARTAMENTO DEL VALLE DEL CAUCA UNIDAD ADMINISTRATIVA ESPECIAL DE IMPUESTOS RENTAS Y GESTION TRIBUTARIA,890399029,Valle del Cauca,Cali,Territorial,Hacienda y Crédito Público
1076,ESE HOSPITAL PILOTO JAMUNDI,890306950,Valle del Cauca,No Definido,Territorial,No aplica/No pertenece
1077,ALCALDIA LOCAL DE TEUSAQUILLO OFICIAL,899999061,Distrito Capital de Bogotá,Bogotá,Territorial,Servicio Público
1078,CONCEJO MUNICIPAL DE VILLAVICENCIO,800104048,Meta,Villavicencio,Territorial,Servicio Público
1079,ALCALDIA MUNICIPIO DE SANTANDER DE QUILICHAO,891500269,Cauca,Santander De Quilichao,Territorial,No aplica/No pertenece
1080,ALCALDIA DE HONDA,800100058,Tolima,Honda,Territorial,No aplica/No pertenece
1081,SENA REGIONAL CHOCO GRUPO DE APOYO ADMINISTRATIVO MIXTO,899999034,Chocó,Quibdó,Nacional,Trabajo
1082,ANSV,9008529985,Distrito Capital de Bogotá,Bogotá,Nacional,Transporte
1083,INSTITUTO NACIONAL PENITENCIARIO Y CARCELARIO REGIONAL NOROESTE,811011575,Antioquia,Medellín,Nacional,Ley de Justicia
1084,INSTITUCION EDUCATIVA MUNICIPAL CIUDADELA EDUCATIVA DE PASTO,814001128,No Definido,No Definido,Territorial,Educación Nacional
1085,PERSONERIA MUNICIPAL DE PUERTO GAITAN META,822002156,Meta,Puerto Gaitán,Territorial,No aplica/No pertenece
1086,ALCALDIA LOCAL DE USME,899999061,Distrito Capital de Bogotá,Bogotá,Territorial,Servicio Público
1087,ALCALDIA DE BECERRIL CESAR,800096576,Cesar,Becerril,Territorial,No aplica/No pertenece
1088,MUNICIPIO DE GUAYATA,891800896,No Definido,No Definido,Territorial,Servicio Público
1089,CONCEJO MUNICIPAL DE GIRARDOT,808002619,Cundinamarca,Girardot,Territorial,No aplica/No pertenece
1090,HOSPITAL CARLOS TORRENTE LLANO E S E,890701543,No Definido,No Definido,Territorial,Salud y Protección Social
1091,ALCALDIA MUNICIPIO DE MANI 1,800008456,Casanare,Maní,Territorial,Servicio Público
1092,MUNICIPIO DE DONMATIAS,890984043,Antioquia,Don Matías,Territorial,No aplica/No pertenece
1093,HOSPITAL ESPECIALIZADO GRANJA INTEGRAL EMPRESA SOCIAL DEL ESTADO DE LERIDA TOLIMA,800116719,Tolima,Lérida,Territorial,Salud y Protección Social
1094,CONTRALORIA GENERAL DEL DEPARTAMENTO DE SUCRE,892280017,Sucre,Sincelejo,Territorial,Servicio Público
1095,IDS,890500890,Norte de Santander,Cúcuta,Territorial,Salud y Protección Social
1096,ALCALDIA MUNICIPIO DE APARTADO,890980095,Antioquia,Apartadó,Territorial,Servicio Público
1097,CENTRAL ADMINISTRATIVA Y CONTABLE CENAC NEIVA,800131039,Huila,Neiva,Nacional,defensa
1098,MUNICIPIO DE BELEN,800099199,Boyacá,Belén,Territorial,Servicio Público
1099,FISCALIA GENERAL DE LA NACION REGIONAL ORINOQUIA,800187645,Meta,Villavicencio,Nacional,Ley de Justicia
1100,SENA REGIONAL ANTIOQUIA GRUPO ADMINISTRATIVO INTERCENTROS MEDELLIN,899999034,Antioquia,Medellín,Nacional,Trabajo
1101,EMPRESA SOCIAL DEL ESTADO HOSPITAL SAN RAFAEL DE TUNJA,891800231,Boyacá,Tunja,Territorial,Salud y Protección Social
1102,INSTITUCION EDUCATIVA ESCUELA NORMAL SUPERIOR SOR JOSEFA DEL CASTILLO Y GUEVARA,800138564,Boyacá,Chiquinquirá,Territorial,Educación Nacional
1103,AGUAS DEL SOCORRO,900639462,Santander,Socorro,Territorial,Ambiente y Desarrollo Sostenible
1104,INSTITUTO FINANCIERO PARA EL DESARROLLO DE SANTANDER,890205565,Santander,Bucaramanga,Territorial,agricultura
1105,SANTIAGO DE CALI DISTRITO ESPECIAL DEPARTAMENTO ADMINISTRATIVO DE DESARROLLO E INNOVACION INSTITUCIONAL,890399011,Valle del Cauca,Cali,Territorial,No aplica/No pertenece
1106,CONTRALORIA DEPARTAMENTAL DE BOLIVAR,890480306,Bolívar,Cartagena,Territorial,No aplica/No pertenece
1107,ALCALDIA MUNICIPAL DE SABANALARGA,891857823,Casanare,Sabanalarga,Territorial,No aplica/No pertenece
1108,ALCALDIA MUNICIPIO DE TOLEDO,890981367,Antioquia,No Definido,Nacional,No aplica/No pertenece
1109,SENA PUERTO BOYACA,899999034,Boyacá,Boyacá,Nacional,Educación Nacional
1110,E S E CLINICA MATERNIDAD RAFAEL CALVO C,806001061,Bolívar,Cartagena,Territorial,Salud y Protección Social
1111,MUNICIPIO DE PALESTINA CALDAS,890801141,Caldas,Palestina,Territorial,No aplica/No pertenece
1112,ALCALDIA MUNICIPAL DE SUESCA,899999430,Cundinamarca,Suesca,Territorial,Servicio Público
1113,MUNICIPIO DE SACHICA,800019846,Boyacá,Sáchica,Territorial,Servicio Público
1114,HOSPITAL SANTO DOMINGO EMPRESA SOCIAL DEL ESTADO,800031724,No Definido,No Definido,Territorial,Salud y Protección Social
1115,SANTIAGO DE CALI DISTRITO ESPECIAL SECRETARIA DE GOBIERNO,890399011,Valle del Cauca,Cali,Territorial,No aplica/No pertenece
1116,ALCALDIA MUNICIPAL DE ARATOCA,890205334,Santander,Aratoca,Territorial,Planeación
1117,ALCALDIA LA CUMBRE,800100521,Valle del Cauca,La Cumbre,Territorial,Servicio Público
1118,CORPORACION GILBERTO ECHEVERRI MEJIA,900679194,Antioquia,Medellín,Territorial,Educación Nacional
1119,RAMA JUDICIAL DIRECCION SECCIONAL DE ADMINISTRACION JUDICIAL DE TUNJA,800165804,Boyacá,Tunja,Nacional,Ley de Justicia
1120,FONDO DE VIVIENDA DE INTERES SOCIAL DEL DEPARTAMENTO DEL HUILA,900094866,No Definido,No Definido,Territorial,"Vivienda, Ciudad y Territorio"
1121,EMPRESA DE DESARROLLO TERRITORIAL URBANO Y RURAL DE RISARALDA EDUR,900118630,Risaralda,Pereira,Territorial,"Vivienda, Ciudad y Territorio"
1122,MUNICIPIO DE ITAGUI,890980093,Antioquia,Itagui,Territorial,"Vivienda, Ciudad y Territorio"
1123,ESE BLANCA ALICIA HERNANDEZ,804009658,No Definido,No Definido,Territorial,No aplica/No pertenece
1124,ALCALDIA MUNICIPAL DE PUERTO SALGAR,899999413,Cundinamarca,Puerto Salgar,Territorial,Servicio Público
1125,ALCALDIA MUNICIPAL DE LURUACO,890103003,Atlántico,Luruaco,Territorial,Servicio Público
1126,SUPERINTENDENCIA DE NOTARIADO Y REGISTRO,899999007,Distrito Capital de Bogotá,Bogotá,Nacional,Ley de Justicia
1127,ALCALDIA MUNICIPIO DE BALBOA RISARALDA,890801143,Risaralda,Balboa,Territorial,Servicio Público
1128,ALCALDIA DE GUATEQUE,800013683,Boyacá,Guateque,Territorial,Servicio Público
1129,ESE HOSPITAL LAURA PERDOMO DE GARCIA2,813003431,Huila,No Definido,Territorial,Salud y Protección Social
1130,COLEGIO GABRIEL BETANCOURT MEJIA I E D,900143276,Distrito Capital de Bogotá,No Definido,Territorial,Educación Nacional
1131,MUNICIPIO DE RIOBLANCO,890702040,Tolima,Rioblanco,Territorial,Servicio Público
1132,ICBF REGIONAL CESAR,899999239,Cesar,Valledupar,Nacional,Salud y Protección Social
1133,ESCUELA TALLER CARTAGENA DE INDIAS,800169265,No Definido,No Definido,Territorial,Educación Nacional
1134,ESCUELA DE SUBOFICIALES FAC CT ANDRES M DIAZ,800141642,Cundinamarca,No Definido,Nacional,defensa
1135,UNIDAD PRESTADORA DE SALUD ANTIOQUIA,901363087,Antioquia,Envigado,Nacional,Salud y Protección Social
1136,PERSONERIA MUNICIPAL DE TULUA,8210018410,Valle del Cauca,Tuluá,Territorial,No aplica/No pertenece
1137,DEPARTAMENTO ADMINISTRATIVO DISTRITAL DE SOSTENIBILIDAD AMBIENTAL DADSA,8190063866,Magdalena,Santa Marta,Corporación Autónoma,Ambiente y Desarrollo Sostenible
1138,AREA METROPOLITANA DE CUCUTA,800153197,Norte de Santander,No Definido,Territorial,No aplica/No pertenece
1139,SENA REGIONAL HUILA GRUPO ADMINISTRATIVO CADP,899999034,Huila,Garzón,Nacional,Trabajo
1140,PERSONERIA LA PAZ CESAR,824002432,Cesar,La Paz,Territorial,Ley de Justicia
1141,DMBOG,901541302,Distrito Capital de Bogotá,Bogotá,Nacional,defensa
1142,MUNICIPIO DE BELALCAZAR,890802650,Caldas,Belalcázar,Territorial,No aplica/No pertenece
1143,DIRECCION DISTRITAL DE LIQUIDACIONES,802024911,Atlántico,Barranquilla,Territorial,Servicio Público
1144,INSTITUTO DE LA JUVENTUD EL DEPORTE LA RECREACION EL APROVECHAMIENTO DEL TIEMPO LIBRE Y LA EDUCACION EXTRAESCOLAR DEL MUNICIPIO DE TUNJA,820000807,Boyacá,Tunja,Territorial,deportes
1145,CENTRAL ADMINISTRATIVA Y CONTABLE CENAC PERSONAL,900385079,Distrito Capital de Bogotá,Bogotá,Territorial,defensa
1146,ESCUELA DE FORMACION INPEC,832001871,Cundinamarca,No Definido,Nacional,Ley de Justicia
1147,MUNICIPIO DE LA PLATA,891180155,Huila,La Plata,Territorial,No aplica/No pertenece
1148,CORPORACION AUTONOMA REGIONAL DEL MAGDALENA,800099287,Magdalena,Santa Marta,Corporación Autónoma,Ambiente y Desarrollo Sostenible
1149,ALCALDIA MUNICIPIO DE GIGANTE HUILA,891180176,Huila,Gigante,Territorial,"Vivienda, Ciudad y Territorio"
1150,IDERBOL,806005353,Bolívar,Cartagena,Territorial,deportes
1151,EMPRESA DISTRITAL DE DESARROLLO Y RENOVACION URBANO SOSTENIBLE DE SANTA MARTA EDUS,901128252,Magdalena,Santa Marta,Territorial,"Vivienda, Ciudad y Territorio"
1152,CONCEJO DISTRITAL DE BARRANQUILLA,802003327,Atlántico,Barranquilla,Territorial,Servicio Público
1153,EMPRESA PRESTADORA DEL SERVICIO PUBLICO DOMICILIARIO DE ASEO,811022269,Antioquia,Chigorodó,Territorial,Servicio Público
1154,CUNDEPORTES FUNZA,8320008297,Cundinamarca,Funza,Territorial,deportes
1155,INSTITUTO DEPARTAMENTAL DEL DEPORTE DE BOYACA,820000919,Boyacá,Tunja,Territorial,deportes
1156,RIA,811038424,Antioquia,Medellín,Nacional,Ambiente y Desarrollo Sostenible
1157,SENA REGIONAL QUINDIO GRUPO DE APOYO ADMINISTRATIVO MIXTO,899999034,Quindío,Armenia,Nacional,Trabajo
1158,HOSPITAL DE CASTILLA LA NUEVA EMPRESA SOCIAL DEL ESTADO,900004059,Meta,Castilla La Nueva,Territorial,Salud y Protección Social
1159,INSTITUCION EDUCATIVA TECNICA ALFONSO PALACIO RUDAS,809007194,Tolima,Ibagué,Territorial,Educación Nacional
1160,INSTITUTO TERMAL DE PAIPA,826000214,Boyacá,Paipa,Territorial,Industria
1161,INSTITUTO DISTRITAL DE DEPORTE Y RECREACION DE CARTAGENA IDER,800232726,Bolívar,No Definido,Territorial,deportes
1162,POLICIA METROPOLITANA DEL VALLE DE ABURRA,800140985,Antioquia,Medellín,Nacional,defensa
1163,ALCALDIA MUNICIPAL DE IPIALES,800099095,Nariño,Ipiales,Territorial,Servicio Público
1164,CORPORACION PARA EL DESARROLLO SOSTENIBLE DEL NORTE Y DEL ORIENTE AMAZONICO,838000009,Guainía,Inírida,Corporación Autónoma,Ambiente y Desarrollo Sostenible
1165,MUNICIPIO DE ANZA,890983824,Antioquia,Anza,Territorial,No aplica/No pertenece
1166,RAMA JUDICIAL DIRECCION SECCIONAL DE ADMINISTRACION JUDICIAL DE POPAYAN,800165853,Cauca,Popayán,Nacional,Ley de Justicia
1167,E S E HOSPITAL SAN JORGE DE AYAPEL,812001219,Córdoba,Ayapel,Territorial,Salud y Protección Social
1168,CONTRALORIA DEPARTAMENTAL DEL HUILA,800169790,Huila,Neiva,Territorial,Servicio Público
1169,MUNICIPIO DE LA MESA,890680026,Cundinamarca,La Mesa,Territorial,Servicio Público
1170,SANTIAGO DE CALI DISTRITO ESPECIAL SECRETARIA DE CULTURA,890399011,Valle del Cauca,Cali,Territorial,Cultura
1171,SANTIAGO DE CALI DISTRITO ESPECIAL UNIDAD ADMINISTRATIVA ESPECIAL DE GESTION DE BIENES Y SERVICIOS CALI,890399011,Valle del Cauca,Cali,Territorial,No aplica/No pertenece
1172,CONCEJO MUNICIPAL DE PAZ DE ARIPORO,900219184,Casanare,Paz De Ariporo,Territorial,Servicio Público
1173,UNIVERSIDAD PEDAGOGICA NACIONAL,899999124,Distrito Capital de Bogotá,No Definido,Nacional,Educación Nacional
1174,MUNICIPIO DE MARIQUTA,890701342,Tolima,Mariquita,Territorial,Servicio Público
1175,RAMA JUDICIAL DIRECCION SECCIONAL DE ADMINISTRACION JUDICIAL DE CUCUTA,800165874,Norte de Santander,Cúcuta,Nacional,Ley de Justicia
1176,ESE HOSPITAL PIO XII DE COLON,891201845,Putumayo,Colón,Territorial,Salud y Protección Social
1177,MUNICIPIO DE VILLA DEL ROSARIO,890503373,Norte de Santander,Villa Del Rosario,Territorial,Servicio Público
1178,EMPRESA DISTRIBUIDORA DEL PACIFICO,818001629,Chocó,No Definido,Territorial,Minas y Energía
1179,CENTRO DE SALUD CON CAMAS CANTAGALLO L,829001887,Bolívar,Cantagallo,Territorial,Salud y Protección Social
1180,CENTRAL ADMINISTRATIVA Y CONTABLE ESPECIALIZADA CENAC EDUCACION,901440630,Distrito Capital de Bogotá,Bogotá,Nacional,defensa
1181,EMPRESA DE SERVICIOS PUBLICOS DE PUERTO SALGAR CUNDINAMARCA,832004274,Cundinamarca,Puerto Salgar,Territorial,No aplica/No pertenece
1182,PERSONERIA MUNICIPAL DE BUGA,815000290,Valle del Cauca,Guadalajara De Buga,Territorial,No aplica/No pertenece
1183,ESE HOSPITAL NUESTRA SENORA DE LAS MERCEDES FUNZA DEL MUNICIPIO DE FUNZA,900750333,Cundinamarca,No Definido,Territorial,Salud y Protección Social
1184,ALCALDIA MUNICIPAL DE GINEBRA,800100520,Valle del Cauca,Ginebra,Territorial,No aplica/No pertenece
1185,CONCEJO MUNICIPIO DE TULUA,821001840,Valle del Cauca,Tuluá,Territorial,No aplica/No pertenece
1186,I E FRANCISCO JOSE DE CALDAS,800062427,Arauca,Arauca,Territorial,Educación Nacional
1187,MUNICIPIO DE SAN PEDRO DE LOS MILAGROS,890983922,Antioquia,No Definido,Territorial,Servicio Público
1188,ALCALDIA MUNICIPAL DE PUERTO SANTANDER NORTE DE SANTANDER,800250853,Norte de Santander,Puerto Santander,Territorial,agricultura
1189,MUNICIPIO DE TOCANCIPA,899999428,Cundinamarca,Tocancipá,Territorial,No aplica/No pertenece
1190,AGENCIA PARA LA INFRAESTRUCTURA DEL META,900220547,Meta,Villavicencio,Territorial,No aplica/No pertenece
1191,POLICIA METROPOLITANA SANTIAGO DE CALI,800140625,Valle del Cauca,Cali,Nacional,defensa
1192,AGUAS Y ASEO DE EL PENOL,8110315821,Antioquia,Peñol,Territorial,Ambiente y Desarrollo Sostenible
1193,SENA REGIONAL NARINO GRUPO DE APOYO ADMINISTRATIVO MIXTO,899999034,Nariño,Pasto,Nacional,Trabajo
1194,MUNICIPIO DE ALGECIRAS,891180024,Huila,Algeciras,Territorial,No aplica/No pertenece
1195,E S E CENTRO DE SALUD HERMANA GERTRUDIS,804015154,Santander,Aguada,Territorial,Salud y Protección Social
1196,UNGRD,900478966,Distrito Capital de Bogotá,Bogotá,Nacional,Presidencia de la República
1197,CONTRALORIA MUNICIPAL DE BELLO,811040805,Antioquia,Bello,Territorial,No aplica/No pertenece
1198,CONCEJO MUNICIPAL DE URRAO,890907515,Antioquia,Urrao,Territorial,Ley de Justicia
1199,MUNICIPIO DE SOATA,891855016,Boyacá,Soatá,Territorial,Servicio Público
1200,MUNICIPIO DE TIBASOSA,891855361,Boyacá,Tibasosa,Territorial,No aplica/No pertenece
1201,ALCALDIA MUNICIPAL DE COPER,891801363,Boyacá,Coper,Territorial,Servicio Público
1202,LOTERIA DEL META,800123949,Meta,No Definido,Territorial,Industria
1203,E S E HOSPITAL LOCAL DE ZONA BANANERA,819003632,Magdalena,Zona Bananera,Territorial,Salud y Protección Social
1204,POLICIA METROPOLITANA DE CARTAGENA DE INDIAS,900149064,Bolívar,Cartagena,Nacional,defensa
1205,INSTITUTO DEPARTAMENTAL DE ACCION COMUNAL DEL DEPARTAMENTO DEL HUILA,901834014,Huila,Neiva,Territorial,Servicio Público
1206,CARCEL Y PENITENCIARIA DE MEDIA SEGURIDAD DEL ESPINAL TOLIMA,809002640,Tolima,Espinal,Nacional,Ley de Justicia
1207,MASORA,800183770,Antioquia,Rionegro,Territorial,No aplica/No pertenece
1208,MUNICIPIO DE YARUMAL,890980096,Antioquia,Yarumal,Territorial,No aplica/No pertenece
1209,LOTERIA DE BOYCA,8918010397,Boyacá,Tunja,Territorial,Industria
1210,DEPARTAMENTO ADMINISTRATIVO DE LA DEFENSORIA DEL ESPACIO PUBLICO,899999061,Distrito Capital de Bogotá,Bogotá,Territorial,Servicio Público
1211,INSTITUCION EDUCATIVA ANCHIQUE,890702915,Tolima,Natagaima,Territorial,Educación Nacional
1212,MUNICIPIO DE CHIQUINQUIRA,891800475,Boyacá,Chiquinquirá,Territorial,Servicio Público
1213,SANTIAGO DE CALI DISTRITO ESPECIAL SECRETARIA DE GESTION DEL RIESGO DE EMERGENCIAS Y DESASTRE,890399011,Valle del Cauca,Cali,Territorial,No aplica/No pertenece
1214,CONCEJO MUNICIPAL DE TIMANA,891180182,Huila,Timaná,Territorial,Servicio Público
1215,SENA REGIONAL SUCRE,899999034,Sucre,Sincelejo,Nacional,Servicio Público
1216,INSTITUTO DEPARTAMENTAL DE DEPORTES Y RECREACION DEL CAUCA,817004722,Cauca,Popayán,Territorial,deportes
1217,ESE HOSPITAL INTEGRADO SAN BERNARDO DE BARBOSA,890205456,No Definido,No Definido,Territorial,No aplica/No pertenece
1218,METROLINEA,830507387,Santander,Bucaramanga,Territorial,Transporte
1219,DIRECCION GENERAL MARITIMA INTENDENCIA REGIONAL N 3,802008959,Atlántico,Barranquilla,Nacional,defensa
1220,ALCALDIA LIBANO,800100061,Tolima,Líbano,Territorial,No aplica/No pertenece
1221,MUNICIPIO DE PEQUE,890982301,Antioquia,Peque,Territorial,Servicio Público
1222,CONTRALORIA DEPARTAMENTAL DE ARAUCA,800212625,No Definido,No Definido,Territorial,Servicio Público
1223,REDDI,901066091,Valle del Cauca,Cali,Corporación Autónoma,Ciencia Tecnología
1224,MUNICIPIO DE LA MONTANITA CAQUETA,800095770,Caquetá,La Montañita,Territorial,Servicio Público
1225,CONCEJO MUNICIPAL DE MEDELLIN,890905211,Antioquia,Medellín,Territorial,No aplica/No pertenece
1226,MUNICIPIO DE SALENTO,890001127,Quindío,Salento,Territorial,Servicio Público
1227,CATEDRAL DE SAL DE ZIPAQUIRA SASEM,832006568,Cundinamarca,Zipaquirá,Territorial,Ambiente y Desarrollo Sostenible
1228,DIRECCION DE CARABINEROS Y PROTECCION AMBIENTAL,900192793,Distrito Capital de Bogotá,Bogotá,Nacional,defensa
1229,ALCALDIA DE GUAMAL META,800098193,Meta,Guamal,Territorial,No aplica/No pertenece
1230,MINISTERIO DE IGUALDAD Y EQUIDAD,901733502,Distrito Capital de Bogotá,Bogotá,Nacional,Servicio Público
1231,INSTITUTO DE PLANIFICACION Y PROMOCION DE SOLUCIONES ENERGETICAS PARA LAS ZONAS NO INTERCONECTADAS IPSE,899999048,Distrito Capital de Bogotá,Distrito Capital,Nacional,Minas y Energía
1232,PARQUES NACIONALES NATURALES DE DIRECCION TERRITORIAL ANDES NORORIENTALES,804001738,Santander,Bucaramanga,Territorial,Ambiente y Desarrollo Sostenible
1233,ALCALDIA MUNICIPAL DE PATIA,891502194,Cauca,Patía,Territorial,Servicio Público
1234,TERMINAL DE TRANSPORTE,860052155,Distrito Capital de Bogotá,Bogotá,Territorial,Transporte
1235,HOSPITAL LOCAL DE GUAMAL PRIMER NIVEL,800037202,Meta,Guamal,Territorial,Salud y Protección Social
1236,FONAM DTAN,901037393,Santander,Bucaramanga,Nacional,Ambiente y Desarrollo Sostenible
1237,CONTRALORIA GENERAL DEL DEPARTAMENTO DE LA GUAJIRA,892115012,La Guajira,Riohacha,Territorial,Ley de Justicia
1238,ESTADO SURORIENTE ESE,9001455729,Cauca,Popayán,Territorial,Salud y Protección Social
1239,SETP TRANSFEDERAL,900651344,No Definido,No Definido,Territorial,Transporte
1240,DESAJ CUNDINAMARCA AMAZONAS,901673538,Distrito Capital de Bogotá,Bogotá,Nacional,Ley de Justicia
1241,MUNICIPIO DE SAN FRANCISCO,899999173,Cundinamarca,San Francisco,Territorial,No aplica/No pertenece
1242,ALCALDIA MUNICIPIAL DE SIMACOTA,8902088070,Santander,Simacota,Territorial,Servicio Público
1243,IDECUT,900294905,Distrito Capital de Bogotá,No Definido,Territorial,Cultura
1244,PERSONERIA MUNICIPAL DE VILLAGOMEZ CUNDINAMARCA,899999446,Cundinamarca,Villagómez,Territorial,No aplica/No pertenece
1245,ALCALDIA MUNICIPAL DE BRICENO BOYACA,800099721,Boyacá,Briceño,Territorial,No aplica/No pertenece
1246,ESTABLECIMIENTO PENITENCIARIO DE MEDIANA SEGURIDAD Y CARCELARIO SANTA ROSA DE CABAL,816001880,Risaralda,Santa Rosa De Cabal,Territorial,Ley de Justicia
1247,MUNICIPIO DE SANTA FE DE ANTIOQUIA,890907569,Antioquia,No Definido,Territorial,Servicio Público
1248,BENEFICENCIA DE CUNDINAMARCA,899999072,Distrito Capital de Bogotá,Bogotá,Territorial,Salud y Protección Social
1249,CONCEJO MUNICIPAL DE POPAYAN,817005028,Cauca,Popayán,Territorial,Servicio Público
1250,ALCALDIA MUNICIPIO DE GIRALDO,890983786,Antioquia,Giraldo,Territorial,No aplica/No pertenece
1251,EMPRESA SOCIAL DEL ESTADO SALUD PESCA,8260020314,Boyacá,Pesca,Territorial,Salud y Protección Social
1252,RAMA JUDICIAL DIRECCION SECCIONAL DE ADMINISTRACION JUDICIAL DE PASTO,800165872,Nariño,Pasto,Nacional,Ley de Justicia
1253,MUNICIPIO DE LEBRIJA,890206110,Santander,Lebríja,Territorial,Servicio Público
1254,SANTIAGO DE CALI DISTRITO ESPECIAL SECRETARIA DISTRITAL DE SALUD DE CALI,890399011,Valle del Cauca,Cali,Territorial,Salud y Protección Social
1255,ALCALDIA LOCAL DE TUNJUELITO,899999061,Distrito Capital de Bogotá,Bogotá,Territorial,Servicio Público
1256,INSTITUTO PARA LA RECREACION Y EL DEPORTE EN EL MUNICIPIO DE FLORIDABLANCA IDEFLORIDA,804007267,Santander,Floridablanca,Territorial,No aplica/No pertenece
1257,CONCEJO MUNICIPAL DE PATIA CAUCA,8915021948,Cauca,Patía,Territorial,Servicio Público
1258,INSTITUCION EDUCATIVA TECNICA JUAN LOZANO Y LOZANO,890706849,Tolima,Ibagué,Territorial,Educación Nacional
1259,PARQUES NACIONALES NATURALES DE DIRECCION TERRITORIAL ANDES OCCIDENTALES,811004962,Antioquia,Medellín,Nacional,Ambiente y Desarrollo Sostenible
1260,MUNICIPIO DE PIJAO,890001181,Quindío,Pijao,Territorial,No aplica/No pertenece
1261,FONDO DE VIVIENDA DE INTERES SOCIAL Y REFORMA URBANA DE VALLEDUPAR,800124740,Cesar,Valledupar,Territorial,No aplica/No pertenece
1262,OFICINA ASESORA JURIDICA ALCALDIA DE TULUA,891900272,Valle del Cauca,Tuluá,Territorial,Servicio Público
1263,PERSONERIA MUNICIPAL DE LA ESTRELLA,890980782,Antioquia,La Estrella,Territorial,Ley de Justicia
1264,RAMA JUDICIAL DIRECCION SECCIONAL DE ADMINISTRACION JUDICIAL DE NEIVA,800165866,Huila,Neiva,Nacional,Ley de Justicia
1265,DIRECCION NACIONAL DE INTELIGENCIA,900475460,No Definido,No Definido,Nacional,Inteligencia Estratégica y Contrainteligencia
1266,OFICINA DE CONTROL DISCIPLINARIO INTERNO DE JUZGAMIENTO,8903990295,Valle del Cauca,Cali,Territorial,Servicio Público
1267,ALCALDIA MUNICIPAL DE MALAGA,890205229,Santander,Málaga,Territorial,No aplica/No pertenece
1268,ALCALDIA DE MALAMBO,8901143351,Atlántico,No Definido,Nacional,Servicio Público
1269,E S E HOSPITAL BAUDILIO ACERO,891800857,Boyacá,Turmequé,Territorial,Salud y Protección Social
1270,ALCALDIA MUNICIPIO DE VALDIVIA,890981106,Antioquia,Valdivia,Territorial,Servicio Público
1271,POLICIA METROPOLITANA DE VILLAVICENCIO,900486513,Meta,Villavicencio,Nacional,defensa
1272,COMISION COLOMBIANA DEL OCEANO,800163158,Distrito Capital de Bogotá,No Definido,Nacional,defensa
1273,FISCALIA GENERAL DE LA NACION REGIONAL CENTROSUR,8001875909,Tolima,Ibagué,Nacional,Ley de Justicia
1274,FABRICA DE LICORES DEL TOLIMA,890704763,Tolima,Ibagué,Territorial,Industria
1275,CORPORACION AUTONOMA REGIONAL DE LOS VALLES DEL SINU Y DEL SAN JORGE CVS,891000627,Córdoba,No Definido,Corporación Autónoma,Ambiente y Desarrollo Sostenible
1276,INSTITUCION EDUCATIVA MUNICIPAL ESCUELA NORMAL SUPERIOR DE PASTO,814006505,Nariño,Pasto,Territorial,Educación Nacional
1277,SECRETARIA DE SALUD ALCALDIA DE TULUA,891900272,Valle del Cauca,Tuluá,Territorial,Servicio Público
1278,MUNICIPIO DE ANSERMANUEVO,800100532,Valle del Cauca,Ansermanuevo,Territorial,Servicio Público
1279,FONDO DE BIENESTAR SOCIAL DE LA CONTRALORIA GENERAL DE LA REPUBLICA,800252683,Distrito Capital de Bogotá,No Definido,Nacional,No aplica/No pertenece
1280,ARCHIVO GENERAL DE LA NACION,800128835,Distrito Capital de Bogotá,No Definido,Nacional,Cultura
1281,CONCEJO MUNICIPAL ANDALUCIA,891900443,Valle del Cauca,Andalucía,Territorial,No aplica/No pertenece
1282,AMAZONAS CONTRALORIA DEPARTAMENTAL DEL AMAZONAS,838000110,Amazonas,Leticia,Territorial,Servicio Público
1283,AREA METROPOLITANA DE VALLEDUPAR,900187817,Cesar,Valledupar,Territorial,Servicio Público
1284,ALCALDIA MUNICIPAL DE GACHANTIVA,800020045,Boyacá,Gachantivá,Territorial,Servicio Público
1285,MUNICIPIO DE FREDONIA,890980848,Antioquia,Fredonia,Territorial,Servicio Público
1286,INSTITUTO DE DEPORTE Y RECREACION DEL META IDERMETA,822002510,Meta,Villavicencio,Territorial,deportes
1287,CONTRALORIA GENERAL DEL DEPARTAMENTO DEL CHOCO,818000365,Chocó,Quibdó,Territorial,No aplica/No pertenece
1288,RAMA JUDICIAL DIRECCION SECCIONAL DE ADMINISTRACION JUDICIAL DE SINCELEJO,800165944,Sucre,No Definido,Nacional,Ley de Justicia
1289,ALCALDIA DE PUERTO,8000943862,Atlántico,Puerto Colombia,Territorial,No aplica/No pertenece
1290,EMPRESAS PUBLICAS DEL QUINDIO,800063823,Quindío,Armenia,Territorial,No aplica/No pertenece
1291,SERVICIO NACIONAL DE APRENDIZAJE SENA REGIONAL VAUPES,899999034,Vaupés,No Definido,Nacional,Trabajo
1292,E S E HOSPITAL SANTA ISABEL,800014405,Antioquia,San Pedro,Territorial,Salud y Protección Social
1293,MUNICIPIO DE TARSO,890982583,Antioquia,Tarso,Territorial,Servicio Público
1294,LOTERIA DEL HUILA,800244699,Huila,Neiva,Territorial,Servicio Público
1295,MUNICIPIO DE SIBATE,899999372,Cundinamarca,Sibaté,Territorial,No aplica/No pertenece
1296,RAMA JUDICIAL DIRECCION SECCIONAL DE ADMINISTRACION JUDICIAL DE CALI,805003838,Valle del Cauca,No Definido,Nacional,Ley de Justicia
1297,COMANDO GAULA MILITARES COGAM,900457470,Distrito Capital de Bogotá,No Definido,Nacional,defensa
1298,CORPORACION AUTONOMA REGIONAL DEL QUINDIO,8900004478,Quindío,Armenia,Nacional,No aplica/No pertenece
1299,PARQUES NACIONALES NATURALES DIRECCION TERRITORIAL PACIFICO,805003737,Antioquia,Medellín,Nacional,Ambiente y Desarrollo Sostenible
1300,DIRECCION DE TRANSITO Y TRANSPORTE DE FLORIDABLANCA,800115171,Santander,Floridablanca,Territorial,Transporte
1301,ALCALDIA LOCAL DE ANTONIO NARINO,899999061,Distrito Capital de Bogotá,Bogotá,Territorial,Servicio Público
1302,MUNICIPIO DE MARSELLA,800099317,Risaralda,Marsella,Territorial,Servicio Público
1303,ALCADIA MUNICIPAL DE COPACABANA,8909807673,Antioquia,Copacabana,Territorial,Servicio Público
1304,UNIDAD PRESTADORA DE SALUD SANTANDER,901361090,Santander,Bucaramanga,Nacional,Salud y Protección Social
1305,SENA REGIONAL CALDAS GRUPO DE APOYO ADMINISTRATIVO MIXTO,8999990341,Caldas,No Definido,Nacional,Trabajo
1306,INDERTEN,8320017301,Cundinamarca,Tenjo,Territorial,deportes
1307,MUNICIPIO DE MIRANDA,891500841,Cauca,No Definido,Territorial,No aplica/No pertenece
1308,CENTRAL ADMINISTRATIVA REGIONAL USAQUEN,800131070,Distrito Capital de Bogotá,Bogotá,Nacional,defensa
1309,INDEPORTES CUNDINAMARCA,900294884,Distrito Capital de Bogotá,No Definido,Territorial,deportes
1310,MUNICIPIO DE SANTANA,800020733,Boyacá,Santana,Territorial,Servicio Público
1311,RAMA JUDICIAL DIRECCION SECCIONAL DE ADMINISTRACION JUDICIAL DE MEDELLIN,800165798,Antioquia,Medellín,Nacional,Ley de Justicia
1312,ALCALDIA LOCAL RAFAEL URIBE URIBE,899999061,Distrito Capital de Bogotá,No Definido,Territorial,Servicio Público
1313,ASAMBLEA DEPARTAMENTAL DEL MAGDALENA,891780205,Magdalena,Santa Marta,Territorial,Servicio Público
1314,COLEGIO USMINIA IED,830074780,No Definido,No Definido,Territorial,Educación Nacional
1315,PERSONERIA MUNICIPAL DE GIRARDOT,808001310,Cundinamarca,Girardot,Territorial,Ley de Justicia
1316,ALCALDIA MUNICIPAL DE RESTREPO VALLE DEL CAUCA,891902191,Valle del Cauca,Restrepo,Territorial,Servicio Público
1317,MUNICIPIO DE EL CERRITO,800100533,Valle del Cauca,El Cerrito,Territorial,Servicio Público
1318,CONTRALORIA DE CUNDINAMARCA,899999117,Distrito Capital de Bogotá,Bogotá,Territorial,Servicio Público
1319,AGUAS DEL NORTE ANTIOQUENO,900232836,Antioquia,Yarumal,Territorial,Ambiente y Desarrollo Sostenible
1320,MUNICIPIO DE HISPANIA,890984986,Antioquia,Hispania,Territorial,Servicio Público
1321,INSTITUTO MUNICIPAL PARA EL DEPORTE Y LA RECREACION DE MADRID,800222095,Cundinamarca,Madrid,Territorial,deportes
1322,ESE METROSALUD,800058016,Antioquia,Medellín,Territorial,Salud y Protección Social
1323,ESE HOSPITAL LOCAL ISMAEL ROLDAN VALENCIA,818001019,Chocó,Quibdó,Territorial,Salud y Protección Social
1324,INSTITUTO DE VIVIENDA DE INTERES SOCIAL Y REFORMA URBANA DEL MUNICIPIO DE BUCARAMANGA,804001897,Santander,Bucaramanga,Territorial,"Vivienda, Ciudad y Territorio"
1325,ALCALDIA DE CAICEDONIA,891900660,Valle del Cauca,Caicedonia,Territorial,Servicio Público
1326,POLICIA METROPOLITANA DE BUCARAMANGA,900233117,Santander,Bucaramanga,Territorial,defensa
1327,CORPORACION AUTONOMA REGIONAL DE LA GUAJIRA,892115314,La Guajira,Riohacha,Corporación Autónoma,Ambiente y Desarrollo Sostenible
1328,SANTIAGO DE CALI DISTRITO ESPECIAL DEPARTAMENTO ADMINISTRATIVO DE CONTROL DISCIPLINARIO INTERNO,890399011,Valle del Cauca,Cali,Territorial,Servicio Público
1329,ALCALDIA MUNICIPIO CARMEN DE CARUPA,899999367,Cundinamarca,No Definido,Territorial,Servicio Público
1330,MUNICIPIO DE PACHO,899999475,Cundinamarca,Pacho,Territorial,No aplica/No pertenece
1331,ESCUELA DE POLICIA SIMON BOLIVAR,800141336,Valle del Cauca,No Definido,Territorial,defensa
1332,MUNICIPIO DE GALAPA,890102472,Atlántico,Galapa,Territorial,No aplica/No pertenece
1333,AGENCIA PARA LA GESTION DEL PAISAJE EL PATRIMONIO Y LAS ALIANZAS PUBLICO PRIVADAS APP,900623766,No Definido,No Definido,Territorial,Ciencia Tecnología
1334,PERSONERIA MUNICIPAL LA DORADA CALDAS,890801130,Caldas,La Dorada,Territorial,Servicio Público
1335,MUNICIPIO DE ARMENIA,890983763,Antioquia,No Definido,Territorial,Servicio Público
1336,INSTITUCION EDUCATIVA PIO XI,811017464,Antioquia,La Unión,Territorial,Educación Nacional
1337,PATRIMONIO AUTONOMO FONDO NACIONAL DEL TURISMO FONTUR,900649119,Distrito Capital de Bogotá,Bogotá,Nacional,Industria
1338,ALCALDIA NEMOCON,899999366,Cundinamarca,Nemocón,Territorial,Servicio Público
1339,SENA REGIONAL GUAVIARE,899999034,Guaviare,San José Del Guaviare,Nacional,Educación Nacional
1340,DIRECCION DE ANTINARCOTICOS,800141379,Cundinamarca,Cota,Nacional,defensa
1341,HOSPITAL REGIONAL ALFONSO JARAMILLO SALAZAR E S E,890701718,Tolima,Líbano,Territorial,Salud y Protección Social
1342,CASA MUNICIPAL DE LA CULTURA,800185741,Antioquia,No Definido,Territorial,Cultura
1343,INSTITUCION UNIVERSITARIA DE ROLDANILLO,891902811,Valle del Cauca,Roldanillo,Nacional,Educación Nacional
1344,CONCEJO MUNICIPAL DE SAN JOSE DE CUCUTA,890505717,Norte de Santander,Cúcuta,Territorial,Servicio Público
1345,ALCALDIA MUNICIPIO DE ARJONA BOLIVAR,8904802541,Bolívar,Arjona,Territorial,Servicio Público
1346,CONCEJO MUNICIPAL DE CHIGORODO,890980998,Antioquia,Chigorodó,Territorial,Servicio Público
1347,PERSONERIA MUNICIPAL DE COTA,900569944,Cundinamarca,Cota,Territorial,No aplica/No pertenece
1348,HOSPITAL SAN CRISTOBAL DE CIENAGA EMPRESA SOCIAL DEL ESTADO,800130625,Magdalena,Ciénaga,Territorial,Salud y Protección Social
1349,MUNICIPIO DE VILLAPINZON,899999445,Cundinamarca,Villapinzón,Territorial,No aplica/No pertenece
1350,INSTITUTO DEPARTAMENTAL DE RECREACION Y DEPORTE INDERSANTANDER SITIO OFICIAL,804004370,Santander,Bucaramanga,Territorial,deportes
1351,UNIDAD ADMINISTRATIVA ESPECIAL DE CIENCIA TECNOLOGIA E INNOVACION DE TUNJA,900744914,Boyacá,Tunja,Territorial,Ciencia Tecnología
1352,EMPRESA SOCIAL DEL ESTADO HOSPITAL DIVINO NINO,813002933,Huila,Rivera,Territorial,Salud y Protección Social
1353,CENTRO DE SALUD SAN BARTOLOME DE CORDBA ESE,814006908,No Definido,No Definido,Territorial,Salud y Protección Social
1354,ERUM,810000319,Caldas,Manizales,Territorial,"Vivienda, Ciudad y Territorio"
1355,MUNICIPIO DE BELEN DE UMBRIA,891480024,Risaralda,Belén De Umbría,Territorial,Servicio Público
1356,TELEVISION REGIONAL DEL ORIENTE LIMITADA CANAL TRO,807000294,Santander,Floridablanca,Nacional,Tecnologías de la Información y las Comunicaciones
1357,ALCALDIA MUNICIPIO DE CAMPOALEGRE,891118119,Huila,Campoalegre,Territorial,Servicio Público
1358,ALCALDIA MUNICIPIO DE SATIVASUR,8000994412,Boyacá,Sativasur,Territorial,Servicio Público
1359,ALCALDIA MUNICIPIO DE LA VEGA CUNDINAMARCA,800073475,Cundinamarca,La Vega,Territorial,Servicio Público
1360,ALCALDIA DE PAICOL HUILA,891180194,Huila,Paicol,Territorial,Servicio Público
1361,E S E HOSPITAL SAN JOSE DE ISNOS,813010996,Huila,Isnos,Territorial,Salud y Protección Social
1362,INSTITUCION EDUCATIVA JOSE FELIX DE RESTREPO VELEZ,811017572,No Definido,No Definido,Territorial,Educación Nacional
1363,FONDO NACIONAL AMBIENTAL ANLA,830025267,Distrito Capital de Bogotá,No Definido,Nacional,Ambiente y Desarrollo Sostenible
1364,HOSPITAL GONZALO CONTRERAS E S E,891900367,Valle del Cauca,La Unión,Territorial,Salud y Protección Social
1365,INSTITUCION EDUCATIVA VILLA ESTADIO,802004479,Atlántico,Soledad,Territorial,Educación Nacional
1366,IMVIYUMBO,800173492,Valle del Cauca,Yumbo,Territorial,"Vivienda, Ciudad y Territorio"
1367,DEPARTAMENTO DE POLICIA QUINDIO UNIDAD PRESTADORA DE SALUD QUINDIO,800140986,Quindío,No Definido,Nacional,defensa
1368,ALCALDIA DE SAN PABLO BOLIVAR,890480203,Bolívar,San Pablo,Territorial,Servicio Público
1369,ICBF REGIONAL VICHADA,899999239,Vichada,Puerto Carreño,Nacional,Salud y Protección Social
1370,EMPRESA CONSTRUCTORA DE VIVIENDA DE TUNJA ECOVIVIENDA,820003259,Boyacá,Tunja,Territorial,"Vivienda, Ciudad y Territorio"
1371,PERSONERIA MUNICIPAL DE PALMIRA,815000301,Valle del Cauca,Palmira,Territorial,Ley de Justicia
1372,SANTIAGO DE CALI DISTRITO ESPECIAL SECRETARIA DE TURISMO,890399011,Valle del Cauca,Cali,Territorial,Industria
1373,COMPLEJO CARCELARIO Y PENITENICARIO DE MEDIA SEGURIDAD DE CUCUTA INCLUYE PABELLON DE RECLUSION ESPECIAL,900577112,Norte de Santander,Cúcuta,Nacional,Ley de Justicia
1374,GOBERNACION DEL VALLE SECRETARIA DE ASUNTOS ETNICOS,890399029,Valle del Cauca,No Definido,Territorial,No aplica/No pertenece
1375,IEDOLORESMARIAUCROS,8901030288,No Definido,No Definido,Territorial,Educación Nacional
1376,CENTRAL ADMINISTRATIVA Y CONTABLE CENAC FLORENCIA,808001433,Caquetá,Florencia,Nacional,defensa
1377,MUNICIPIO DE CAQUEZA,899999462,Cundinamarca,Caqueza,Territorial,Servicio Público
1378,FONDO DE VALORIZACION DEL MUNICIPIO DE MEDELLIN,900158929,Antioquia,Medellín,Territorial,Hacienda y Crédito Público
1379,PEOPLE CONTACT EN REESTRUCTURACION,9001591060,Caldas,Manizales,Territorial,Tecnologías de la Información y las Comunicaciones
1380,ALCALDIA MUNICIPAL DE EL COLEGIO,890680162,Cundinamarca,El Colegio,Territorial,Servicio Público
1381,ALCALDIA MUNICIPAL TAUSA,899999481,Cundinamarca,Tausa,Territorial,Servicio Público
1382,ESE HOSPITAL SAN ROQUE1,890980866,Antioquia,La Unión,Territorial,Salud y Protección Social
1383,CENTRO DE DIAGNOSTICO AUTOMOTOR DE POPAYAN,800253040,Cauca,Popayán,Corporación Autónoma,Transporte
1384,SENA REGIONAL ANTIOQUIA GRUPO ADMINISTRATIVO CTPGA,899999034,Antioquia,Caucasia,Nacional,Trabajo
1385,MUNICIPIO DE CORRALES,891855748,Boyacá,Corrales,Territorial,Servicio Público
1386,FEDERACION COLOMBIANA DE MUNICIPIOS,800082665,Distrito Capital de Bogotá,Bogotá,Corporación Autónoma,No aplica/No pertenece
1387,MUNICIPIO DE SAN ANTONIO DEL TEQUENDAMA,860527046,Cundinamarca,San Antonio Del Tequendama,Territorial,No aplica/No pertenece
1388,ASOCIACION DE MUNICIPIOS DEL URABA ANTIOQUENO ASOMURA,900795141,Antioquia,Apartadó,Corporación Autónoma,Servicio Público
1389,MUNICIPIO DE SOCOTA,800026911,Boyacá,Socotá,Nacional,Servicio Público
1390,MUNICIPIO DE PINCHOTE,890204265,Santander,Pinchote,Territorial,Servicio Público
1391,ESE HOSPITAL CONCORDIA,8190034624,Magdalena,Concordia,Territorial,Salud y Protección Social
1392,COLEGIO MARIA JOSEFA CANELONES I E D,901805024,Distrito Capital de Bogotá,Bogotá,Territorial,Educación Nacional
1393,MUNICIPIO DE VALPARAISO,890984186,Antioquia,Valparaíso,Territorial,Servicio Público
1394,CONCEJO MUNICIPAL DE SALDANA,809004507,Tolima,Saldaña,Territorial,Servicio Público
1395,MUNICIPIO DE SAN EDUARDO,891801282,Boyacá,San Eduardo,Territorial,No aplica/No pertenece
1396,CORPORACION AUTONOMA REGIONAL DEL ATLANTICO,802000339,Atlántico,Barranquilla,Corporación Autónoma,agricultura
1397,CONTRALORIA GENERAL DEL CAUCA,891500403,Cauca,Popayán,Territorial,No aplica/No pertenece
1398,MUNICIPIO DE TIMBIO,891500742,Cauca,Timbío,Territorial,No aplica/No pertenece
1399,ALCALDIA MUNICIPAL DE MELGAR,890701933,Tolima,Melgar,Territorial,No aplica/No pertenece
1400,INSTITUCION EDUCATIVA DEPARTAMENTAL SANTA TERESA DE JESUS,891780221,Magdalena,El Banco,Territorial,Educación Nacional
1401,EIS CUCUTA,890500529,Norte de Santander,Cúcuta,Territorial,No aplica/No pertenece
1402,PERSONERIA MUNICIPAL DE YACUANQUER,8140021777,No Definido,No Definido,Territorial,Servicio Público
1403,SENA REGIONAL ARAUCA GRUPO DE APOYO ADMINISTRATIVO MIXTO,899999034,Arauca,Arauca,Nacional,Trabajo
1404,ALCALDIA MUNICIPAL DE VIOTA,890680142,Cundinamarca,Viotá,Territorial,Servicio Público
1405,CONTRALORIA DISTRITAL DE SANTA MARTA,891702569,Magdalena,Santa Marta,Territorial,Servicio Público
1406,CONCEJO MUNICIPAL DE SINCELEJO CMS,823000135,Sucre,Sincelejo,Territorial,No aplica/No pertenece
1407,EMAVI,800141621,Valle del Cauca,Cali,Nacional,defensa
1408,CENTRAL ADMINISTRATIVA Y CONTABLE CENAC ARMENIA,901540882,Quindío,Armenia,Nacional,defensa
1409,RECLUSION DE MUJERES DE BOGOTA,830032895,Distrito Capital de Bogotá,Bogotá,Nacional,Ley de Justicia
1410,SENA REGIONAL BOLIVAR GRUPO ADMINISTRATIVO CINFP,899999034,Distrito Capital de Bogotá,Bogotá,Nacional,Trabajo
1411,CONTRALORIA GENERAL DEL QUINDIO,890003017,Quindío,Armenia,Territorial,No aplica/No pertenece
1412,CONTRALORIA DEPARTAMENTAL DEL META,892099119,Meta,Villavicencio,Territorial,Servicio Público
1413,MUNICIPIO DE OICATA,800026156,Boyacá,Oicatá,Territorial,No aplica/No pertenece
1414,ESAP TERRITORIAL VALLE DEL CAUCA,800117545,Valle del Cauca,Cali,Nacional,Educación Nacional
1415,EMPRESA DE DESARROLLO URBANO DE PEREIRA EDUP,901065380,Risaralda,Pereira,Territorial,Planeación
1416,CONCEJO MUNICIPAL DE ARMENIA,801002207,Quindío,Armenia,Territorial,Servicio Público
1417,MUNICIPIO DE TOCA,800099642,Boyacá,No Definido,Territorial,Servicio Público
1418,CENTRO DE SALUD FUNES ESE,9001286551,Nariño,Funes,Territorial,Salud y Protección Social
1419,MUNICIPIO LA DORADA,890801130,Caldas,La Dorada,Territorial,Servicio Público
1420,MUNICIPIO DE DURANIA NORTE DE SANTANDER,800099237,Norte de Santander,Durania,Territorial,No aplica/No pertenece
1421,BIBLIOTECA DEPARTAMENTAL JORGE GARCES BORRERO,890399039,Valle del Cauca,No Definido,Territorial,Cultura
1422,INSTITUTO MUNICIPAL DE CULTURA JOAQUIN PINEROS CORPAS,832000983,Cundinamarca,Tabio,Territorial,Cultura
1423,PERSONERIA MUNICIPAL DE DOSQUEBRADAS,816000158,Risaralda,Dosquebradas,Territorial,Servicio Público
1424,ALCALDIA DE LA APARTADA CORDOBA,812001681,Córdoba,La Apartada,Territorial,No aplica/No pertenece
1425,SUBCUENTA DEL SISTEMA DE PARQUES NACIONALES NATURALES DEL FONDO NACIONAL AMBIENTAL FONAM DTAM AMAZONAS,901037393,Distrito Capital de Bogotá,No Definido,Nacional,Ambiente y Desarrollo Sostenible
1426,ALCALDIA MUNICIPAL SARDINATA,800099263,Norte de Santander,No Definido,Nacional,Servicio Público
1427,REGION ADMINISTRATIVA DE PLANIFICACION RAP PACIFICO,901127870,Valle del Cauca,No Definido,Territorial,"Vivienda, Ciudad y Territorio"
1428,ESTABLECIMIENTO PENITENCIARIO DE MEDIANA SEGURIDAD Y CARCELARIO DE PEREIRA,816001832,Risaralda,Pereira,Nacional,Ley de Justicia
1429,GOBVALLE HACIENDA,8903990295,Valle del Cauca,Cali,Territorial,Hacienda y Crédito Público
1430,ESE CENTRO DE SALUD SANTA LUCIA ATLANTICO,802006991,Atlántico,Santa Lucía,Territorial,Salud y Protección Social
1431,CONTRALORIA MUNICIPAL DE SABANETA,901747507,Antioquia,Sabaneta,Territorial,No aplica/No pertenece
1432,E S E HOSPITAL UNIVERSITARIO DE SANTANDER,900006037,Santander,Bucaramanga,Territorial,Salud y Protección Social
1433,SENA REGIONAL ANTIOQUIA GRUPO ADMINISTRATIVO CFMA,899999034,Antioquia,El Bagre,Nacional,Trabajo
1434,CONCEJO MUNICIPAL SAN VICENTE DEL CAGUAN,828001421,Caquetá,San Vicente Del Caguán,Territorial,interior
1435,MUNICIPIO DE VICTORIA,890801151,Caldas,Victoria,Territorial,Servicio Público
1436,ESE HOSPITAL SAN RAFAEL DE CONCEPCION,890203551,Santander,No Definido,Territorial,Salud y Protección Social
1437,PERSONERIA MUNICIPAL DE FLORIDABLANCA,800254620,Santander,No Definido,Territorial,No aplica/No pertenece
1438,ALCALDIA MUNICIPAL DE FUNDACION,891780045,Magdalena,Fundación,Territorial,agricultura
1439,MUNICIPIO DE JERICO ANTIOQUIA,890981069,Antioquia,No Definido,Territorial,No aplica/No pertenece
1440,CONCEJO MUNICIPAL DE SABANETA,890980331,Antioquia,Sabaneta,Territorial,Servicio Público
1441,GOBERNACION DEL VALLE DEL CAUCA DADI,8903990295,Valle del Cauca,Cali,Territorial,Servicio Público
1442,CONTRALORIA MUNICIPAL DE BUCARAMANGA,890211142,Santander,Bucaramanga,Territorial,No aplica/No pertenece
1443,ALCALDIA DE FLANDES,8001000556,Tolima,Flandes,Territorial,Servicio Público
1444,SANTIAGO DE CALI DISTRITO ESPECIAL SECRETARIA DE BIENESTAR SOCIAL,890399011,Valle del Cauca,Cali,Territorial,Inclusión Social y Reconciliación
1445,CONCEJO MUNICIPAL DE VILLANUEVA CASANARE,892099475,Casanare,Villanueva,Territorial,No aplica/No pertenece
1446,MUNICIPIO DE PUERTO RICO CAQUETA,8000957759,Caquetá,Puerto Rico,Territorial,Servicio Público
1447,INSTITUTO DE TRANSITO Y TRANSPORTE DE SOGAMOSO,826000226,Boyacá,Sogamoso,Territorial,Transporte
1448,CONCEJO MUNICIPAL DE ANAPOIMA,890680097,Cundinamarca,Anapoima,Territorial,No aplica/No pertenece
1449,ESAP TERRITORIAL ANTIOQUIA,800117519,Antioquia,Medellín,Nacional,Educación Nacional
1450,CACOM 4,800141632,Tolima,Melgar,Nacional,defensa
1451,ALCALDIA DE CIUDAD BOLIVAR,890980330,Antioquia,No Definido,Territorial,Servicio Público
1452,CENAC AVIACION,830039207,Distrito Capital de Bogotá,No Definido,Nacional,defensa
1453,INDUSTRIAS CARNICAS DEL ORIENTE,900014646,Antioquia,Rionegro,Territorial,Industria
1454,MUNICIPIO DE BETEITIVA BOYACA,800017288,Boyacá,Betéitiva,Territorial,Servicio Público
1455,INSTITUTO MUNICIPAL DEL DEPORTE Y LA RECREACION DE PALMIRA,815000340,Valle del Cauca,No Definido,Territorial,deportes
1456,MUNICIPIO DE FUQUENE,899999323,Cundinamarca,Fúquene,Territorial,Servicio Público
1457,EMPRESA INDUSTRIAL Y COMERCIAL DEL ESTADO TERMINAL DE TRANSPORTES DE AGUAZUL EL GARCERO DEL LLANO E I C,900580845,Casanare,Aguazul,Territorial,Transporte
1458,HOSPITAL SAN ANTONIO E S E DE HERVEO TOLIMA,890700907,Tolima,Herveo,Territorial,Salud y Protección Social
1459,UNIDAD ADMINISTRATIVA ESPECIAL DE LA JUSTICIA PENAL MILITAR Y POLICIAL,900384997,Distrito Capital de Bogotá,Bogotá,Nacional,defensa
1460,DISAN DMSOC,901540992,Distrito Capital de Bogotá,No Definido,Nacional,defensa
1461,ALCALDIA DE DIBULLA,825000134,La Guajira,Dibulla,Territorial,Servicio Público
1462,ALCALDIA EL PITAL,8911801990,Huila,Pital,Territorial,Servicio Público
1463,INDERMA MARINILLA,811008841,Antioquia,Marinilla,Territorial,deportes
1464,NUEVA EMPRESA SOCIAL DEL ESTADO HOSPITAL DEPARTAMENTAL SAN FRANCISCO DE ASIS,9011081145,Chocó,Quibdó,Territorial,Salud y Protección Social
1465,CUERPO DE BOMBEROS OFICIAL DE MONTERIA,800211751,Córdoba,Montería,Territorial,Ambiente y Desarrollo Sostenible
1466,REGION DE PLANEACION Y GESTION AUTORIDAD REGIONAL DE TRANSPORTE DE LA AGLOMERACION SUROCCIDENTAL DE EN EL VALLE DEL CAUCA,901650829,Valle del Cauca,Cali,Territorial,Planeación
1467,EMPRESA DE SERVICIOS PUBLICOS DE PRADO EMSERPRADO 1,900278541,Tolima,Prado,Territorial,No aplica/No pertenece
1468,MUNICIPIO DE MIRAFLORES GUAVIARE,800103198,Guaviare,Miraflores,Nacional,Servicio Público
1469,INSTITUCION UNIVERSITARIA PUBLICA DE BELLO IUPBELLO,9017979675,Antioquia,Bello,Territorial,Servicio Público
1470,SENA REGIONAL BOYACA GRUPO ADMINISTRATIVO CDAA,899999034,Boyacá,Duitama,Nacional,Trabajo
1471,E S E HOSPITAL PEDRO NEL CARDONA,8909821340,Antioquia,Arboletes,Territorial,Salud y Protección Social
1472,ALCALDIA MUNICIPAL LA VIRGINIA RISARALDA,891480027,Risaralda,La Virginia,Territorial,Servicio Público
1473,SOCIEDAD DE ACTIVOS ESPECIALES,900265408,Distrito Capital de Bogotá,No Definido,Nacional,Hacienda y Crédito Público
1474,CONCEJO DE EL PENOL,814005543,Nariño,El Peñol,Territorial,No aplica/No pertenece
1475,PERSONERIA MUNICIPAL DE GUATEQUE,820002490,Boyacá,Guateque,Territorial,Servicio Público
1476,UNIDAD PRESTADORA DE SALUD NARINO,900807338,Nariño,No Definido,Nacional,defensa
1477,EMPRESA DE SERVICIOS PUBLICOS DE CORDOBA QUINDIO,801001380,Quindío,Córdoba,Territorial,Servicio Público
1478,CONCEJO MUNICIPAL DE REMEDIOS,8909843124,Antioquia,Remedios,Territorial,Servicio Público
1479,DMORI,9015411545,Meta,Villavicencio,Nacional,defensa
1480,INSTITUCION EDUCATIVA DEPARTAMENTAL TECNICO AGROPECUARIO JAIME DE NARVAEZ BELTRAN,808001253,Cundinamarca,Beltrán,Territorial,Educación Nacional
1481,ALCALDIA ALEJANDRIA,890983701,Antioquia,Alejandría,Territorial,Servicio Público
1482,ALCALDIA MUNICIPIO DE ISNOS,800097098,Huila,Isnos,Territorial,Servicio Público
1483,PERSONERIA MUNICIPAL DE AQUITANIA,900933332,No Definido,No Definido,Territorial,No aplica/No pertenece
1484,EMPRESA DE SERVICIOS PUBLICOS DE SAN FRANCISCO ANTIOQUIA,900657172,Antioquia,San Francisco,Territorial,Servicio Público
1485,MUNICIPIO DE SARAVENA,800102799,Arauca,Saravena,Territorial,Servicio Público
1486,ADMINISTRADORA COLOMBIANA DE PENSIONES COLPENSIONES,900336004,Distrito Capital de Bogotá,Bogotá,Nacional,Trabajo
1487,ASOCIACION DE MUNICIPIOS DEL NORTE ANTIOQUENO AMUNORTE,8110303954,Antioquia,Medellín,Territorial,No aplica/No pertenece
1488,E S E HOSPITAL SAN FRANCISCO DE GACHETA,899999163,Cundinamarca,Gachetá,Territorial,Salud y Protección Social
1489,CONTRALORIA MUNICIPAL DE SOACHA,832000669,Cundinamarca,No Definido,Territorial,Servicio Público
1490,HOSPITAL SAN JUAN DE DIOS ESE RIONEGRO,890907254,Antioquia,Rionegro,Territorial,Salud y Protección Social
1491,TEATRO MUNICIPAL ENRIQUE BUENAVENTURA,800178575,Valle del Cauca,Cali,Territorial,Cultura
1492,CENTRAL ADMINISTRATIVA Y CONTABLE CENAC BUCARAMANGA,800130717,Santander,Bucaramanga,Nacional,defensa
1493,PERSONERIA MUNICIPAL DE SAN PEDRO DE LOS MILAGROS,890983922,Antioquia,San Pedro,Territorial,Servicio Público
1494,CONTRALORIA MUNICIPAL DE ENVIGADO,811031484,Antioquia,Envigado,Territorial,Servicio Público
1495,E S E HOSPITAL NUESTRA SENORA DEL CARMEN DEL COLEGIO,860020094,Cundinamarca,El Colegio,Territorial,Salud y Protección Social
1496,DEPARTAMENTO DE CUNDINAMARCA SECRETARIA DE COMPETITIVIDAD Y DESARROLLO ECONOMICO,899999114,Distrito Capital de Bogotá,Bogotá,Territorial,Industria
1497,MUNICIPIO DE PURIFICACION,890701077,Tolima,No Definido,Territorial,Servicio Público
1498,ESTABLECIMIENTO PENITENCIARIO DE MEDIANA SEGURIDAD Y CARCELARIO DE YOPAL INPEC,844000729,Casanare,Yopal,Nacional,Ley de Justicia
1499,EMPRESA DE SERVICIOS PUBLICOS DOMICILIARIOS DE PUERRES,814007234,Nariño,Puerres,Territorial,No aplica/No pertenece
1500,INSTITUCION EDUCATIVA MEGACOLEGIO EL PROGRESO,900607903,Casanare,Yopal,Territorial,Educación Nacional
1501,PERSONERIA MUNICIPAL DE INIRIDA,7180873,Guainía,Inírida,Territorial,No aplica/No pertenece
1502,PERSONERIA SAN JOSE,810001998,Caldas,San José,Territorial,No aplica/No pertenece
1503,EMPRESA SOCIAL DEL ESTADO HOSPITAL SAGRADO CORAZON DE JESUS,881862576,Boyacá,Socha,Territorial,Salud y Protección Social
1504,ALCALDIA MUNICIPAL DE VILLETA,899999312,Cundinamarca,Villeta,Territorial,Servicio Público
1505,EMPRESAS PUBLICAS DE JERICO ANTIOQUIA,900191468,No Definido,No Definido,Territorial,"Vivienda, Ciudad y Territorio"
1506,EMPRESAS PUBLICAS DE PUERTO BOYACA,8200014059,Boyacá,Puerto Boyacá,Territorial,Industria
1507,ALCALDIA LOCAL DE SUMAPAZ,899999061,Distrito Capital de Bogotá,Bogotá,Territorial,Servicio Público
1508,SANTIAGO DE CALI DISTRITO ESPECIAL UNIDAD ADMINISTRATIVA ESPECIAL DE SERVICIOS PUBLICOS,890399011,Valle del Cauca,Cali,Territorial,No aplica/No pertenece
1509,MUNICIPIO DE SORA,800019277,Boyacá,Sora,Nacional,No aplica/No pertenece
1510,INSTITUCION EDUCATIVA JUAN HURTADO,891410507,Risaralda,Belén De Umbría,Territorial,Educación Nacional
1511,CONSEJO NACIONAL PROFESIONAL DE ECONOMIA,860501199,Distrito Capital de Bogotá,Bogotá,Nacional,Educación Nacional
1512,CONCEJO MUNICIPAL DE CHOCONTA,832006104,Cundinamarca,Chocontá,Territorial,Servicio Público
1513,MUNICIPIO DE BERBEO,800099390,Boyacá,Berbeo,Territorial,No aplica/No pertenece
1514,SECRETARIA DISTRITAL DE SALUD,899999061,Distrito Capital de Bogotá,No Definido,Territorial,Salud y Protección Social
1515,MUNICIPIO DE COVARACHIA1,891857920,Boyacá,Covarachía,Territorial,Planeación
1516,INSTITUTO MUNICIPAL DE TRANSPORTE Y MOVILIDAD DE PUERTO ASIS,900545801,Putumayo,Mocoa,Territorial,No aplica/No pertenece
1517,PERSONERIA MUNICIPAL LA VICTORIA,900053234,No Definido,No Definido,Territorial,Servicio Público
1518,ALCALDIA MUNICIPAL DE EL SOCORRO,890203688,Santander,Socorro,Territorial,Servicio Público
1519,CENTRO DE DIAGNOSTICO AUTOMOTOR DE TULUA LIMITADA,800235528,Valle del Cauca,Tuluá,Territorial,Transporte
1520,CONTRALORIA DISTRITAL DE BUENAVENTURA,8000933725,Valle del Cauca,Buenaventura,Territorial,No aplica/No pertenece
1521,COLEGIO LA CAMPINA YOPAL,844001550,Casanare,Yopal,Territorial,Educación Nacional
1522,MUNICIPIO DE SALADOBLANCO,891180180,Huila,Saladoblanco,Territorial,Servicio Público
1523,FONDO DE VIVIENDA DE INTERES SOCIAL Y REFORMA URBANA EN EL MUNICIPIO DE PUERTO BERRIO,811003649,Antioquia,Puerto Berrío,Territorial,Servicio Público
1524,CASA DE LA CULTURA JORGE ELIECER GAITAN,892000430,Meta,Villavicencio,Territorial,Cultura
1525,ESCUELA DE SUBOFICIALES Y NIVEL EJECUTIVO GONZALO JIMENEZ DE QUESADA,800141206,Cundinamarca,Sibaté,Nacional,defensa
1526,CONCEJO MUNICIPAL DE EL CARMEN DE VIBORAL,890982616,Antioquia,El Carmen De Viboral,Territorial,No aplica/No pertenece
1527,ALCALDIA MUNICIPAL DE CHAPARRAL,800100053,Tolima,Chaparral,Territorial,Servicio Público
1528,INSTITUTO DE CULTURA RECREACION Y DEPORTE DE PITALITO,900809150,Huila,Pitalito,Territorial,Cultura
1529,AGROSUR,813013649,Huila,Pitalito,Nacional,agricultura
1530,EMPRESA DE DESARROLLO URBANO Y HABITAT,900272057,Antioquia,Sabaneta,Territorial,No aplica/No pertenece
1531,PERSONERIA MUNICIPAL SANTA ROSA DEL SUR,829001174,Bolívar,Santa Rosa Del Sur,Territorial,No aplica/No pertenece
1532,CENTRO TECNOLOGICO DE CUCUTA,807009100,Norte de Santander,Cúcuta,Territorial,Educación Nacional
1533,INSTITUCION EDUCATIVA TECNICA MANUELA BELTRAN,800251680,Atlántico,Soledad,Territorial,Educación Nacional
1534,INSTITUTO DE CULTURA Y TURISMO DE MANIZALES,800250029,Caldas,Manizales,Territorial,Cultura
1535,INSTITUCION EDUCATIVA TECNICA NICOLAS RAMIREZ,800014626,Tolima,Ortega,Territorial,Educación Nacional
1536,INSTITUCION EDUCATIVA DISTRITAL PARAISO MIRADOR,830040873,Distrito Capital de Bogotá,Bogotá,Territorial,Educación Nacional
1537,INSTITUTO DEPARTAMENTAL DE TRANSITO DEL QUINDIO,890001536,Quindío,Circasia,Territorial,Transporte
1538,ASAMBLEA DEPARTAMENTAL DE SUCRE,800051900,Sucre,No Definido,Territorial,Servicio Público
1539,MUNICIPIO DE SAN JERONIMO,890920814,Antioquia,San Jerónimo,Territorial,No aplica/No pertenece
1540,ITTHUILA,800115005,Huila,Rivera,Territorial,Transporte
1541,MUNICIPIO DE COMBITA,891801932,Boyacá,Cómbita,Territorial,Servicio Público
1542,UNIDAD PRESTADORA DE SALUD ARAUCA,9008012094,Arauca,Arauca,Nacional,defensa
1543,IET NUESTRA SENORA DE FATIMA,890706300,Tolima,Espinal,Territorial,Educación Nacional
1544,ALCALDIA DE FILANDIA,890001339,Quindío,Filandia,Territorial,Servicio Público
1545,ALCALDIA MUNICIPAL CHIVATA,800014989,Boyacá,Chivatá,Territorial,Servicio Público
1546,APOYO LOGISTICO COMANDO EJERCITO,8001306324,Boyacá,Tunja,Nacional,defensa
1547,AEROPUERTO INTERNACIONAL MATECANA,891480014,Risaralda,Pereira,Territorial,Servicio Público
1548,MUNICIPIO DE SUCRE,817003440,Cauca,Sucre,Territorial,Servicio Público
1549,ASOCIACION DE MUNICIPIOS DEL OCCIDENTE ANTIOQUENO,900796602,No Definido,No Definido,Territorial,No aplica/No pertenece
1550,CORPORACION FRESNENSE DE OBRAS SANITARIAS,800123131,No Definido,No Definido,Nacional,No aplica/No pertenece
1551,CENTRO DE DIAGNOSTICO AUTOMOTOR DE NARINO,800206629,Nariño,Pasto,Territorial,Transporte
1552,ESE HOSPITAL DEPARTAMENTAL SAN ANTONIO DE MARMATO,810001392,Caldas,Marmato,Territorial,Salud y Protección Social
1553,INSTITUCION EDUCATIVA ABSALON TORRES CAMACHO,815001161,Valle del Cauca,Florida,Territorial,Educación Nacional
1554,CONTRALORIA GENERAL DE LA REPUBLICA GERENCIA DEPARTAMENTAL COLEGIADA DE BOLIVAR,899999067,Bolívar,Cartagena,Nacional,Servicio Público
1555,ALCALDIA MUNICIPIO DE ANGELOPOLIS,890981493,Antioquia,Angelópolis,Territorial,Servicio Público
1556,MUNICIPIO DE CANASGORDAS,890982238,Antioquia,No Definido,Territorial,Servicio Público
1557,PERSONERIA MUNICIPAL ALBAN CUNDINAMARCA,899999450,Cundinamarca,Albán,Nacional,No aplica/No pertenece
1558,UAE SETP AVANTE PASTO,900358918,Nariño,Pasto,Territorial,No aplica/No pertenece
1559,CONTRALORIA GENERAL DE LA REPUBLICA CGR GERENCIA DEPARTAMENTAL CESAR,899999067,Cesar,Valledupar,Nacional,No aplica/No pertenece
1560,INSTITUTO MUNICIPAL PARA EL DESARROLLO Y LA PRACTICA DEL DEPORTE LA RECREACION Y EL APROVECHAMIENTO DEL TIEMPO LIBRE INDER GUARNE,811007013,Antioquia,Guarne,Territorial,deportes
1561,ALCALDIA DE AGUACHICA,800096561,Cesar,Aguachica,Territorial,Servicio Público
1562,ALCALDIA MUNICIPAL DE CLEMENCIA BOLIVAR,806000701,Bolívar,Clemencia,Territorial,No aplica/No pertenece
1563,INSTITUTO DE DESARROLLO DE ARAUCA,834000764,Arauca,Arauca,Territorial,Servicio Público
1564,CONCEJO MUNICIPAL DE YOPAL,844000423,Casanare,Yopal,Corporación Autónoma,No aplica/No pertenece
1565,MUNICIPIO MATANZA,890206696,Santander,Matanza,Territorial,Servicio Público
1566,MUNICIPIO DE SUBACHOQUE,899999314,Cundinamarca,Subachoque,Territorial,Servicio Público
1567,UNIDAD PRESTADORA DE SALUD META POLICIA NACIONAL,901361398,Meta,Villavicencio,Nacional,Salud y Protección Social
1568,BANCO INMOBILIARIO DE FLORIDABLANCA,9000158719,Santander,Floridablanca,Territorial,No aplica/No pertenece
1569,POLICIA METROPOLITANA DE BOGOTA,800140603,Distrito Capital de Bogotá,No Definido,Nacional,defensa
1570,CONCEJO MUNICIPAL CORRALES,891855748,Boyacá,No Definido,Territorial,Servicio Público
1571,INSTITUCION EDUCATIVA JUAN LUIS LONDONO DE LA CUESTA,900132830,Cundinamarca,Mosquera,Territorial,Educación Nacional
1572,CENTRAL ADMINISTRATIVA Y CONTABLE CENAC PASTO,900363756,Nariño,Pasto,Nacional,defensa
1573,PIEDEMONTE EICM EMPRESA DE DESARROLLO URBANO,822004534,Meta,Villavicencio,Territorial,"Vivienda, Ciudad y Territorio"
1574,MUNICIPIO DE SAMACA,800016757,Boyacá,Samacá,Territorial,Servicio Público
1575,C ESE HMZR COMPRADOR,824000204,Cesar,La Paz,Territorial,Salud y Protección Social
1576,EMPAPA,901066064,Antioquia,Apartadó,Territorial,Ambiente y Desarrollo Sostenible
1577,ESE CENTRO DE SALUD NUEVO COLON,820003328,Boyacá,Nuevo Colón,Territorial,Salud y Protección Social
1578,FONDO DE VIVIENDA OBRERA DE DUITAMA,800051294,Boyacá,Duitama,Territorial,"Vivienda, Ciudad y Territorio"
1579,CONCEJO MUNICIPAL DE SOPETRAN,8909810807,Antioquia,Sopetrán,Territorial,Presidencia de la República
1580,CONCEJO MUNICIPAL DE FUSAGASUGA,901184118,No Definido,No Definido,Territorial,Servicio Público
1581,COLEGIO LUIS LOPEZ DE MESA IED,830036775,Distrito Capital de Bogotá,No Definido,Territorial,Educación Nacional
1582,CONCEJO MUNICIPAL DE ITAGUI,890980093,Antioquia,Itagui,Territorial,Servicio Público
1583,DISPENSARIO MEDICO NEIVA DIRECCION DE SANIDAD EJERCITO,9015412568,Huila,Neiva,Nacional,Salud y Protección Social
1584,FONDANE DIR TER NOROCCIDENTE,800072977,Antioquia,Medellín,Nacional,Información Estadística
1585,MINISTERIO DEL TRABAJO TERRITORIAL MAGDALENA,800226041,Magdalena,Santa Marta,Territorial,Salud y Protección Social
1586,MUNICIPIO DE MONGUI,891856555,Boyacá,Monguí,Territorial,Servicio Público
1587,INSTITUTO DISTRITAL DE CIENCIA BIOTECNOLOGIA E INNOVACION EN SALUD IDCBIS,9010347905,Distrito Capital de Bogotá,Bogotá,Nacional,Ciencia Tecnología
1588,ALCALDIA MUNICIPIO DE BETANIA,890980802,Antioquia,Betania,Territorial,No aplica/No pertenece
1589,SENA REGIONAL NARINO GRUPO ADMINISTRATIVO CAPCP,899999034,Nariño,Tumaco,Nacional,Trabajo
1590,ESCUELA INTERNACIONAL DE ENTRENAMIENTO DE LA POLICIA DE BRIGADIER GENERAL JAIME RAMIREZ GOMEZ,900276535,Tolima,San Luis,Nacional,Servicio Público
1591,AGENCIA DE CUNDINAMARCA PARA LA PAZ Y LA CONVIVENCIA ACPC,901024331,Distrito Capital de Bogotá,No Definido,Territorial,Inclusión Social y Reconciliación
1592,CONTRALORIA MUNICIPAL DE YUMBO,800190982,Valle del Cauca,Yumbo,Territorial,Servicio Público
1593,CONCEJO MUNICIPAL DE MOSQUERA,832001087,Cundinamarca,Mosquera,Territorial,Servicio Público
1594,SENA GRUPO DE APOYO ADMINITRATIVO INTERCENTROS CGA Y CFAFC,899999034,Distrito Capital de Bogotá,Bogotá,Nacional,Trabajo
1595,CLUB MILITAR,860016951,Distrito Capital de Bogotá,Bogotá,Nacional,defensa
1596,PERSONERIA COPACABANA,890980767,Antioquia,Copacabana,Territorial,Servicio Público
1597,MUNICIPIO DE LABRANZAGRANDE,800099206,Boyacá,No Definido,Territorial,Servicio Público
1598,ESAP TERRITORIAL CAUCA,800117528,Cauca,No Definido,Nacional,Educación Nacional
1599,ALCALDIA LOCAL DE ENGATIVA,899999061,Distrito Capital de Bogotá,Bogotá,Territorial,Servicio Público
1600,ESTABLECIMIENTO PENITENCIARIO DE MEDIANA SEGURIDAD Y CARCELARIO DE CALI,805007945,Valle del Cauca,Cali,Nacional,Ley de Justicia
1601,HOSPITAL SAN JUAN DE DIOS EMPRESA SOCIAL DEL ESTADO DEL MUNICIPIO DE ANZOATEGUI,800163519,Tolima,No Definido,Nacional,Salud y Protección Social
1602,CONCEJO MUNICIPAL MONIQUIRA,800099662,No Definido,No Definido,Territorial,No aplica/No pertenece
1603,MUNICIPIO DE PAMPLONITA,890506116,Norte de Santander,Pamplonita,Territorial,No aplica/No pertenece
1604,ESE HOSPITAL LOCAL DE CALAMAR,806006537,Bolívar,Calamar,Territorial,Salud y Protección Social
1605,MUNICIPIO DE MESETAS,892099317,Meta,Mesetas,Territorial,No aplica/No pertenece
1606,SENA REGIONAL GUAINIA GRUPO DE APOYO ADMINISTRATIVO MIXTO,899999034,Guainía,Inírida,Nacional,Trabajo
1607,SANTIAGO DE CALI DISTRITO ESPECIAL SECRETARIA DE MOVILIDAD,890399011,Valle del Cauca,Cali,Territorial,Transporte
1608,ESE HOSPITAL MENTAL RUDESINDO SOTO,890500810,No Definido,No Definido,Territorial,Salud y Protección Social
1609,AGENCIA DISTRITAL DE INFRAESTRUCTURA DEL DISTRITO DE BARRANQUILLA,802024407,Atlántico,Barranquilla,Territorial,Ambiente y Desarrollo Sostenible
1610,EMPRESAS PUBLICAS DE JARDIN EPJ,900045268,No Definido,No Definido,Territorial,No aplica/No pertenece
1611,SENA REGIONAL HUILA GRUPO ADMINISTRATIVO CEFA,899999034,Huila,Campoalegre,Nacional,Trabajo
1612,PERSONERIA MUNICIPAL DE CUCUTA,8001924348,Norte de Santander,Cúcuta,Territorial,Servicio Público
1613,MUNICIPIO DE MONTENEGRO,890000858,Quindío,Montenegro,Territorial,Servicio Público
1614,PERSONERIA MUNICIPAL DE MADRID,9012736055,Cundinamarca,Madrid,Territorial,Ley de Justicia
1615,INSTITUTO MUNICIPAL DE RECREACION Y DEPORTES DE CHIA,800201907,Cundinamarca,Chía,Territorial,deportes
1616,CONCEJO MUNICIPAL DE SOGAMOSO,826000252,Boyacá,Sogamoso,Territorial,Servicio Público
1617,E S E HOSPITAL INTEGRADO SAN JUAN DE CIMITARRA,890204895,Santander,Cimitarra,Territorial,Salud y Protección Social
1618,ENTIDAD DE GESTION ADMINISTRATIVA Y TECNICA,901036590,Distrito Capital de Bogotá,No Definido,Territorial,Salud y Protección Social
1619,CONCEJO MUNICIPAL DE MADRID,8320035493,Cundinamarca,Madrid,Territorial,No aplica/No pertenece
1620,MUNICIPIO DE LA UNION,891901109,Valle del Cauca,La Unión,Territorial,No aplica/No pertenece
1621,INSTITUCION EDUCATIVA FABIO LOZANO Y LOZANO,890705435,Tolima,Piedras,Territorial,Educación Nacional
1622,SANTIAGO DE CALI DISTRITO ESPECIAL DEPARTAMENTO ADMINISTRATIVO DE TECNOLOGIAS DE LA INFORMACION Y LAS COMUNICACIONES,890399011,Valle del Cauca,Cali,Territorial,Tecnologías de la Información y las Comunicaciones
1623,CORPORACION UNIFICADA NACIONAL DE EDUCACION SUPERIOR CUN,8604017349,Distrito Capital de Bogotá,Bogotá,Nacional,Educación Nacional
1624,RAP EL GRAN SANTANDER,901623298,Norte de Santander,Pamplona,Territorial,Planeación
1625,PERSONERIA MUNICIPAL AMAGA,890981732,Antioquia,Amagá,Territorial,Servicio Público
1626,ESE PUESTO DE SALUD SAN MIGUEL,820003641,Boyacá,Tuta,Territorial,Salud y Protección Social
1627,PERSONERIA MUNICIPAL DE FACATATIVA,901814853,Cundinamarca,Facatativá,Territorial,No aplica/No pertenece
1628,REGION ADMINISTRATIVA Y DE PLANIFICACION RAP EJE CAFETERO,9012516946,Quindío,Armenia,Territorial,Planeación
1629,CONTRALORIA DEPARTAMENTAL DEL ATLANTICO,8901030374,Atlántico,Barranquilla,Territorial,Servicio Público
1630,FONDANE DIRECCION TERRITORIAL CENTRO,800072977,Distrito Capital de Bogotá,Bogotá,Nacional,Información Estadística
1631,LA PROVINCIA ADMINISTRATIVA Y DE PLANIFICACION DEL AGUA BOSQUES Y EL TURISMO,901226580,Antioquia,Marinilla,Territorial,Planeación
1632,ESAP TERRITORIAL BOYACA CASANARE,800117524,Boyacá,Tunja,Nacional,Educación Nacional
1633,INSTITUTO DEPARTAMENTAL DE DEPORTES Y RECREACION DE SUCRE INDERSUCRE,8230024119,Sucre,Sincelejo,Territorial,deportes
1634,INSTITUCION EDUCATIVA TECNICA EL DANUBIO,809000750,Tolima,Ambalema,Territorial,Educación Nacional
1635,ESAP TERRITORIAL CUNDINAMARCA,830011682,Cundinamarca,Fusagasugá,Nacional,Servicio Público
1636,CONCEJO MUNICIPAL DE JARDIN ANTIOQUIA,8909822940,Antioquia,Jardín,Territorial,Servicio Público
1637,INSTITUTO MUNICIPAL DEL DEPORTE Y RECREACION DE LA ESTRELLA,800003935,Antioquia,La Estrella,Territorial,deportes
1638,INSTITUTO MUNICIPAL PARA LA RECREACION Y EL DEPORTE DE VILLA DEL ROSARIO,807001990,Norte de Santander,Villa Del Rosario,Territorial,deportes
1639,ALCALDIA MUNICIPIO DE ANORI,890982489,Antioquia,No Definido,Territorial,Servicio Público
1640,UAEPA2,8903990113,Valle del Cauca,Cali,Territorial,Servicio Público
1641,NUEVA ESE HOSPITAL LA MISERICORDIA,890980959,No Definido,No Definido,Corporación Autónoma,Servicio Público
1642,ESE HOSPITAL LOCAL DE SITIONUEVO,819001363,Magdalena,Sitionuevo,Territorial,Salud y Protección Social
1643,DIRECCION DE PROTECCION Y SERVICIOS ESPECIALES,9002592122,Distrito Capital de Bogotá,Bogotá,Nacional,defensa
1644,AGENCIA NACIONAL INMOBILIARIA VIRGILIO BARCO VARGAS,9004839910,Distrito Capital de Bogotá,No Definido,Nacional,Presidencia de la República
1645,COLEGIO ACACIA II IED,830037627,No Definido,No Definido,Territorial,Educación Nacional
1646,MUNICIPIO DE PUERTO TEJADA,891500580,Cauca,No Definido,Territorial,No aplica/No pertenece
1647,INSTITUCION EDUCATIVA TECNICA JUAN LOZANO SANCHEZ,800162007,Tolima,Coyaima,Territorial,Educación Nacional
1648,INSTITUCION EDUCATIVA DISTRITAL FRANCISCO DE PAULA SANTANDER,830051789,Distrito Capital de Bogotá,Bogotá,Territorial,Educación Nacional
1649,MUNICIPIO DE SALAMINA,890801131,Caldas,Salamina,Territorial,Servicio Público
1650,SOMOS SISTEMA OPERATIVO DE MOVILIDAD ORIENTE SOSTENIBLE,901001561,Antioquia,No Definido,Territorial,Planeación
1651,INSTITUTO MUNICIPAL DE DEPORTE Y RECREACION DE CAJICA,800185515,Cundinamarca,Cajicá,Territorial,deportes
1652,INSTITUCION EDUCATIVA AGROPECUARIO MUNICIPAL,800170889,No Definido,No Definido,Territorial,Educación Nacional
1653,ALCALDIA MUNICIPAL DE SAN JACINTO,800026685,Bolívar,San Jacinto,Territorial,Planeación
1654,ALCALDIA MUNICIPAL DE GUASCA,899999442,Cundinamarca,Guasca,Territorial,Servicio Público
1655,SISTEMA ESTRATEGICO DE TRANSPORTE PUBLICO DE PASAJEROS DE POPAYAN MOVILIDAD FUTURA,900323358,Cauca,Popayán,Territorial,Transporte
1656,MUNICIPIO DE AGUA DE DIOS,890680149,Cundinamarca,Agua De Dios,Territorial,No aplica/No pertenece
1657,SECRETARIA DE BIENESTAR SOCIAL ALCALDIA DE TULUA,891900272,Valle del Cauca,Tuluá,Territorial,Servicio Público
1658,SANTIAGO DE CALI DISTRITO ESPECIAL SECRETARIA DEL DEPORTE Y LA RECREACION,890399011,Valle del Cauca,Cali,Territorial,deportes
1659,PERSONERIA MUNICIPAL DE IBAGUE,809000749,Tolima,Ibagué,Territorial,Servicio Público
1660,MUNICIPIO DE PENSILVANIA,890801137,Caldas,Pensilvania,Territorial,Servicio Público
1661,MUNICIPIO DE PALERMO HUILA,891180021,Huila,Palermo,Territorial,No aplica/No pertenece
1662,ALCALDIA DE SIMITI BOLIVAR,890480006,Bolívar,No Definido,Territorial,No aplica/No pertenece
1663,SUBCUENTA DEL SISTEMA DE PARQUES NACIONALES NATURALES DEL FONDO NACIONAL AMBIENTAL FONAM DTPA,901037393,Antioquia,Medellín,Nacional,Ambiente y Desarrollo Sostenible
1664,MUNICIPIO DE ALBANIA,891190431,Caquetá,Albania,Territorial,Servicio Público
1665,ALCALDIA MUNICIPAL DE VILLANUEVA CASANARE,892099475,Casanare,Villanueva,Territorial,No aplica/No pertenece
1666,ALCALDIA MUNICIPIO DE NATAGA HUILA,891102844,Huila,Nátaga,Territorial,Servicio Público
1667,INSTITUCION EDUCATIVA COLEGIO GENERAL SANTANDER,8905019526,Norte de Santander,Villa Del Rosario,Territorial,Educación Nacional
1668,INSTITUCION EDUCATIVA TECNICO AGROPECUARIO DORIBEL TARRA,812002174,Córdoba,San Andrés Sotavento,Territorial,Educación Nacional
1669,MUNICIPIO DE HELICONIA,890982494,Antioquia,Heliconia,Territorial,Servicio Público
1670,MUNICIPIO DE HACARI,800099241,Norte de Santander,Hacarí,Territorial,Servicio Público
1671,GIRON,901254325,Santander,Girón,Territorial,No aplica/No pertenece
1672,SECRETARIA DE PAZ TERRITORIAL Y RECONCILIACION,890399029,Valle del Cauca,Cali,Territorial,Servicio Público
1673,MUNICIPIO DE PLANETA RICA CORDOBA,800096765,Córdoba,No Definido,Territorial,Servicio Público
1674,INSTITUCION EDUCATIVA JUAN XXIII,805023700,No Definido,No Definido,Territorial,Educación Nacional
1675,INSTITUCION EDUCATIVA RAFAEL NAVIA VARON,805027641,Valle del Cauca,Cali,Territorial,Educación Nacional
1676,ESE CENTRO DE SALUD JUAN SOLERI ENTIDAD,804007611,Santander,El Guacamayo,Territorial,No aplica/No pertenece
1677,INSTITUCION EDUCATIVA TECNICA ARTURO MEJIA JARAMILLO,890706353,Tolima,Lérida,Territorial,Educación Nacional
1678,ALCALDIA MUNICIPIO DE JARDIN,890982294,Antioquia,Jardín,Territorial,Servicio Público
1679,PARQUES NACIONALES NATURALES DE DIRECCION TERRITORIAL ORINOQUIA,900382496,Meta,Villavicencio,Nacional,Ambiente y Desarrollo Sostenible
1680,CONCEJO MUNICIPAL DE RONDON BOYACA,820000882,Boyacá,Rondón,Territorial,No aplica/No pertenece
1681,POLICIA METROPOLITANA DE POPAYAN,900593683,Cauca,No Definido,Territorial,defensa
1682,ACI MEDELLIN,811036423,Antioquia,Medellín,Territorial,Servicio Público
1683,DIEPO,900373379,Distrito Capital de Bogotá,Bogotá,Nacional,defensa
1684,PSS,829000291,Santander,Barrancabermeja,Nacional,agricultura
1685,ALCALDIA MUNICIPIO DE CORDOBA QUINDIO,890001061,Quindío,Córdoba,Territorial,No aplica/No pertenece
1686,MUNICIPIO DE SAN MATEO,891857821,Boyacá,San Mateo,Territorial,No aplica/No pertenece
1687,ESE HOSPITAL SAN ANTONIO CERRITO,804013228,No Definido,No Definido,Territorial,Salud y Protección Social
1688,MUNICIPIO DE APULO,890680236,Cundinamarca,Apulo,Territorial,No aplica/No pertenece
1689,INSTITUTO MUNICIPAL DE CULTURA Y TURISMO DE TENJO,901359154,Cundinamarca,Tenjo,Territorial,Cultura
1690,PERSONERIA MUNICIPAL DE YARUMAL ANTIOQUIA,890980096,Antioquia,Yarumal,Territorial,Ley de Justicia
1691,ASAMBLEA DEPARTAMENTAL DEL ATLANTICO,890107615,No Definido,No Definido,Territorial,No aplica/No pertenece
1692,MUNICIPIO DE LA PAZ,800096605,Cesar,La Paz,Territorial,Servicio Público
1693,ESAP TERRITORIAL TOLIMA,800117541,Tolima,No Definido,Nacional,Educación Nacional
1694,PERSONERIA MUNICIPAL DE BELLO,901304025,Antioquia,Bello,Territorial,Ley de Justicia
1695,MUNICIPIO DE MAICAO,892120020,La Guajira,Maicao,Territorial,No aplica/No pertenece
1696,CONCEJO MUNICIPAL DE LA ESTRELLA,890980782,Antioquia,La Estrella,Territorial,Servicio Público
1697,ALCALDIA DE GAMARRA CESAR,800096595,Cesar,Gamarra,Territorial,Servicio Público
1698,INSTITUTO MUNICIPAL DE RECREACION Y DEPORTE DE COTA CUNDINAMARCA,832000795,Cundinamarca,Cota,Territorial,deportes
1699,ASOCIACION AEROPUERTO DEL CAFE,900240084,Caldas,No Definido,Territorial,Servicio Público
1700,PERSONERIA MUNICIPAL DE BARRANCABERMEJA,829001855,Santander,Barrancabermeja,Territorial,Servicio Público
1701,INSTITUCION EDUCATIVA ANTONIA SANTOS,805009886,Valle del Cauca,Yumbo,Territorial,Educación Nacional
1702,EPUXUA E I C E,901511522,Cundinamarca,Soacha,Territorial,No aplica/No pertenece
1703,PLANEACION MUNICIPAL CALI,890399011,Valle del Cauca,Cali,Territorial,Planeación
1704,INSTITUTO DE TRANSITO DEL ATLANTICO,800115102,Atlántico,Barranquilla,Territorial,Transporte
1705,INSTITUTO MUNICIPAL DE DEPORTE Y RECREACION DE PUERTO BOYACA,820000484,No Definido,No Definido,Territorial,deportes
1706,SENA REGIONAL VICHADA,899999034,Vichada,Puerto Carreño,Nacional,Trabajo
1707,CONCEJO MUNICIPAL MARMATO,890801145,Caldas,Marmato,Territorial,No aplica/No pertenece
1708,ARMADA NACIONAL BATALLON DE COMANDO Y APOYO DE INFANTERIA DE MARINA NO 1,823001882,Sucre,Corozal,Nacional,defensa
1709,ESTABLECIMIENTO PENITENCIARIO Y CARCELARIO PUERTO TEJADA,817001031,Cauca,Puerto Tejada,Nacional,Ley de Justicia
1710,MUNICIPIO MANTA CUNDINAMARCA,800094711,Cundinamarca,Manta,Territorial,Servicio Público
1711,INSTITUCION EDUCATIVA INDIGENA SAN MARTIN DE LOBA,900067504,Sucre,Palmito,Nacional,Educación Nacional
1712,PERSONERIA MUNICIPAL DE PEREIRA,8914800302,Risaralda,Pereira,Territorial,No aplica/No pertenece
1713,CONCEJO MUNICIPAL VILLANUEVA,890206250,Santander,Villanueva,Territorial,Servicio Público
1714,ESE ANDRES CALA PIMENTEL,804013885,Santander,Palmar,Territorial,Salud y Protección Social
1715,ALCALDIA MUNICIPAL DE ROLDANILLO,891900289,Valle del Cauca,Roldanillo,Nacional,Servicio Público
1716,FONDO DE BIENESTAR SOCIAL Y DE CAPACITACION DE LA CONTRALORIA GENERAL DE NORTE DE SANTANDER,900003576,No Definido,No Definido,Territorial,No aplica/No pertenece
1717,CONCEJO MUNICIPAL DE DUITAMA,900922388,Boyacá,Duitama,Territorial,No aplica/No pertenece
1718,DEPARTAMENTO ADMINISTRATIVO DE PLANEACION ALCALDIA DE TULUA,891900272,Valle del Cauca,Tuluá,Territorial,Servicio Público
1719,UNIDAD ADMINISTRATIVA ESPECIAL ESTUDIO DE GRABACION TAKESHIMA,8050210222,Valle del Cauca,Cali,Territorial,Cultura
1720,CENTRO DE DIAGNOSTICO AUTOMOTOR DE CALDAS,890805554,Caldas,Manizales,Nacional,Transporte
1721,DIRECCION EJECUTIVA SECCIONAL DE ADMINISTRACION JUDICIAL DE QUIBDO,901786880,Chocó,Quibdó,Nacional,Ley de Justicia
1722,INSTITUTO DE DEPORTES EDUCACION FISICA Y RECREACION DEL CHOCO,818000923,Chocó,Quibdó,Territorial,deportes
1723,SECRETARIA DE DESARROLLO ECONOMICO Y COMPETITIVIDAD,8903990295,Valle del Cauca,Cali,Territorial,No aplica/No pertenece
1724,SOCIEDAD DE ACUEDUCTOS ALCANTARILLADOS Y ASEO AGUAS DEL HUILA,800100553,Huila,Neiva,Territorial,No aplica/No pertenece
1725,HOSPITAL LOCAL VITO FASAEL GUTIERREZ PEDRAZA E S E,8090003830,Tolima,Valle De San Juan,Territorial,Salud y Protección Social
1726,CORPORACION PRODESARROLLO Y SEGURIDAD DEL MUNICIPIO DE GIRARDOT,800055259,Cundinamarca,Girardot,Territorial,Ambiente y Desarrollo Sostenible
1727,CONCEJO MUNICIPAL DE RAMIRIQUI,9001328189,Boyacá,Ramiriquí,Territorial,Servicio Público
1728,HOSPITAL RAMON MARIA ARANA EMPRESA SOCIAL DEL ESTADO DEL MUNICIPIO DE MURILLO TOLIMA,809001159,Tolima,Murillo,Territorial,Salud y Protección Social
1729,CONCEJO DISTRITAL DE RIOHACHA,825000008,No Definido,No Definido,Territorial,Ley de Justicia
1730,MUNICIPIO DE SANTA ROSA DEL SUR,8000490179,Bolívar,Santa Rosa Del Sur,Territorial,Servicio Público
1731,ALCALDIA DE NEIRA,890801135,Caldas,Neira,Territorial,Servicio Público
1732,MUNICIPIO DE PAMPLONA,800007652,Norte de Santander,Pamplona,Nacional,Servicio Público
1733,CONCEJO MUNICIPAL SOATA,8918550161,Boyacá,Soatá,Territorial,Servicio Público
1734,CONTRALORIA MUNICIPAL DE ARMENIA QUINDIO,800215818,Quindío,Armenia,Territorial,No aplica/No pertenece
1735,EMPRESA PARA LA COMPETITIVIDAD TERRITORIAL DEL MUNICIPIO DE GIRARDOTA,901464458,Antioquia,Girardota,Territorial,Servicio Público
1736,ALCALDIA MUNICIPIO DE SOPETRAN,890981080,No Definido,No Definido,Territorial,No aplica/No pertenece
1737,CARCEL Y PENITENCIARIA CON ALTA Y MEDIA SEGURIDAD DE LA DORADA CALDAS INPEC,810006053,No Definido,No Definido,Nacional,Ley de Justicia
1738,SENA REGIONAL PUTUMAYO GRUPO DE APOYO ADMINISTRATIVO,899999034,Putumayo,Puerto Asís,Nacional,Trabajo
1739,MUNICIPIO DE PISBA,800066389,Boyacá,Pisba,Territorial,Servicio Público
1740,ALCALDIA DE TINJACA,800028436,Boyacá,Tinjacá,Nacional,Presidencia de la República
1741,CONCEJO MUNICIPAL DE LA CALERA CUNDINAMARCA,899999712,Cundinamarca,La Calera,Territorial,Servicio Público
1742,HOSPITAL UNIVERSITARIO SAN JUAN DE DIOS Y MATERNO INFANTIL,901933432,Distrito Capital de Bogotá,Bogotá,Nacional,Salud y Protección Social
1743,CACOM 5,800141633,Caquetá,Solano,Nacional,defensa
1744,FISCALIA GENERAL DE LA NACION REGIONAL CENTRAL,800187567,Distrito Capital de Bogotá,No Definido,Nacional,Servicio Público
1745,INSTITUCION EDUCATIVA LA ARMONIA,900900742,Cundinamarca,Mosquera,Territorial,Educación Nacional
1746,MUNICIPIO DE BUGALAGRANDE,891900353,Valle del Cauca,Bugalagrande,Territorial,No aplica/No pertenece
1747,CONTRALORIA MUNICIPAL DE IBAGUE,890706867,Tolima,Ibagué,Territorial,No aplica/No pertenece
1748,INSTITUCION EDUCATIVA ESCUELA NORMAL SUPERIOR CRISTO REY,8000360290,Santander,Barrancabermeja,Territorial,Educación Nacional
1749,ESE CENTRO DE SALUD SAN MIGUEL,900135676,Nariño,Arboleda,Territorial,Salud y Protección Social
1750,ALCALDIA MUNICIPAL DE BELMIRA ANTIOQUIA,890981880,Antioquia,Belmira,Territorial,Servicio Público
1751,INSTITUTO DISTRITAL DE TURISMO DE SANTA MARTA,901131788,Magdalena,Santa Marta,Corporación Autónoma,Industria
1752,ALCALDIA MUNICIPAL DE MAGANGUE,800028432,Bolívar,Magangué,Nacional,Servicio Público
1753,INSTITUCION EDUCATIVA DE SOLEDAD INOBASOL,890103008,Atlántico,Soledad,Territorial,Educación Nacional
1754,CONTRALORIA DEPARTAMENTAL DE NARINO,800157830,Nariño,No Definido,Territorial,No aplica/No pertenece
1755,ALCALDIA MUNICIPAL DE RESTREPO META,800098199,Meta,Restrepo,Territorial,Servicio Público
1756,ASAMBLEA DEPARTAMENTAL DE LA GUAJIRA,800148779,La Guajira,Riohacha,Territorial,Servicio Público
1757,ESE CENTRO DE SALUD JORGE GONZALEZ OLMOS,820003915,Boyacá,Páez,Territorial,Salud y Protección Social
1758,ALCALDIA MUNICIPAL DE COROZAL,892280032,Sucre,Corozal,Territorial,Servicio Público
1759,CACOM 2,800141627,Meta,Villavicencio,Nacional,defensa
1760,BATALLON DE A S P C NO 17 CLARA ELISA NARVAEZ ARTEAGA,830054053,Antioquia,Carepa,Nacional,defensa
1761,E S E HOSPITAL EL SALVADOR DE UBATE,899999147,Cundinamarca,Villa De San Diego De Ubate,Territorial,Salud y Protección Social
1762,CENTRO PROVINCIAL DE GESTION MINERO AGROEMPRESARIAL DEL ALTO NORDESTE ANTIOQUENO,900060997,No Definido,No Definido,Territorial,No aplica/No pertenece
1763,GOBERNACION DEL VALLE DEL CAUCA DEPARTAMENTO ADMINISTRATIVO DE PLANEACION,890399029,Valle del Cauca,Cali,Territorial,Planeación
1764,REGIONAL DE ASEGURAMIENTO EN SALUD NO 4,805022186,Valle del Cauca,Cali,Nacional,defensa
1765,CENTRAL ADMINISTRATIVA Y CONTABLE CENAC IBAGUE,800130740,Tolima,Ibagué,Nacional,defensa
1766,INSTITUCION EDUCATIVA LICEO DEL PACIFICO,840000788,No Definido,No Definido,Nacional,Educación Nacional
1767,CONCEJO MUNICIPAL DE TUTA,800027292,Boyacá,Tuta,Territorial,No aplica/No pertenece
1768,ALCALDIA MUNICIPIO DE ANOLAIMA,899999426,Cundinamarca,Anolaima,Territorial,No aplica/No pertenece
1769,RAMA JUDICIAL DIRECCION SECCIONAL DE ADMINISTRACION JUDICIAL DE SANTA MARTA,800165868,Magdalena,Santa Marta,Nacional,Ley de Justicia
1770,INSTITUCION EDUCATIVA ALFREDO BONILLA MONTANO,805016602,Valle del Cauca,Jamundí,Nacional,Educación Nacional
1771,E S E HOSPITAL SAN BARTOLOME DE MURINDO,8001650509,Antioquia,Murindó,Nacional,Salud y Protección Social
1772,COMANDO DE RECLUTAMIENTO Y CONTROL RESERVAS DEL EJERCITO NACIONAL,800130643,Distrito Capital de Bogotá,Bogotá,Nacional,defensa
1773,INSTITUTO MUNICIPAL DE DEPORTE RECREACION CULTURA Y TURISMO,900261284,No Definido,No Definido,Territorial,deportes
1774,MUNICIPIO DE CALIMA EL DARIEN VALLE,890309611,Valle del Cauca,Calima,Territorial,No aplica/No pertenece
1775,DEPARTAMENTO DE POLICIA AMAZONAS,800140601,Amazonas,Leticia,Nacional,defensa
1776,CEHANI E S E,8912006381,No Definido,No Definido,Territorial,Salud y Protección Social
1777,INSTITUTO MUNICIPAL DE CULTURA DE YUMBO,890330180,Valle del Cauca,Yumbo,Territorial,Cultura
1778,INSTITUCION EDUCATIVA NICANOR VELASQUEZ ORTIZ,809009472,Tolima,Ambalema,Territorial,Educación Nacional
1779,REGIONAL DE ASEGURAMIENTO EN SALUD N 6,811032059,Antioquia,Envigado,Nacional,Salud y Protección Social
1780,INSTITUCION EDUCATIVA GABRIEL GARCIA MARQUEZ,900929993,Valle del Cauca,Yumbo,Territorial,Educación Nacional
1781,MUNICIPIO DE LA PENA CUNDINAMARCA,899999721,Cundinamarca,La Peña,Territorial,No aplica/No pertenece
1782,INSTITUTO MUNICIPAL DE DEPORTE Y RECREACION DE BELLO,901442808,Antioquia,Bello,Territorial,deportes
1783,INSTITUTO MUNICIPAL PARA EL DEPORTE Y LA RECREACION DE CANDELARIA,815000395,Valle del Cauca,Candelaria,Territorial,deportes
1784,INSTITUTO DE EVALUACION TECNOLOGICA EN SALUD,900574083,Distrito Capital de Bogotá,No Definido,Nacional,Ciencia Tecnología
1785,ALCALDIA DE SESQUILE,899999415,Cundinamarca,Sesquilé,Territorial,Servicio Público
1786,ALCALDIA LOCAL DE MARTIRES,899999061,Distrito Capital de Bogotá,Bogotá,Territorial,Servicio Público
1787,CORPORACION DE CULTURA Y TURISMO DE ARMENIA,890000957,Quindío,Armenia,Territorial,Cultura
1788,POLICIA METROPOLITANA DE PEREIRA,900360623,Risaralda,Pereira,Nacional,defensa
1789,MUNICIPIO DE TORO,891900985,Valle del Cauca,Toro,Territorial,Servicio Público
1790,CONCEJO MUNICIPIO LA CEJA DEL TAMBO,890981207,Antioquia,La Ceja,Territorial,No aplica/No pertenece
1791,EPMSC FRESNO,809003231,Tolima,No Definido,Nacional,Ley de Justicia
1792,COIBA,800119348,Tolima,Ibagué,Nacional,Ley de Justicia
1793,DEPARTAMENTO DE CUNDINAMARCA UNIDAD ADMINISTRATIVA ESPECIAL PARA LA GESTION DEL RIESGO DE DESASTRES DE CUNDINAMARCA,899999114,Distrito Capital de Bogotá,No Definido,Territorial,No aplica/No pertenece
1794,ALCALDIA MUNICIPIO DE LETICIA,899999302,Amazonas,Leticia,Territorial,Servicio Público
1795,DEPARTAMENTO DE POLICIA CAQUETA POLICIA NACIONAL DE,800140607,Caquetá,Florencia,Nacional,defensa
1796,HOSPITAL SANTA ROSA DE LIMA,809005452,Tolima,Suárez,Territorial,Salud y Protección Social
1797,SISTEMA INTEGRADO DE TRANSPORTE REGIONAL EN EL GRAN VALLE SOCIEDAD POR ACCIONES SIMPLIFICADA,901655355,Valle del Cauca,Cali,Territorial,Transporte
1798,PERSONERIA PASTO,800118712,Nariño,Pasto,Territorial,Servicio Público
1799,CORPORACION AUTONOMA REGIONAL PARA EL DESARROLLO SOSTENIBLE DEL CHOCO,899999238,Chocó,Quibdó,Nacional,Ambiente y Desarrollo Sostenible
1800,EMPRESAS PUBLICAS DE ACEVEDO HUILA,900250887,Huila,Acevedo,Territorial,Servicio Público
1801,INSTITUTO DE DEPORTES DEL DEPARTAMENTO NORTE DE SANTANDER INDENORTE,8070041511,Norte de Santander,Cúcuta,Nacional,deportes
1802,EDU ANTIOQUIA,901829766,Antioquia,Santafé De Antioquia,Territorial,Servicio Público
1803,MUNICIPIO DE PIENDAMO,891500856,Cauca,Piendamó,Territorial,No aplica/No pertenece
1804,CENTRAL ADMINISTRATIVA Y CONTABLE CENAC TUNJA,800130646,Boyacá,Tunja,Territorial,defensa
1805,MINISTERIO DEL TRABAJO DIRECCION TERRITORIAL DE ANTIOQUIA,811038085,Antioquia,Medellín,Nacional,Trabajo
1806,CORPORACION ASAMBLEA DEPARTAMENTAL DE CALDAS,810002778,Caldas,Manizales,Territorial,No aplica/No pertenece
1807,CONCEJO MUNICIPAL DE FACATATIVA,899999328,Cundinamarca,Facatativá,Territorial,No aplica/No pertenece
1808,IRDS,826000058,Boyacá,Sogamoso,Territorial,deportes
1809,FONDO ROTATORIO DEL DANE FONDANE SUROCCIDENTE,800072977,Valle del Cauca,Cali,Nacional,Información Estadística
1810,CONTRALORIA DISTRITAL DE CARTAGENA DE INDIAS,800194000,Bolívar,Cartagena,Territorial,No aplica/No pertenece
1811,PERSONERIA MUNICIPAL DUITAMA,900924832,Boyacá,Duitama,Territorial,Servicio Público
1812,DIRECCION TERRITORIAL DE SUCRE DE MINISTERIO DEL TRABAJO,823003505,Sucre,Sincelejo,Territorial,Trabajo
1813,DIRECCION DE SANIDAD EJERCITO DISPENSARIO MEDICO YOPAL,901540945,Casanare,Yopal,Nacional,Salud y Protección Social
1814,CONCEJO MUNICIPAL DE PUERTO GAITAN,8220005859,Meta,Puerto Gaitán,Territorial,No aplica/No pertenece
1815,EMPRESA SOCIAL DEL ESTADO HOSPITAL NUESTRA SENORA DE LA CANDELARIA,890981719,No Definido,No Definido,Territorial,Salud y Protección Social
1816,DEPARTAMENTO DE POLICIA SAN ANDRES PROVIDENCIA Y SANTA CATALINA,800141053,"San Andrés, Providencia y Santa Catalina",No Definido,Nacional,defensa
1817,CONCEJO MUNICIPAL DE CAREPA,8909853168,Antioquia,Carepa,Territorial,No aplica/No pertenece
1818,CONCEJO MUNICIPAL DE CAJICA,899999465,Cundinamarca,Cajicá,Territorial,No aplica/No pertenece
1819,MUNICIPIO DE LA SALINA,800103657,Casanare,La Salina,Territorial,No aplica/No pertenece
1820,INSTITUTO MUNICIPAL DEL DEPORTE Y LA RECREACION DE TULUA,891900528,No Definido,No Definido,Territorial,deportes
1821,ALCALDIA DE MOMPOS,890480643,Bolívar,Mompós,Territorial,Servicio Público
1822,INSTITUTO MUNICIPAL DE DEPORTES RECREACION Y ACTIVIDAD FISICA DE MELGAR,901716504,Tolima,Melgar,Territorial,deportes
1823,CONSEJO PROFESIONAL DE QUIMICA,860509416,No Definido,No Definido,Nacional,Educación Nacional
1824,MUNICIPIO EL DONCELLO,800095760,Caquetá,No Definido,Territorial,Servicio Público
1825,INSTITUTO DEPARTAMENTAL DE TRANSITO Y TRANSPORTE DEL META,8000476351,Meta,Restrepo,Territorial,Transporte
1826,MUNICIPIO DE FIRAVITOBA,891856288,Boyacá,Firavitoba,Territorial,No aplica/No pertenece
1827,EMPRESAS PUBLICAS DE CAICEDONIA,821001449,Valle del Cauca,Caicedonia,Territorial,No aplica/No pertenece
1828,INSTITUCION EDUCATIVA LUIS CARLOS GALAN SARMIENTO,800179135,Tolima,Venadillo,Territorial,Educación Nacional
1829,ESCUELA CONTRA LA DROGADICCION EN LIQUIDACION,901341579,Antioquia,Rionegro,Territorial,Salud y Protección Social
1830,CENAC TOLEMAIDA,800131049,Cundinamarca,Nilo,Nacional,defensa
1831,IMER,890985523,Antioquia,Rionegro,Territorial,deportes
1832,ESTABLECIMIENTO PENITENCIARIO Y CARCELARIO DE BARRANQUILLA,802004295,Atlántico,Barranquilla,Nacional,Ley de Justicia
1833,ALCALDIA MUNICIPAL DE SUTATAUSA,899999476,Cundinamarca,Sutatausa,Territorial,"Vivienda, Ciudad y Territorio"
1834,PERSONERIA DISTRITAL DE MEDELLIN,890905211,Antioquia,Medellín,Territorial,Servicio Público
1835,E S E SAN JOSE DE GUAVATA,804010394,Santander,Guavatá,Territorial,Salud y Protección Social
1836,CONCEJO YOLOMBO,890984030,Antioquia,Yolombó,Territorial,Servicio Público
1837,DEPARTAMENTO POLICIA ARAUCA,800140602,Arauca,No Definido,Nacional,defensa
1838,DEPARTAMENTO DE POLICIA CHOCO,800140951,Chocó,No Definido,Nacional,defensa
1839,INSTITUCION EDUCATIVA DOIMA,800246871,No Definido,No Definido,Territorial,Educación Nacional
1840,SENA REGIONAL ANTIOQUIA GRUPO ADMINISTRATIVO CTMAE,899999034,Antioquia,Puerto Berrío,Nacional,Trabajo
1841,MUNICIPIO SAN VICENTE DEL CAGUAN,800095785,Caquetá,San Vicente Del Caguán,Territorial,Planeación
1842,PERSONERIA MUNICIPAL DE TURBO,841000124,Antioquia,Turbo,Territorial,No aplica/No pertenece
1843,PROVINCIA ADMINISTRATIVA Y DE PLANIFICACION CARTAMA,901212832,Antioquia,Medellín,Territorial,Servicio Público
1844,PERSONERIA MUNICIPAL DE VALLEDUPAR,824000117,Cesar,Valledupar,Territorial,No aplica/No pertenece
1845,INSTITUCION EDUCATIVA TECNICA GABRIELA MISTRAL,809009531,Tolima,Melgar,Territorial,Educación Nacional
1846,CONCEJO MUNICIPAL DE YACUANQUER,814002119,Nariño,Yacuanquer,Territorial,No aplica/No pertenece
1847,CENAC VILLAVICENCIO,800130752,Meta,No Definido,Nacional,defensa
1848,EMPRESA DE SERVICIOS PUBLICOS DE GUATAPE,811037130,Antioquia,Guatape,Nacional,Ambiente y Desarrollo Sostenible
1849,INSTITUCION EDUCATIVA INEM MANUEL MURILLO TORO,800093734,Tolima,Ibagué,Territorial,Educación Nacional
1850,PROMOTORA FERROCARRIL DE ANTIOQUIA,900988911,Antioquia,Medellín,Territorial,Transporte
1851,ALCALDIA MUNICIPAL DE SANTA BARBARA,890980344,Antioquia,Santa Bárbara,Nacional,Servicio Público
1852,CONCEJO MUNICIPAL DE IBAGUE,890706839,Tolima,Ibagué,Territorial,Servicio Público
1853,UNIDAD PRESTADORA DE SALUD HUILA,901362454,Huila,Neiva,Nacional,Salud y Protección Social
1854,CONTRALORIA MUNICIPAL ITAGUI,811036609,Antioquia,Itagui,Territorial,Servicio Público
1855,FONDO PARA EL FINANCIAMIENTO DEL SECTOR AGROPECUARIO,800116398,Distrito Capital de Bogotá,No Definido,Nacional,agricultura
1856,ALCALDIA RIVERA HUILA,891180040,Huila,Rivera,Territorial,Servicio Público
1857,SENA REGIONAL DISTRITO CAPITAL GRUPO ADMINISTRATIVO INTERCENTROS CTCM,899999034,Distrito Capital de Bogotá,No Definido,Nacional,Trabajo
1858,FIDUCIARIA LA PREVISORA FIDUPREVISORA,860525148,Distrito Capital de Bogotá,Bogotá,Nacional,Hacienda y Crédito Público
1859,ALCALDIA OLAYA,890984161,Antioquia,Olaya,Territorial,Servicio Público
1860,HOSPITAL NELSON RESTREPO MARTINEZ E S E,800125697,No Definido,No Definido,Territorial,Salud y Protección Social
1861,INSTITUCION EDUCATIVA FRANCISCO HURTADO,890706314,Tolima,Venadillo,Territorial,Educación Nacional
1862,EMPRESA DE SERVICIOS PUBLICOS DOMICILIARIOS DE SESQUILE CUNDINAMARCA SIGLA ACUASES,900275140,Cundinamarca,Sesquilé,Territorial,No aplica/No pertenece
1863,CONTRALORIA DEPARTAMENTAL DE SANANDRES,800188052,"San Andrés, Providencia y Santa Catalina",San Andrés,Territorial,Ley de Justicia
1864,ALCALDIA LOCAL DE PUENTE ARANDA FONDO DE DESARROLLO LOCAL,899999061,Distrito Capital de Bogotá,No Definido,Territorial,Servicio Público
1865,MUNICIPIO DE MACANAL,891801129,Boyacá,Macanal,Territorial,Servicio Público
1866,CASA DE LA CULTURA PIEDRA DEL SOL DEL MUNICIPIO DE FLORIDABLANCA,800219006,Santander,Floridablanca,Territorial,Cultura
1867,E S E HOSPITAL SAN SEBASTIAN DE SURATA,804005751,Santander,Suratá,Territorial,Salud y Protección Social
1868,EMPRESA DE SERVICIOS PUBLICOS DE GRANADA G,811016501,Antioquia,Granada,Territorial,"Vivienda, Ciudad y Territorio"
1869,ESAP TERRITORIAL NARINO ALTO PUTUMAYO,800117534,No Definido,No Definido,Nacional,Educación Nacional
1870,ICBF REGIONAL SAN ANDRES,899999239,"San Andrés, Providencia y Santa Catalina",San Andrés,Nacional,Salud y Protección Social
1871,DEPARTAMENTO DEL VALLE DEL CAUCA SECRETARIA DE TURISMO,890399029,Valle del Cauca,Cali,Territorial,Industria
1872,EMPRESA DE SERVICIOS PUBLICOS DE CHIA,899999714,Cundinamarca,Chía,Territorial,No aplica/No pertenece
1873,ATLANTICO INSTITUCION EDUCATIVA JESUS MAESTRO,802019228,Atlántico,Soledad,Territorial,Educación Nacional
1874,SENA REGIONAL SANTANDER GRUPO ADMINISTRATIVO CATA,899999034,Santander,Málaga,Nacional,Trabajo
1875,PERSONERIA MUNICIPAL DE MANIZALES,900004592,Caldas,Manizales,Territorial,No aplica/No pertenece
1876,CORPORACION CONCEJO DE COPACABANA,8909827673,Antioquia,Copacabana,Territorial,Servicio Público
1877,CONCEJO MUNICIPAL DE TIBASOSA,826001232,Boyacá,Tibasosa,Territorial,No aplica/No pertenece
1878,OFICINA DE CONTROL DISCIPLINARIO INTERNO ALCALDIA DE TULUA,891900272,Valle del Cauca,Tuluá,Territorial,Servicio Público
1879,CORPORACION UNIVERSIDAD PILOTO DE,8600223823,Distrito Capital de Bogotá,Bogotá,Corporación Autónoma,Educación Nacional
1880,CONTRALORIA GENERAL DE LA REPUBLICA CGR GERENCIA DEPARTAMENTAL SANTANDER,899999067,No Definido,No Definido,Nacional,No aplica/No pertenece
1881,INPEC CARCEL Y PENITENCIARIA DE MEDIA SEGURIDAD DE BOGOTA,830032396,Distrito Capital de Bogotá,Bogotá,Territorial,Ley de Justicia
1882,ALCALDIA MUNICIPAL DE TOTA,800012635,Boyacá,Tota,Territorial,Servicio Público
1883,MUNICIPIO DE GACHANCIPA,899999419,Cundinamarca,Gachancipá,Territorial,Servicio Público
1884,CONTRALORIA DEPARTAMENTAL DEL CAQUETA1,891190246,Caquetá,Florencia,Territorial,Servicio Público
1885,DEPARTAMENTO DE POLICIA PUTUMAYO,800141203,Putumayo,No Definido,Territorial,defensa
1886,EMPRESA SOCIAL DEL ESTADO HOSPITAL SAN VICENTE DE PAUL REMEDIOS,890985092,Antioquia,Remedios,Territorial,Salud y Protección Social
1887,ALCALDIA MUNICIPAL DE GUADUAS,8999997014,Cundinamarca,Guaduas,Territorial,Servicio Público
1888,INSTITUCION EDUCATIVA MIGUEL ANTONIO CARO INEM,890103217,Atlántico,Soledad,Territorial,Educación Nacional
1889,EMPRESAS PUBLICAS DE SAN LUIS,900515140,Antioquia,San Luis,Territorial,No aplica/No pertenece
1890,MPIO DE STA MARIA,800029386,Boyacá,Santa María,Territorial,Hacienda y Crédito Público
1891,PERSONERIA MUNICIPAL DE YOPAL,832000110,Casanare,Yopal,Territorial,Ley de Justicia
1892,ARMADA NACIONAL ESCUELA NAVAL DE CADETES ALMIRANTE PADILLA,800141648,Bolívar,Cartagena,Nacional,defensa
1893,ARMADA NACIONAL BASE NAVAL ARC MALAGA,800141658,Valle del Cauca,Buenaventura,Nacional,defensa
1894,MINISTERIO DEL TRABAJO DIRECCION TERRITORIAL DE RISARALDA,816007249,Risaralda,Pereira,Nacional,Trabajo
1895,MUNICIPIO DE OBANDO VALLE,891900902,Valle del Cauca,Obando,Territorial,No aplica/No pertenece
1896,ALCALDIA MUNICIPAL DE EL PASO,800096592,Cesar,El Paso,Territorial,No aplica/No pertenece
1897,CACOM 3,800141629,Distrito Capital de Bogotá,Bogotá,Nacional,defensa
1898,MUNICIPIO DE TUTA,800027292,Boyacá,Tuta,Territorial,No aplica/No pertenece
1899,ALCALDIA MUNICIPIO DE ARCABUCO,800063791,Boyacá,No Definido,Nacional,Servicio Público
1900,BATALLON DE APOYO Y SERVICIOS PARA EL COMBATE N 11,800131053,Córdoba,Montería,Nacional,defensa
1901,INSTITUTO DE TRANSITO Y TRANSPORTE DE ACACIAS,900081331,Meta,Acacías,Nacional,Transporte
1902,FONDO ESPECIAL DE VIVIENDA DEL MUNICIPIO DE SANTIAGO DE CALI,805013033,Valle del Cauca,Cali,Territorial,"Vivienda, Ciudad y Territorio"
1903,CONCEJO MUNICIPAL DE YAGUARA,8000971806,Huila,Yaguará,Territorial,Servicio Público
1904,HOSPITAL DE AGUAZUL JUAN HERNANDO URREGO E S E,844001355,Casanare,Aguazul,Territorial,Salud y Protección Social
1905,CENTRAL DE URGENCIAS LOUIS PASTEUR E S E,890702369,Tolima,Melgar,Territorial,Salud y Protección Social
1906,DEPARTAMENTO DE POLICIA GUAINIA DEGUN,843000047,Guainía,Inírida,Nacional,defensa
1907,EMPRESA DE SERVICIOS PUBLLCOS DE LA DORADA,810004450,Caldas,La Dorada,Territorial,Industria
1908,ESCUELA DE CAPACITACION MUNICIPAL ECAM,804015969,Santander,Floridablanca,Territorial,Educación Nacional
1909,E S E HOSPITAL NUESTRA SENORA DEL CARMEN DE TABIO,8999999164,Cundinamarca,Tabio,Territorial,Salud y Protección Social
1910,CONCEJO TITIRIBI,890980781,Antioquia,Titiribí,Territorial,Servicio Público
1911,MUNICIPIO DE BOYACA,800023383,Boyacá,Boyacá,Territorial,Servicio Público
1912,CONTRALORIA DEPARTAMENTAL DEL GUAVIARE,832000115,No Definido,No Definido,Territorial,No aplica/No pertenece
1913,LOCALIDAD ISLA DEL CASCAJAL,901070140,Valle del Cauca,Buenaventura,Territorial,Servicio Público
1914,INSTITUCION EDUCATIVA ALFREDO POSADA CORREA,815001203,No Definido,No Definido,Territorial,Educación Nacional
1915,SANTIAGO DE CALI DISTRITO ESPECIAL SECRETARIA DE DESARROLLO TERRITORIAL Y PARTICIPACION CIUDADANA,890399011,Valle del Cauca,Cali,Territorial,Servicio Público
1916,INSTITUCION EDUCATIVA TECNICA PEREZ Y ALDANA,800025311,Tolima,Purificación,Territorial,Educación Nacional
1917,DEPARTAMENTO DE POLICIA GUAJIRA,800140974,La Guajira,No Definido,Territorial,defensa
1918,CONCEJO MUNICIPAL LA UVITA,891856257,Boyacá,La Uvita,Nacional,Servicio Público
1919,CONCEJO MUNICIPAL DE GUARNE,890982055,Antioquia,Guarne,Territorial,No aplica/No pertenece
1920,INSTITUCION EDUCATIVA RURAL BAJO CALDAS,900022567,Caquetá,Florencia,Nacional,Educación Nacional
1921,INDERHUILA,813005578,Huila,Neiva,Territorial,deportes
1922,SERVICIO NACIONAL DE APRENDIZAJE SENA REGIONAL SAN ANDRES,899999034,"San Andrés, Providencia y Santa Catalina",No Definido,Nacional,Educación Nacional
1923,ASAMBLEA DEPARTAMENTAL DE ARAUCA,834000214,Arauca,Arauca,Territorial,Servicio Público
1924,BATALLON DE ASPC N 28,842000005,Vichada,Puerto Carreño,Nacional,defensa
1925,FISCALIA GENERAL DE LA NACION REGIONAL EJE CAFETERO,800187615,Risaralda,Pereira,Nacional,Ley de Justicia
1926,PERSONERIA MUNICIPAL SOGAMOSO,800251377,Boyacá,Sogamoso,Territorial,No aplica/No pertenece
1927,CONCEJO MUNICIPAL CHAPARRAL,809005964,Tolima,Chaparral,Nacional,Servicio Público
1928,EMPRESA DE FOMENTO Y DESARROLLO SOSTENIBLE DE OCCIDENTE,832003417,Cundinamarca,Facatativá,Territorial,No aplica/No pertenece
1929,CONCEJO MUNICIPAL DE COCORNA,890984634,Antioquia,Cocorná,Territorial,No aplica/No pertenece
1930,MUNICIPIO DE CHARALA,890205063,Santander,Charalá,Territorial,No aplica/No pertenece
1931,ESE HOSPITAL LOCAL SANTA CATALINA DE ALEJANDRIA,806013609,Bolívar,Santa Catalina,Corporación Autónoma,No aplica/No pertenece
1932,E S E HOSPITAL ULPIANO TASCON QUINTERO,891301447,Valle del Cauca,San Pedro,Territorial,Salud y Protección Social
1933,ALCALDIA MUNICIPIO DE VIJES,800243022,Valle del Cauca,Vijes,Territorial,Servicio Público
1934,INSTITUCION EDUCATIVA CIUDAD LUZ,809006041,No Definido,No Definido,Territorial,Educación Nacional
1935,CONCEJO MUNICIPAL DE VILLETA,832004292,Cundinamarca,Villeta,Nacional,Servicio Público
1936,ALCALDIA MUNICIPAL DE VALLE DE SAN JOSE,890205460,Santander,Valle De San José,Territorial,No aplica/No pertenece
1937,COLEGIO JOSE MANUEL RESTREPO IED,860532342,Distrito Capital de Bogotá,No Definido,Territorial,Educación Nacional
1938,CORPORACION DIGITAL,830101214,Distrito Capital de Bogotá,Bogotá,Nacional,Tecnologías de la Información y las Comunicaciones
1939,INSTITUTO MUNICIPAL PARA LA RECREACION Y EL DEPORTE PASTO DEPORTE,814000385,Nariño,Pasto,Territorial,deportes
1940,PERSONERIA MUNICIPAL DE MOSQUERA,832001420,Cundinamarca,Mosquera,Territorial,No aplica/No pertenece
1941,MUNICIPIO DE SABANAGRANDE,890115982,Atlántico,Sabanagrande,Territorial,Servicio Público
1942,CONTRALORIA MUNICIPAL DE FLORIDABLANCA,800005042,Santander,Floridablanca,Territorial,No aplica/No pertenece
1943,MUNICIPIO DE ALGARROBO,819003219,Magdalena,Algarrobo,Territorial,Servicio Público
1944,CONCEJO MUNICIPAL DE LIBANO TOLIMA1,8090027674,Tolima,Líbano,Territorial,No aplica/No pertenece
1945,DEPARTAMENTO DE POLICIA URABA,800141103,Atlántico,Barranquilla,Nacional,defensa
1946,MUNICIPIO DE RISARALDA,800095461,Caldas,Risaralda,Territorial,Servicio Público
1947,CONTRALORIA MUNICIPAL DE NEIVA,800095147,Huila,Neiva,Territorial,No aplica/No pertenece
1948,CONCEJO MUNICIPAL DE GARZON,891180022,Huila,Garzón,Territorial,Servicio Público
1949,ESCUELA DE CARABINEROS PROVINCIA DE VELEZ MAYOR GENERAL MANUEL JOSE LOPEZ GOMEZ,804003971,Santander,Vélez,Nacional,defensa
1950,INSTITUCION EDUCATIVA ANTONIO NARINO MOSQUERA,8320026861,Cundinamarca,Mosquera,Territorial,Educación Nacional
1951,PERSONERIA DE GIRARDOTA,8909808071,Antioquia,Girardota,Territorial,Ley de Justicia
1952,CONCEJO MUNICIPIO DE LOS PATIOS,900026303,Norte de Santander,Los Patios,Territorial,No aplica/No pertenece
1953,MUNICIPIO DE SILOS,890506128,Norte de Santander,Silos,Territorial,No aplica/No pertenece
1954,DIRECCION DE SANIDAD ARMADA NACIONAL,9014332637,Bolívar,Cartagena,Nacional,defensa
1955,INSTITUCION EDUCATIVA TECNICA SANTA CRUZ DE MOTAVITA,800097038,No Definido,No Definido,Territorial,Educación Nacional
1956,ALCALDIA MUNICIPIO DE SIACHOQUE,891801911,Boyacá,Siachoque,Territorial,Servicio Público
1957,INSTITUTO MUNICIPAL DE DEPORTES EDUCACION FISICA Y RECREACION INDERPE,811006655,Antioquia,No Definido,Territorial,deportes
1958,RED DE SALUD DEL SURORIENTE EMPRESA SOCIAL DEL ESTADO,805027338,Valle del Cauca,Cali,Territorial,Salud y Protección Social
1959,INSPECCION DE TRANSITO Y TRANSPORTE DE BARRANCABERMEJA,890270948,Santander,Barrancabermeja,Territorial,Servicio Público
1960,PERSONERIA MUNICIPAL DE ARMERO GUAYABAL,809002911,Tolima,Armero,Territorial,Servicio Público
1961,CSB,806000327,Bolívar,Magangué,Corporación Autónoma,Ambiente y Desarrollo Sostenible
1962,UNIDAD ESPECIAL DE CATASTRO,890399029,Valle del Cauca,Cali,Territorial,Servicio Público
1963,EMPRESA DE DESARROLLO URBANO Y RURAL DE DOSQUEBRADAS,816005795,Risaralda,Dosquebradas,Territorial,No aplica/No pertenece
1964,INDER GIRARDOTA,800019166,Antioquia,Girardota,Territorial,deportes
1965,MUNICIPIO DE CHITA,891801962,Boyacá,Chita,Territorial,Servicio Público
1966,UNIDAD PRESTADORA DE SALUD ATLANTICO,9013620904,Atlántico,Soledad,Territorial,Salud y Protección Social
1967,CONCEJO MUNICIPAL DE SOPO,832003491,Cundinamarca,Sopó,Territorial,Servicio Público
1968,EL INSTITUTO DE CULTURA EL CARMEN DE VIBORAL,900169143,No Definido,No Definido,Territorial,Servicio Público
1969,SUTAMARCHAN,800030988,Boyacá,Sutamarchán,Territorial,Servicio Público
1970,MUNICIPIO DE SAN JOSE,810001998,Caldas,San José,Territorial,Servicio Público
1971,SISTEMA ESTRATEGICO DE TRANSPORTE PUBLICO DE IBAGUE,901287299,Tolima,Ibagué,Territorial,Transporte
1972,ASOCIACION DE MUNICIPIOS CORPORACION AGENCIA PARA EL DESARROLLO DE LOS MUNICIPIOS DE LA SUBREGION DE BOSQUES,900225707,No Definido,No Definido,Nacional,Servicio Público
1973,PERSONERIA MUNICIPAL DE CHIA,899999172,Cundinamarca,Chía,Territorial,No aplica/No pertenece
1974,ASAMBLEA DEPARTAMENTAL DE CASANARE1,800228493,Casanare,Yopal,Territorial,No aplica/No pertenece
1975,SECRETARIA PRIVADA ALCALDIA DE TULUA,891900272,Valle del Cauca,Tuluá,Territorial,Servicio Público
1976,EMPRESA SOCIAL DE ESTADO CENTRO SALUD DE COMBITA,820003411,Boyacá,Cómbita,Territorial,Salud y Protección Social
1977,PERSONERIA DE TASCO,891856131,Boyacá,Tasco,Territorial,No aplica/No pertenece
1978,MINISTERIO DEL TRABAJO DIRECCION TERRITORIAL GUAJIRA,800218970,La Guajira,Riohacha,Nacional,Trabajo
1979,INSTITUTO MUNICIPAL DEL DEPORTE Y LA RECREACION DE YUMBO,805003325,Valle del Cauca,Yumbo,Territorial,deportes
1980,CONCEJO MUNICIPAL DE YONDO ANTIOQUIA,900303907,Antioquia,Yondó,Territorial,No aplica/No pertenece
1981,INSTITUTO DESCENTRALIZADO BUGA ABASTOS,815000842,Valle del Cauca,Guadalajara De Buga,Territorial,No aplica/No pertenece
1982,MUNICIPIO DE EL PAUJIL,800095763,Caquetá,El Paujil,Territorial,Servicio Público
1983,SENA REGIONAL VALLE GRUPO ADMINISTRATIVO CTA,899999034,Valle del Cauca,Cartago,Nacional,Trabajo
1984,ALCALDIA MUNICIPAL DE RAQUIRA,891801244,Boyacá,Ráquira,Territorial,Servicio Público
1985,INSTITUCION EDUCATIVA JULIO ERNESTO ANDRADE,809004609,Tolima,Rovira,Territorial,Educación Nacional
1986,ESE CENTRO DE SALUD SAN JOSE DE NIMAIMA,832009187,Cundinamarca,Nimaima,Territorial,Salud y Protección Social
1987,ARTESANIAS DE,860007887,No Definido,No Definido,Nacional,Industria
1988,CONCEJO MUNICIPAL SUPIA CALDAS,890801150,Caldas,Supía,Territorial,No aplica/No pertenece
1989,CONCEJO DE CHINCHINA,810005119,Caldas,Chinchiná,Territorial,Servicio Público
1990,CARCEL Y PENITENCIARIA CON ALTA Y MEDIA SEGURIDAD LA PAZ,811010070,Antioquia,Itagui,Nacional,Ley de Justicia
1991,ALCALDIA MUNICIPAL FILADELFIA CALDAS,890801144,Caldas,Filadelfia,Territorial,Servicio Público
1992,EMPRESA SOCIAL DEL ESTADO HOSPITAL NUESTRA SENORA DEL CARMEN DE GUAMAL MAGDALENA,819002534,Magdalena,Guamal,Territorial,Salud y Protección Social
1993,INSTITUTO FINANCIERO PARA EL DESARROLLO DE NORTE DE SANTANDER,890501971,Norte de Santander,Cúcuta,Territorial,No aplica/No pertenece
1994,INSTITUTO DE CULTURA Y TURISMO DEL MUNICIPIO DE SAN GIL,900301249,Santander,San Gil,Territorial,No aplica/No pertenece
1995,INSTITUCION EDUCATIVA TECNICA ALBERTO CASTILLA,809001647,Tolima,Guamo,Territorial,Educación Nacional
1996,INSTITUTO NACIONAL PENITENCIARIO Y CARCELARIO SILVA,817001129,No Definido,No Definido,Nacional,Ley de Justicia
1997,INSTITUCION EDUCATIVA TECNICO AGROPECUARIO CARLOS ARTURO VERBEL VERGARA,823000574,No Definido,No Definido,Territorial,Educación Nacional
1998,EMPRESA SOCIAL DEL ESTADO CENTRO DE SALUD SAN MIGUEL DEL MUNICIPIO DE SAN MIGUEL DE SEMA,8200034019,Boyacá,San Miguel De Sema,Territorial,Salud y Protección Social
1999,MUNICIPIO DE SUPIA,890801150,Caldas,Supía,Territorial,Servicio Público
2000,CONCEJO MUNICIPAL DE LA VEGA CUNDINAMARCA,800073475,Cundinamarca,La Vega,Territorial,Servicio Público
2001,MUNICIPIO DE CHITARAQUE,800034476,Boyacá,Chitaraque,Territorial,Planeación
2002,CONCEJO MUNICIPAL DE SANTA FE DE ANTIOQUIA,890907569,Antioquia,Santafé De Antioquia,Territorial,No aplica/No pertenece
2003,ALCALDIA MUNICIPAL CONTRATACION SANTANDER,890206058,Santander,Contratación,Territorial,No aplica/No pertenece
2004,HOSPITAL SAN JUAN BOSCO,824000450,Cesar,Bosconia,Nacional,Salud y Protección Social
2005,IMRD MUNICIPIO DE LOS PATIOS,900323339,Norte de Santander,Los Patios,Territorial,deportes
2006,ALCALDIA MUNICIPIO DE GIRON SANTANDER,890204802,Santander,Girón,Territorial,Servicio Público
2007,ALCALDIA DE SAN MARTIN META,892099548,Meta,San Martín,Territorial,No aplica/No pertenece
2008,FISCALIA GENERAL DE LA NACION REGIONAL NORORIENTAL,800187569,Santander,Bucaramanga,Nacional,Ley de Justicia
2009,EMPRESA DE SERVICIOS PUBLICOS SERTINJACA,901682704,Boyacá,Tinjacá,Territorial,No aplica/No pertenece
2010,I E T TECNICA SAN LUIS GONZAGA,890702556,Tolima,Espinal,Nacional,Educación Nacional
2011,ESCUELA DE POLICIA DE PROVINCIA DE SUMAPAZ INTENDENTE MARITZA BONILLA RUIZ,808000859,Cundinamarca,Fusagasugá,Nacional,defensa
2012,INSTITUCION UNIVERSITARIA DE SANTA MARTA,901736641,Magdalena,Santa Marta,Territorial,Educación Nacional
2013,CAJA DE PREVISION SOCIAL MUNICIPAL DE BUCARAMANGA,890204851,Santander,Bucaramanga,Territorial,No aplica/No pertenece
2014,MUNICIPIO DE BRICENO,890984415,Antioquia,Briceño,Territorial,Servicio Público
2015,INSTITUTO DEPARTAMENTAL DEL DEPORTE Y LA RECREACION DEL DEPARTAMENTO DE ARAUCA,834001300,Arauca,Arauca,Territorial,deportes
2016,HOSPITAL KENNEDY ESE,891900732,Valle del Cauca,No Definido,Territorial,Salud y Protección Social
2017,NORTE DE SANTANDER ALCALDIA MUNICIPIO DE TEORAMA,800017022,Norte de Santander,Teorama,Territorial,No aplica/No pertenece
2018,HOSPITAL UNIVERSITARIO DE SINCELEJO ESE,892280033,Sucre,Sincelejo,Territorial,Salud y Protección Social
2019,ESTABLECIMIENTO PUBLICO AMBIENTAL BARRANQUILLA VERDE,901034433,Atlántico,Barranquilla,Territorial,Ambiente y Desarrollo Sostenible
2020,CONTRALORIA DEPARTAMENTAL DEL VICHADA,832000034,Vichada,Puerto Carreño,Territorial,Servicio Público
2021,CORPORACION TURISMO CARTAGENA DE INDIAS,806010043,Bolívar,Cartagena,Territorial,Industria
2022,PERSONERIA DISTRITAL DE CARTAGENA,806000084,Bolívar,Cartagena,Territorial,No aplica/No pertenece
2023,CONCEJO DE PACHO,832001592,Cundinamarca,Pacho,Territorial,No aplica/No pertenece
2024,PERSONERIA MUNICIPAL DE SAN FRANCISCO ANTIOQUIA,8000227914,Antioquia,San Francisco,Territorial,No aplica/No pertenece
2025,CONCEJO MUNICIPAL DE GIRON,804002725,Santander,Girón,Territorial,No aplica/No pertenece
2026,PERSONERIA DEL MUNICIPIO DE ALEJANDRIA,890983701,Antioquia,Alejandría,Territorial,Servicio Público
2027,INSTITUTO CEJENO DE LA RECREACION Y EL DEPORTE INCERDE,811002944,Antioquia,La Ceja,Territorial,deportes
2028,ALCALDIA DE FLORENCIA CAUCA,800188492,Cauca,Florencia,Territorial,No aplica/No pertenece
2029,CENTRAL DE ABASTOS DE CUCUTA EN LIQUIDACION,890503641,Norte de Santander,Cúcuta,Nacional,agricultura
2030,INDEV,844003266,Casanare,Yopal,Territorial,"Vivienda, Ciudad y Territorio"
2031,ESE HOSPITAL LOCAL NUEVA GRANADA,819004318,No Definido,No Definido,Nacional,Salud y Protección Social
2032,CONCEJO MUNICIPIO DE MIRANDA,8915008416,Cauca,Miranda,Territorial,Servicio Público
2033,INST EDU TEC LA ARADA,800016088,Tolima,Alpujarra,Nacional,Educación Nacional
2034,EMPRESA DE DESARROLLO TERRITORIAL URBANO Y RURAL DE MARINILLA EDUR,9014531831,Antioquia,Marinilla,Territorial,No aplica/No pertenece
2035,HONORABLE CONCEJO MUNICIPAL DE YARUMAL,890980096,Antioquia,Yarumal,Territorial,Ley de Justicia
2036,INSTITUTO DE DEPORTES Y RECREACION DE BARBOSA ANTIOQUIA,811006833,Antioquia,No Definido,Territorial,No aplica/No pertenece
2037,ESPD TAMESIS PERFIL COMPRADOR,900378953,Antioquia,Támesis,Territorial,No aplica/No pertenece
2038,POLICIA METROPOLITANA DE MONTERIA,900800975,Córdoba,Montería,Nacional,defensa
2039,MUNICIPIO DE MILAN,800067452,Caquetá,Milán,Territorial,Servicio Público
2040,EMPRESA PARA EL DESARROLLO URBANO Y HABITAT DEL MUNICIPIO DE APARTADO,901445176,Antioquia,Apartadó,Territorial,No aplica/No pertenece
2041,INSTITUTO MUNICIPAL DE DEPORTE Y RECREACION DE CAREPA,811005365,Antioquia,Carepa,Territorial,deportes
2042,MUNICIPIO DE SOLEDAD,890106291,Atlántico,Soledad,Territorial,Servicio Público
2043,INSTITUCION EDUCATIVA TECNICO FRANCISCO LUCEA,844002430,Casanare,San Luis De Palenque,Territorial,Educación Nacional
2044,ALCALDIA MUNICIPAL PIVIJAY MAGDALENA,891780050,Magdalena,No Definido,Territorial,No aplica/No pertenece
2045,PERSONERIA DE ITAGUI,8909800938,Antioquia,Itagui,Territorial,No aplica/No pertenece
2046,INSTITUCION EDUCATIVA GENERAL JOSE MARIA CABAL,901355611,Valle del Cauca,Cali,Territorial,Educación Nacional
2047,INSTITUTO DEPARTAMENTAL DE CULTURA DEPORTE Y TURISMO DEL CAQUETA,891190167,Caquetá,No Definido,Territorial,deportes
2048,SANTIAGO DE CALI DISTRITO ESPECIAL DEPARTAMENTO ADMINISTRATIVO DE CONTRATACION PUBLICA,890399011,Valle del Cauca,No Definido,Territorial,Servicio Público
2049,ALCADIA MUNICIPIO DE LA CAPILLA,800099665,Boyacá,No Definido,Territorial,Servicio Público
2050,DIRECCION DE BIENESTAR DE LA POLICIA NACIONAL,830042321,Distrito Capital de Bogotá,No Definido,Nacional,defensa
2051,EMPRESA DE SERVICIOS PUBLICOS DE SANTA FE DE ANTIOQUIA,901033936,Antioquia,Santafé De Antioquia,Territorial,Ambiente y Desarrollo Sostenible
2052,FUNDACION CENTRO INTERNACIONAL DE EDUCACION Y DESARROLLO HUMANO CINDE,8600515508,Antioquia,Sabaneta,Nacional,Ciencia Tecnología
2053,UNIDAD DE INFORMACION Y ANALISIS FINANCIERO,830068074,No Definido,No Definido,Nacional,Hacienda y Crédito Público
2054,PERSONERIA DE TAMESIS ANTIOQUIA,890981238,Antioquia,Támesis,Territorial,Ley de Justicia
2055,CONTRALORIA GENERAL DEL DEPARTAMENTO DEL PUTUMAYO,800193022,Putumayo,Mocoa,Territorial,Servicio Público
2056,SECRETARIA DE TRANSITO Y TRANSPORTE DEL MUNICIPIO DE BUENAVENTURA,800114846,Valle del Cauca,Buenaventura,Territorial,Transporte
2057,CONCEJO DE ZIPAQUIRA,899999318,Cundinamarca,Zipaquirá,Territorial,No aplica/No pertenece
2058,IPYBAC,901423202,Distrito Capital de Bogotá,Bogotá,Territorial,agricultura
2059,E S E HOSPITAL REGIONAL DEL MAGDALENA MEDIO,900136865,Santander,Barrancabermeja,Territorial,Salud y Protección Social
2060,EMPRESA SOCIAL DEL ESTADO HOSPITAL SANTA TERESITA DE PACORA,890801517,No Definido,No Definido,Territorial,Salud y Protección Social
2061,EMPRESA SOCIAL DEL ESTADO HOSPITAL SAN ANTONIO DE MONTEBELLO,890981096,Antioquia,No Definido,Territorial,Salud y Protección Social
2062,CENTRAL ADMINISTRATIVA Y CONTABLE CENAC VALLEDUPAR,900059309,Cesar,Valledupar,Nacional,defensa
2063,INSTITUTO MUNICIPAL PARA EL DEPORTE LA RECREACION EL APROVECHAMIENTO DEL TIEMPO LIBRE Y LA EDUCACION EXTRAESCOLAR DE PRADERA,815000352,Valle del Cauca,Pradera,Territorial,deportes
2064,EMPRESA SOCIAL DEL ESTADO HOSPITAL SAN FRANCISCO DE VIOTA,890680032,Cundinamarca,Viotá,Territorial,Salud y Protección Social
2065,CONCEJO MUNICIPAL DE VIOTA,900074859,Cundinamarca,Viotá,Territorial,No aplica/No pertenece
2066,HOSPITAL DEPARTAMENTAL SAN ANTONIO DE VILLAMARIA ESE,890801944,Caldas,Villamaría,Territorial,Salud y Protección Social
2067,CONCEJO MUNICIPAL DE MONTENEGRO QUINDIO,890000858,Quindío,Montenegro,Territorial,No aplica/No pertenece
2068,EMPRESA PUEBLORRIQUENA DE ACUEDUCTO ALCANTARILLADO Y ASEO,900182397,Antioquia,Pueblorrico,Territorial,No aplica/No pertenece
2069,INSTITUTO MUNICIPAL DE DEPORTES RECREACION CULTURA Y TURISMO IMDERCULTUR EL ROSAL,832003469,No Definido,No Definido,Territorial,Servicio Público
2070,ALCALDIA MUNICIPAL DE SATIVANORTE,800050791,Boyacá,Sativanorte,Territorial,Servicio Público
2071,RAMA JUDICIAL DIRECCION SECCIONAL DE ADMINISTRACION JUDICIAL DE VALLEDUPAR,800165854,Cesar,Valledupar,Nacional,Ley de Justicia
2072,MUNICIPIO DE MACHETA,899999401,Cundinamarca,Macheta,Territorial,No aplica/No pertenece
2073,INSTITUCION EDUCATIVA TECNICA LEPANTO,800014311,Tolima,Murillo,Territorial,Educación Nacional
2074,COLEGIO JORGE SOTO DEL CORRAL IED,860532537,No Definido,No Definido,Territorial,Educación Nacional
2075,ALCALDIA MUNICIPAL DE SAN PEDRO VALLE DEL CAUCA,800100526,Valle del Cauca,San Pedro,Territorial,Servicio Público
2076,INSTITUCION EDUCATIVA GUATAVITA TUA,900029258,Tolima,Ortega,Nacional,Educación Nacional
2077,ICBF REGIONAL GUAINIA,899999239,Guainía,Inírida,Nacional,Salud y Protección Social
2078,CARCEL Y PENITENCIERIA DE MEDIA SEGURIDAD CON RECLUSION DE MUJERES PASTO,814001035,Nariño,Pasto,Nacional,Ley de Justicia
2079,ASOCIACION DE MUNICIPIOS DEL ARIARI,822002858,Meta,Villavicencio,Territorial,No aplica/No pertenece
2080,PERSONERIA MUNICIPAL DE CANDELARIA,815001709,Valle del Cauca,Candelaria,Territorial,No aplica/No pertenece
2081,CONCEJO MUNICIPAL DE TENJO,800095174,Cundinamarca,Tenjo,Territorial,No aplica/No pertenece
2082,CENAC YOPAL,844000067,Casanare,Yopal,Nacional,defensa
2083,GOBERNACION DEL VALLE SECRETARIA DE MUJER EQUIDAD DE GENERO Y DIVERSIDAD SEXUAL,890399029,Valle del Cauca,Cali,Nacional,No aplica/No pertenece
2084,EMPRESA SOLIDARIA DE SERVICIOS PUBLICOS DOMICILIAROS DE NUEVO COLON BOYACA,900340575,Boyacá,Nuevo Colón,Territorial,Ambiente y Desarrollo Sostenible
2085,DISPENSARIO MEDICO DE BUCARAMANGA,901541137,Santander,Bucaramanga,Nacional,defensa
2086,IMDECUR,820000517,Boyacá,Chiquinquirá,Territorial,Cultura
2087,ARMADA NACIONAL ESCUELA NAVAL DE SUBOFICIALES ARC BARRANQUILLA,800141653,Atlántico,Barranquilla,Nacional,defensa
2088,ASEOBANDO,9002394535,Valle del Cauca,Obando,Territorial,"Vivienda, Ciudad y Territorio"
2089,MEGABUS,816007837,Risaralda,Pereira,Territorial,Transporte
2090,EDENORTE,901831522,Antioquia,Yarumal,Territorial,No aplica/No pertenece
2091,INSTITUTO PARA EL FOMENTO DEL DEPORTE LA RECREACION EL APROVECHAMIENTO DEL TIEMPO LIBRE Y LA EDUCACION FISICA DE BARRANCABERMEJA,829000477,Santander,Barrancabermeja,Territorial,Servicio Público
2092,INSTITUCION EDUCATIVA SAGRADO CORAZON EL CERRITO,891380138,Valle del Cauca,El Cerrito,Territorial,Educación Nacional
2093,EMPRESAS PUBLICAS DE CONCEPCION,901431743,Antioquia,Concepción,Territorial,"Vivienda, Ciudad y Territorio"
2094,CUERPO OFICIAL DE BOMBEROS DEL MUNICIPIO DE DOSQUEBRADAS,816002062,Risaralda,Dosquebradas,Territorial,No aplica/No pertenece
2095,SUBCUENTA PARA LA ADMON DE LOS RECURSOS Y MANEJO SPN FONAM DTOR,901037393,Meta,Villavicencio,Territorial,Ambiente y Desarrollo Sostenible
2096,INSTITUTO DE TRANSITO Y TRANSPORTE DEL DEPARTAMENTO DE ARAUCA,800114869,No Definido,No Definido,Territorial,Transporte
2097,PERSONERIA MUNICIPAL DE SANTO TOMAS,802008866,Atlántico,Santo Tomás,Territorial,No aplica/No pertenece
2098,CONCEJO MUNICIPAL DE PUENTE NACIONAL,8902092993,Santander,Puente Nacional,Territorial,No aplica/No pertenece
2099,PERSONERIA MUNICIPAL DE SINCELEJO,823000069,Sucre,Sincelejo,Territorial,Servicio Público
2100,INDEPORTES QUINDIO,801001532,Quindío,Armenia,Territorial,deportes
2101,ALCALDIA MUNICIPIO DE CONFINES,890208947,Santander,Confines,Territorial,No aplica/No pertenece
2102,AGENCIA REGIONAL DE MOVILIDAD,901876510,Distrito Capital de Bogotá,Bogotá,Territorial,Transporte
2103,ESTABLECIMIENTO PENITENCIARIO LA ESPERANZA DE GUADUAS,900388272,Cundinamarca,Guaduas,Nacional,Ley de Justicia
2104,MUNICIPIO DE ZAPATOCA,890204138,Santander,Bucaramanga,Nacional,Transporte
2105,INSTITUCION EDUCATIVA TECNICA AGROPECUARIA NUESTRA SENORA DE LA ASUNCION,809000232,Tolima,Fresno,Territorial,Educación Nacional
2106,DIRECCION REGIONAL ORIENTE INPEC,804004840,Santander,Bucaramanga,Territorial,Ley de Justicia
2107,CONCEJO MUNICIPAL PUERTO ASIS,846000610,Putumayo,Puerto Asís,Territorial,No aplica/No pertenece
2108,PERSONERIA MPAL LA UNION VALLE DEL CAUCA,900069464,Valle del Cauca,La Unión,Territorial,No aplica/No pertenece
2109,PERSONERIA DE ISNOS,800097098,Huila,Isnos,Territorial,No aplica/No pertenece
2110,INPEC CPMSSIN SINCELEJO,823000931,Sucre,Sincelejo,Nacional,Ley de Justicia
2111,ALCALDIA LOCAL CONTINENTE EL PAILON DEL DISTRITO DE BUENAVENTURA,901070157,Valle del Cauca,Buenaventura,Nacional,Servicio Público
2112,UPRES DENOR POLICIA METROPOLITANA DE CUCUTA,900259415,Norte de Santander,No Definido,Nacional,defensa
2113,CAMARA DE COMERCIO DE SAN ANDRES PROVIDENCIA Y SANTA CATALINA,892400080,"San Andrés, Providencia y Santa Catalina",No Definido,Territorial,Industria
2114,CONCEJO MUNICIPAL PACORA,890801136,Caldas,Pácora,Territorial,No aplica/No pertenece
2115,FISCALIA GENERAL DE LA NACION REGIONAL NOROCCIDENTAL,800187597,Antioquia,No Definido,Nacional,Ley de Justicia
2116,EMPRESA PRESTADORA DEL SERVICIO PUBLICO DE ASEO DEL MUNICIPIO DE CIUDAD BOLIVAR,811015728,Antioquia,Ciudad Bolívar,Territorial,No aplica/No pertenece
2117,HOSPITAL MUNICIPAL LUIS ABLANQUE DE LA PLATA EMPRESA SOCIAL DEL ESTADO,835000972,Valle del Cauca,No Definido,Territorial,Salud y Protección Social
2118,INSTITUCION EDUCATIVA SAGRADO CORAZON DE JESUS1,8380002711,Amazonas,Leticia,Nacional,Educación Nacional
2119,INSTITUCION EDUCATIVA TECNICO COMERCIAL HERNANDO NAVIA VARON,800099769,Valle del Cauca,Cali,Territorial,Educación Nacional
2120,INSTITUTO MUNICIPAL PARA EL DEPORTE LA RECREACION LA EDUCACION Y LA EDUCACION FISICA EXTRAESCOLAR,832002492,Cundinamarca,Villapinzón,Territorial,deportes
2121,SECRETARIA DE EDUCACION DE CALI,890399011,Valle del Cauca,Cali,Territorial,Educación Nacional
2122,PATRIMONIO AUTONOMO P A P MINDEFENSA NACIONAL FONDETEC,830053105,Distrito Capital de Bogotá,Bogotá,Nacional,defensa
2123,INSTITUTO MUNICIPAL DE DEPORTES Y RECREACION IMDER,901786390,Córdoba,Montería,Territorial,deportes
2124,PERSONERIA MUNICIPAL DE EL CARMEN DE VIBORAL,890982616,Antioquia,El Carmen De Viboral,Territorial,Ley de Justicia
2125,EMPRESA SOCIAL DEL ESTADO HOSPITAL SAN ANTONIO DE SOATA,891800611,Boyacá,Soatá,Territorial,Salud y Protección Social
2126,MUNICIPIO DE AGUSTIN CODAZZI,800096558,Cesar,Agustín Codazzi,Territorial,Servicio Público
2127,INSTITUCION EDUCATIVA DE DESARROLLO RURAL LA UNION NARINO,8999990998,Nariño,La Unión,Territorial,Educación Nacional
2128,INSTITUCION EDUCATIVA JOSE FELIX RESTREPO,805027629,Valle del Cauca,No Definido,Nacional,Educación Nacional
2129,INSTITUCION EDUCATIVA REPUBLICA DE ARGENTINA,800180539,Valle del Cauca,Cali,Territorial,Educación Nacional
2130,ALCALDIA MUNICIPIO DE OIBA,890210948,Santander,Oiba,Territorial,Planeación
2131,ESE HOSPITAL MENTAL DE FILANDIA,890000992,Quindío,No Definido,Territorial,Salud y Protección Social
2132,SECRETARIA GENERAL GOBERNACION DEL VALLE,8903990295,Valle del Cauca,Cali,Territorial,Servicio Público
2133,MUNICIPIO DE PUERTO NARE,8909810008,Antioquia,Puerto Nare,Territorial,No aplica/No pertenece
2134,INDESA,890982641,Antioquia,Sabaneta,Territorial,deportes
2135,AGUAS DE LA MIEL EMPRESA DE SERVICIOS PUBLICOS,810006753,Caldas,Norcasia,Territorial,No aplica/No pertenece
2136,CONCEJO MUNICIPAL DE TURBACO,806007376,No Definido,No Definido,Territorial,No aplica/No pertenece
2137,DEPARTAMENTO DE CUNDINAMARCA SECRETARIA DEL AMBIENTE,899999114,Distrito Capital de Bogotá,No Definido,Territorial,Ambiente y Desarrollo Sostenible
2138,RESGUARDO INDIGENA KANKUAMO,900874999,No Definido,No Definido,Territorial,agricultura
2139,POLICIA NACIONAL DEPARTAMENTO DE POLICIA CASANARE,844000016,Casanare,Yopal,Territorial,defensa
2140,COLEGIO FERNANDO GONZALEZ OCHOA IED,900187743,Distrito Capital de Bogotá,Bogotá,Territorial,Educación Nacional
2141,ARMADA NACIONAL BASE NAVAL ARC SAN ANDRES,800141656,"San Andrés, Providencia y Santa Catalina",No Definido,Nacional,defensa
2142,PERSONERIA MUNICIPAL DEL MUNICIPIO DE SAN JERONIMO DE MONTERIA,800253846,No Definido,No Definido,Territorial,Ley de Justicia
2143,ESTABLECIMIENTO PENITENCIARIO Y CARCELARIO DE MEDIANA SEGURIDAD PITALITO INPEC,813001834,No Definido,No Definido,Nacional,Ley de Justicia
2144,CONTRALORIA GENERAL DE SANTANDER,890201705,Santander,Bucaramanga,Territorial,No aplica/No pertenece
2145,INSTITUTO MUNICIPAL DE DEPORTES Y RECREACION CHIGORODO,800018939,Antioquia,Chigorodó,Territorial,deportes
2146,DISPENSARIO MEDICO DE MEDELLIN,901540992,Antioquia,Medellín,Nacional,defensa
2147,COLEGIO DE CULTURA POPULAR IED,830019146,Distrito Capital de Bogotá,No Definido,Territorial,Educación Nacional
2148,CONTRALORIA MUNICIPAL DE PALMIRA,800183276,Valle del Cauca,Palmira,Territorial,Servicio Público
2149,INSTITUCION EDUCATIVA TECNICA FRANCISCO JOSE DE CALDAS,890706334,Tolima,Natagaima,Territorial,Educación Nacional
2150,CONCEJO MUNICIPAL DE SANTANDER DE QUILICHAO,891500269,Cauca,Santander De Quilichao,Territorial,Servicio Público
2151,DEPARTAMENTO DE CUNDINAMARCA SECRETARIA DE LO SOCIAL Y LA FAMILIA,899999114,Distrito Capital de Bogotá,No Definido,Territorial,Inclusión Social y Reconciliación
2152,INFORDES,800178618,Antioquia,El Santuario,Territorial,deportes
2153,CONSEJO PROFESIONAL DE ADMINISTRACION AMBIENTAL,900938427,Distrito Capital de Bogotá,Bogotá,Nacional,Ambiente y Desarrollo Sostenible
2154,CONTRALORIA GENERAL DEL DEPARTAMENTO DE CORDOBA,800193833,Córdoba,Montería,Territorial,No aplica/No pertenece
2155,EJERCITO DIRECCION DE ADQUISICIONES,800130632,Distrito Capital de Bogotá,No Definido,Nacional,defensa
2156,EMPRESAS PUBLICAS DE SAN ANDRES DE CUERQUIA,900351747,Antioquia,San Andrés,Territorial,Servicio Público
2157,FONDO ROTATORIO DEL DANE FONDANE DIRECCION TERRITORIAL CENTRO OCCIDENTE,800072977,Caldas,Manizales,Nacional,Información Estadística
2158,CONCEJO MUNICIPAL DE PUERTO BOYACA,820000370,Boyacá,Puerto Boyacá,Territorial,No aplica/No pertenece
2159,ESE HOSPITAL HECTOR ABAD GOMEZ1,800143438,Antioquia,San Juan De Urabá,Territorial,Salud y Protección Social
2160,ESM BATALLON DE ASPC NO 2 CACIQUE ALFONSO XEQUE NIVEL I,901541212,Atlántico,Barranquilla,Nacional,Salud y Protección Social
2161,EMPRESAS PUBLICAS DE TIMANA,900330919,Huila,Timaná,Territorial,No aplica/No pertenece
2162,EMPRESA DE OBRAS SANITARIAS DE LA PROVINCIA DE OBANDO EMPOOBANDO,800140132,Nariño,Ipiales,Territorial,No aplica/No pertenece
2163,I E LA LUISA,800213883,Tolima,Rovira,Territorial,Educación Nacional
2164,INSTITUTO MUNICIPAL DE DEPORTE Y RECREACION IMDER,811007361,Antioquia,Retiro,Territorial,deportes
2165,INSTITUTO PARA LA RECREACION Y EL DEPORTE EN EL MUNICIPIO DE SANTA FE DE ANTIOQUIA,901027478,Antioquia,Santafé De Antioquia,Territorial,deportes
2166,MUNICIPIO DE BARAYA,8911801833,Huila,Baraya,Territorial,Servicio Público
2167,INSTITUTO DEPARTAMENTAL DE RECREACION Y DEPORTES DEL ATLANTICO,802011084,Atlántico,Barranquilla,Territorial,deportes
2168,INSTITUCION EDUCATIVA NORMAL SUPERIOR FABIO LOZANO TORRIJOS,890702925,Tolima,Falan,Territorial,Educación Nacional
2169,DEPARTAMENTO DE POLICIA VICHADA,842000015,Vichada,Puerto Carreño,Nacional,defensa
2170,MUNICIPIO DE CERETE,800096744,Córdoba,Cereté,Territorial,Ambiente y Desarrollo Sostenible
2171,INSTITUCION EDUCATIVA ARZOBISPO TULIO BOTERO SALAZAR,811018664,Antioquia,Medellín,Territorial,Educación Nacional
2172,INSTITUCION EDUCATIVA TECNICA MODELIA,900262481,Tolima,Ibagué,Territorial,Educación Nacional
2173,CONCEJO MUNICIPAL DE TUNJA,820000349,Boyacá,Tunja,Territorial,Servicio Público
2174,ALCALDIA MUNICIPAL DE SANTA MARIA HUILA,8911800763,No Definido,No Definido,Territorial,Planeación
2175,CONCEJO MUNICIPAL DE LA JAGUA DE IBIRICO,824002355,Cesar,La Jagua De Ibirico,Territorial,Servicio Público
2176,ESTABLECIMIENTO PENITENCIARIO DE MEDIANA SEGURIDAD Y CARCELARIO DE BARRANCABERMEJA,829000754,Santander,Barrancabermeja,Nacional,Ley de Justicia
2177,ASAMBLEA DEPARTAMENTAL DEL N DE S,890503639,Norte de Santander,Cúcuta,Territorial,Servicio Público
2178,CONCEJO MUNICIPAL DE PUERTO LOPEZ,822000481,Meta,Puerto López,Nacional,No aplica/No pertenece
2179,METROSABANAS,900395709,Sucre,No Definido,Territorial,Transporte
2180,PERSONERIA MUNICIPAL DE SOACHA,832003216,Cundinamarca,Soacha,Territorial,Servicio Público
2181,FONDO DE VIVIENDA DE INTERES SOCIAL Y REFORMA URBANA DISTRITAL DE CARTAGENA DE INDIAS,800165392,Bolívar,No Definido,Territorial,"Vivienda, Ciudad y Territorio"
2182,ALCALDIA MUNICIPIO DE NECOCLI,890983873,Antioquia,Necoclí,Territorial,No aplica/No pertenece
2183,EMPRESA COMERCIAL DE JUEGOS DE SUERTE Y AZAR DE SUCRE,900159228,Sucre,Sincelejo,Territorial,Hacienda y Crédito Público
2184,EMPRESA SOCIAL DEL ESTADO SALUD DORADA,900065515,Caldas,La Dorada,Corporación Autónoma,Salud y Protección Social
2185,INSTITUCION EDUCATIVA MUNICIPAL HERALDO ROMENRO SANCHEZ,800079467,Nariño,Pasto,Territorial,Educación Nacional
2186,INSTITUTO DEPARTAMENTAL DE DEPORTES DE LA GUAJIRA 1,825001274,La Guajira,Riohacha,Territorial,deportes
2187,I E NUESTRA SENORA DEL CARMEN TANGUA,814001536,No Definido,No Definido,Territorial,Educación Nacional
2188,CGR GERENCIA RISARALDA,899999067,Risaralda,Pereira,Nacional,No aplica/No pertenece
2189,CESAR CONCEJO MUNICIPIO DE SAN MARTIN,824001933,No Definido,No Definido,Territorial,No aplica/No pertenece
2190,MUNICIPIO DE YAGUARA,800097180,Huila,Yaguará,Territorial,No aplica/No pertenece
2191,ESTABLECIMIENTO PENITENCIARIO DE MEDIANA SEGURIDAD CARCELARIA DE BOLIVAR CAUCA,900003814,Cauca,Bolívar,Nacional,Ley de Justicia
2192,INSTITUCION EDUCATIVA TECNICO SUPERIOR INDUSTRIAL,890270004,Santander,Barrancabermeja,Territorial,Educación Nacional
2193,COLEGIO TECNICO JAIME PARDO LEAL,830086996,No Definido,No Definido,Territorial,Educación Nacional
2194,PERSONERIA MUNICIPAL DE CORRALES,891855748,Boyacá,Corrales,Territorial,Servicio Público
2195,E S E HOSPITAL SAN MARTIN DE PORRES,890982153,Antioquia,No Definido,Territorial,Salud y Protección Social
2196,DEPARTAMENTO ADMINISTRATIVO DE MOVILIDAD Y SEGURIDAD VIAL ALCALDIA DE TULUA,891900272,Valle del Cauca,Tuluá,Territorial,Servicio Público
2197,EMPRESA DEPARTAMENTAL PARA LA SALUD,810004090,Caldas,Manizales,Territorial,Servicio Público
2198,ALCALDIA DE CHINACOTA,890503106,Norte de Santander,Chinácota,Territorial,No aplica/No pertenece
2199,CONCEJO MUNICIPAL DE VILLAPINZON,899999445,Cundinamarca,Villapinzón,Territorial,No aplica/No pertenece
2200,CONCEJO MUNICIPAL DE SAN PEDRO DE URABA,890983814,Antioquia,San Pedro De Uraba,Territorial,Servicio Público
2201,CONCEJO MUNICIPAL DE PAIPA,891801240,Boyacá,Paipa,Territorial,No aplica/No pertenece
2202,BATALLON DE ASPC NO 18 ST RAFAEL ARAGONA,834000726,Arauca,Arauca,Nacional,defensa
2203,EMPRESAS PUBLICAS DE CARAMANTA,900570704,Antioquia,Caramanta,Territorial,No aplica/No pertenece
2204,DIRECCION TERRITORIAL DEL MINISTERIO DEL TRABAJO DEL VALLE DEL CAUCA,805026609,Valle del Cauca,No Definido,Territorial,Trabajo
2205,EMPRESA DE DESARROLLO DE SAN CARLOS,901858304,Antioquia,San Carlos,Territorial,Industria
2206,ESTABLECIMIENTO PENITENCIARIO DE MEDIANA SEGURIDAD Y CARCELARIO DE UBATE,832001816,Cundinamarca,Villa De San Diego De Ubate,Nacional,Ley de Justicia
2207,DEPARTAMENTO ADMINISTRATIVO DE CONTROL INTERNO DISCIPLINARIO DE JUZGAMIENTO,890399011,Valle del Cauca,Cali,Nacional,Ley de Justicia
2208,CGR GERENCIA DEPARTAMENTAL QUINDIO,899999067,No Definido,No Definido,Nacional,Servicio Público
2209,INSTITUCION EDUCATIVA PRESBITERO HORACIO GOMEZ GALLO,800029321,Valle del Cauca,Jamundí,Nacional,Educación Nacional
2210,PERSONERIA MUNICIPAL DE FUSAGASUGA,808000033,Cundinamarca,Fusagasugá,Territorial,Servicio Público
2211,CENTRAL ADMINISTRATIVA Y CONTABLE MEDELLIN,800130708,Antioquia,No Definido,Nacional,defensa
2212,UNIDAD PRESTADORA DE SALUD RISARALDA,901362725,Risaralda,Pereira,Nacional,defensa
2213,ARMADA NACIONAL DADIN,900039527,Distrito Capital de Bogotá,No Definido,Nacional,defensa
2214,CONCEJO MUNICIPIO DE SESQUILE CUNDINAMARCA,899999415,Cundinamarca,Sesquilé,Territorial,Servicio Público
2215,CONCEJO MUNICIPAL RIONEGRO ANTIOQUIA,8909073172,Antioquia,Rionegro,Territorial,Servicio Público
2216,CONCEJO MUNICIPAL DE CISNEROS,890910913,Antioquia,Cisneros,Territorial,No aplica/No pertenece
2217,CONCEJO MUNICIPAL DE LA LLANADA,901810869,Nariño,La Llanada,Territorial,No aplica/No pertenece
2218,ESE HOSPITAL LOCAL DE CANDELARIA ATLANTICO,802010301,Atlántico,Candelaria,Territorial,Salud y Protección Social
2219,PERSONERIA MUNICIPAL DE GOMEZ PLATA,8909839381,Antioquia,Gómez Plata,Territorial,Ley de Justicia
2220,INSTITUCION EDUCATIVA REGIONAL SIMON BOLIVAR,891380047,No Definido,No Definido,Territorial,Educación Nacional
2221,MINISTERIO DEL TRABAJO DIRECCION TERRITORIAL SANTANDER,830115226,No Definido,No Definido,Nacional,Trabajo
2222,FUNDACION UNIVERSITARIA DE POPAYAN CAUCA,8915018356,No Definido,No Definido,Territorial,Educación Nacional
2223,DEPARTAMENTO DE POLICIA SUCRE,800141100,Sucre,Sincelejo,Territorial,defensa
2224,PERSONERIA MUNICIPAL DE VENECIA ANTIOQUIA,890980764,Antioquia,Venecia,Territorial,No aplica/No pertenece
2225,INSTITUCION EDUCATIVA TECNICA EMPRESARIAL TULIO VARON,800033247,Tolima,Purificación,Territorial,Educación Nacional
2226,CONCEJO MUNICIPAL RIOSUCIO CALDAS,890801138,Caldas,Riosucio,Territorial,No aplica/No pertenece
2227,IDERF,890680338,Cundinamarca,Fusagasugá,Territorial,deportes
2228,ESE HOSPITAL SAN JOSE DE GUADUAS,860020283,Cundinamarca,Guaduas,Territorial,Salud y Protección Social
2229,INSTITUCION EDUCATIVA ANTONIO NARINO,800010710,Tolima,Planadas,Territorial,Educación Nacional
2230,INSTITUCION EDUCATIVA TECNICA MUNICIPAL ACCION COMUNAL,8080003321,Cundinamarca,Fusagasugá,Territorial,Educación Nacional
2231,CENTRO EDUCATIVO DEL CARIBE,825003168,La Guajira,Riohacha,Nacional,Educación Nacional
2232,E S E CENTRO DE SALUD CON CAMAS,802006267,Atlántico,Palmar De Varela,Territorial,Salud y Protección Social
2233,CONCEJO MUNICIPAL DE EL BAGRE,890984221,Antioquia,El Bagre,Territorial,Servicio Público
2234,INSTITUCION EDUCATIVA JOSE ASUNION SILVA,900444279,Arauca,Arauca,Territorial,Educación Nacional
2235,CONCEJO MUNICIPAL DE AQUITANIA,900929063,Boyacá,Aquitania,Territorial,Servicio Público
2236,CONCEJO MUNICIPAL DE SEGOVIA,8909813912,Antioquia,Segovia,Territorial,Servicio Público
2237,MUNICIPIO DE FORTUL,800136069,Arauca,Fortul,Territorial,Servicio Público
2238,ESM BATALLON ASPC NO 6,901541245,Tolima,Ibagué,Nacional,Servicio Público
2239,SERVISUTAMARCHAN,901659216,No Definido,No Definido,Territorial,No aplica/No pertenece
2240,ARMADA NACIONAL DE DISPENSARIO MEDICO NIVEL I BAHIA MALAGA,901540793,Valle del Cauca,No Definido,Territorial,defensa
2241,MUNICIPIO DE SAN ANDRES DE CUERQUIA,890981868,Antioquia,San Andrés,Territorial,Servicio Público
2242,DIRECCION DE SANIDAD EJERCITO1,901440188,Distrito Capital de Bogotá,Bogotá,Nacional,defensa
2243,INSTITUCION EDUCATIVA GUSTAVO PERDOMO AVILA,809003573,Tolima,Natagaima,Territorial,Educación Nacional
2244,ASOCENTRO,800177622,Cundinamarca,No Definido,Territorial,No aplica/No pertenece
2245,INSTITUCION EDUCATIVA NUESTRA SENORA DE FATIMA,800178626,Nariño,Potosí,Territorial,Educación Nacional
2246,HOSPITAL RICARDO ACOSTA,809004280,No Definido,No Definido,Territorial,Salud y Protección Social
2247,ASAMBLEA DEL META,800064846,Meta,Villavicencio,Territorial,No aplica/No pertenece
2248,HOSPITAL SAN JOSE,810001159,No Definido,No Definido,Territorial,Salud y Protección Social
2249,HOSPITAL SAN JUAN DE DIOS DEL MUNICIPIO DE COCORNA,890981108,No Definido,No Definido,Territorial,Salud y Protección Social
2250,ESSMAR,800181106,Magdalena,Santa Marta,Territorial,No aplica/No pertenece
2251,INCIVA,800086201,Valle del Cauca,No Definido,Territorial,Ambiente y Desarrollo Sostenible
2252,PROVINCIA ADMINISTRATIVA Y DE PLANIFICACION TURISTICA Y AGROECOLOGICA DEL OCCIDENTE ANTIOQUENO,901978862,Antioquia,Santafé De Antioquia,Territorial,Ambiente y Desarrollo Sostenible
2253,MINISTERIO DEL TRABAJO DIRECCION TERRITORIAL DE CORDOBA,800216323,Córdoba,No Definido,Nacional,Trabajo
2254,E S E HOSPITAL UNIVERSITARIO SAN JORGE DE PEREIRA,800231235,Risaralda,Pereira,Nacional,Salud y Protección Social
2255,INSTITUCION EDUCATIVA FIDEL DE MONTCLAR,846000443,Putumayo,Mocoa,Nacional,Educación Nacional
2256,CONCEJO MUNICIPAL DE BELEN NARINO,814006770,Nariño,Belén,Territorial,No aplica/No pertenece
2257,PERSONERIA MUNICIPAL DE TOCANCIPA,899999428,Cundinamarca,Tocancipá,Territorial,No aplica/No pertenece
2258,CONCEJO MUNICIPAL DE CHIQUINQUIRA,891800475,Boyacá,Chiquinquirá,Territorial,Servicio Público
2259,CONCEJO DISTRITAL DE CARTAGENA DE INDIAS,806000199,Bolívar,Cartagena,Territorial,No aplica/No pertenece
2260,INSTITUCION EDUCATIVA MUNICIPAL INEM LUIS DELFIN INSUASTY RODRIGUEZ,800168203,No Definido,No Definido,Territorial,Educación Nacional
2261,INSTITUCION EDUCATIVA DEPARTAMENTAL FRANCISCO JOSE DE CALDAS,890680065,No Definido,No Definido,Nacional,Educación Nacional
2262,CONCEJO MUNICIPAL DE LA PLATA HUILA,9010477062,Huila,La Plata,Territorial,Servicio Público
2263,EMPRESA DE SERVICIOS PUBLICOS DEL MUNICIPIO DE CUCUNUBA,900481517,Cundinamarca,Cucunubá,Nacional,Industria
2264,CONTRALORIA GENERAL DE LA REPUBLICA CGR GERENCIA DEPARTAMENTAL BOYACA,899999067,No Definido,No Definido,Nacional,No aplica/No pertenece
2265,COLEGIO ALFONSO REYES ECHANDIA IED,900176074,No Definido,No Definido,Territorial,Educación Nacional
2266,MUNICIPIO DE SAN VICENTE DE CHUCURI,800099829,Santander,San Vicente De Chucurí,Territorial,Servicio Público
2267,COLEGIO CEDID CIUDAD BOLIVAR INSTITUCION EDUCATIVA DISTRITAL,830000758,No Definido,No Definido,Territorial,Educación Nacional
2268,INSTITUTO DE PATRIMONIO Y CULTURAL DE CARTAGENA DE INDIAS IPCC,806013631,Bolívar,Cartagena,Territorial,Cultura
2269,INSTITUTO GABRIELA MISTRAL,890205697,Santander,Bucaramanga,Territorial,Educación Nacional
2270,EMPRESA DE SERVICIOS PUBLICOS DOMICILIARIOS DE LA PROVINCIA DE LENGUPA,900325136,Boyacá,Miraflores,Territorial,Ambiente y Desarrollo Sostenible
2271,MINISTERIO DEL TRABAJO DIRECCION TERRITORIAL DE URABA,811043428,Antioquia,Apartadó,Nacional,Trabajo
2272,CONTRALORIA GENERAL DE LA REPUBLICA CGR GERENCIA DEPARTAMENTAL SUCRE,899999067,Sucre,Sincelejo,Nacional,No aplica/No pertenece
2273,DEPARTAMENTO DE POLICIA CESAR,800140623,Cesar,Valledupar,Nacional,defensa
2274,MUNICIPIOS ASOCIADOS DEL NORDESTE Y MAGDALENA MEDIO,900246990,Antioquia,Medellín,Nacional,No aplica/No pertenece
2275,ESTABLECIMIENTO PENITENCIARIO DE MEDIANA SEGURIDAD Y CARCELARIO DE VELEZ,804004084,Santander,Vélez,Nacional,Ley de Justicia
2276,HOSPITAL CENTRAL DE LA POLICIA,830067597,Distrito Capital de Bogotá,Bogotá,Nacional,defensa
2277,INSTITUCION EDUCATIVA BELLAVISTA MALAMBO,802007346,Atlántico,Malambo,Nacional,Educación Nacional
2278,MUNICIPIO DE PANDI,890680173,Cundinamarca,No Definido,Territorial,No aplica/No pertenece
2279,ALCALDIA MUNICIPAL DE BARBOSA SANTANDER,890206033,Santander,Barbosa,Territorial,Servicio Público
2280,INSTITUCION EDUCATIVA NUESTRA SENORA DEL CARMEN COYAIMA,809010059,Tolima,Coyaima,Territorial,Educación Nacional
2281,METUN,9008012094,Boyacá,No Definido,Territorial,defensa
2282,CONCEJO MUNICIPAL DE NEIRA,890801135,Caldas,No Definido,Territorial,Servicio Público
2283,MONTERIA CIUDAD AMABLE,900372918,Córdoba,Montería,Territorial,Transporte
2284,CENAC BARRANQUILLA,800130653,Atlántico,Barranquilla,Territorial,defensa
2285,CONCEJO MUNICIPAL TABIO,899999443,Cundinamarca,Tabio,Territorial,Servicio Público
2286,ESAP TERRITORIAL META,800117530,Meta,Villavicencio,Nacional,Educación Nacional
2287,CONCEJO MUNICIPAL DE BARBOSA,890980445,No Definido,No Definido,Territorial,No aplica/No pertenece
2288,ASAMBLEA DEPARTAMENTAL DEL CESAR,824003142,Cesar,Valledupar,Territorial,Servicio Público
2289,MINISTERIO DEL TRABAJO DIRECCION TERRITORIAL BOLIVAR,806011177,No Definido,No Definido,Nacional,Trabajo
2290,INSTITUTO DE DEPORTE CULTURA Y TURISMO DE SUBACHOQUE,900312199,Cundinamarca,Subachoque,Territorial,deportes
2291,INSTITUCION EDUCATIVA SANTA ELENA,815004547,Valle del Cauca,El Cerrito,Territorial,Educación Nacional
2292,ESTABLECIMIENTO PENITENCIARIO DE MEDIANA SEGURIDAD Y CARCELARIO DE CALARCA,890001780,No Definido,No Definido,Territorial,Ley de Justicia
2293,ESCUELA DE POLICIA CARLOS EUGENIO RESTREPO,800141259,Antioquia,La Estrella,Nacional,defensa
2294,PERSONERIA DE GARAGOA,8200002555,Boyacá,Garagoa,Territorial,Ley de Justicia
2295,INSITUCION EDUCATIVA POLITECNICO DE SOLEDAD,890107378,Atlántico,Soledad,Territorial,Educación Nacional
2296,CORPORACION UNIVERSIDAD DE LA COSTA,890104530,Atlántico,Barranquilla,Corporación Autónoma,Educación Nacional
2297,CONSEJO PROFESIONAL DE INGENIERIA DE PETROLEOS,8605327824,Distrito Capital de Bogotá,Bogotá,Nacional,Minas y Energía
2298,CONCEJO DE LA DORADA CALDAS,8908011306,Caldas,La Dorada,Territorial,No aplica/No pertenece
2299,PERSONERIA MUNICIPAL DE PUERTO BOYACA,800255019,Boyacá,Puerto Boyacá,Territorial,No aplica/No pertenece
2300,INSTITUCION EDUCATIVA LEONOR LOURIDO DE VELASCO,805014041,Valle del Cauca,Yumbo,Territorial,Educación Nacional
2301,CONCEJO MUNICIPAL BOAVITA BOYACA,8918562945,Boyacá,Boavita,Nacional,No aplica/No pertenece
2302,CONCEJO MUNICIPAL DE PIJAO QUINDIO,890001181,Quindío,Pijao,Territorial,No aplica/No pertenece
2303,MUNICIPIO DE ENTRERRIOS,890982068,Antioquia,Entrerrios,Territorial,No aplica/No pertenece
2304,MUNICIPIO DE CAPARRAPI,899999710,Cundinamarca,Caparrapí,Territorial,Servicio Público
2305,ASAMBLEA DEPARTAMENTAL DE CUNDINAMARCA,899999716,Cundinamarca,No Definido,Territorial,No aplica/No pertenece
2306,DEPARTAMENTO DE POLICIA CUNDINAMARCA,800140611,Distrito Capital de Bogotá,No Definido,Nacional,defensa
2307,PERSONERIA MUNICIPAL DE SAN PABLO BOLIVAR,829001248,Bolívar,San Pablo,Territorial,Servicio Público
2308,ASOCIACION COLOMBIANA DE CIUDADES INTERMEDIAS,9016289940,Distrito Capital de Bogotá,Bogotá,Nacional,No aplica/No pertenece
2309,ALCALDIA MUNICIPIO DE BOSCONIA,892301130,Cesar,No Definido,Territorial,Servicio Público
2310,PERSONERIA MUNICIPAL DE PUEBLORRICO ANTIOQUIA,890981105,Antioquia,Pueblorrico,Territorial,Servicio Público
2311,CONCEJO MUNICIPAL DE SOLEDAD,802001782,Atlántico,Soledad,Territorial,Servicio Público
2312,DEPARTAMENTO ADMINISTRATIVO DE GESTION DEL MEDIO AMBIENTE DAGMA,890399011,Valle del Cauca,Cali,Territorial,Ambiente y Desarrollo Sostenible
2313,INSTITUCION EDUCATIVA TECNICA OLAYA HERRERA,800025049,Tolima,Ortega,Territorial,Servicio Público
2314,EMPRESA DE PETROLEOS DEL LLANO EN LIQUIDACION,900537444,Meta,Villavicencio,Territorial,Minas y Energía
2315,CONCEJO DE EL ESPINAL,809000477,Tolima,Espinal,Territorial,Presidencia de la República
2316,PERSONERIA MUNICIPAL SAN JUAN DE URABA,900002125,Antioquia,San Juan De Urabá,Territorial,Ley de Justicia
2317,CONCEJO MUNICIPAL DE CUMARAL,822001020,Meta,Cumaral,Territorial,Servicio Público
2318,DEPARTAMENTO DE POLICIA QUINDIO,800140986,Quindío,No Definido,Territorial,defensa
2319,CONTRALORIA MUNICIPAL DE GIRON,901100944,Santander,Girón,Territorial,Servicio Público
2320,JUNTA DE DEPORTES COPACABANA,890985016,Antioquia,Copacabana,Territorial,deportes
2321,BATALLON DE APOYO Y SERVICIOS PARA EL COMBATE NO 27,846000064,Putumayo,No Definido,Territorial,defensa
2322,JEFATURA DE FORMACION INSTRUCCION Y EDUCACION NAVAL,8001416441,Distrito Capital de Bogotá,Bogotá,Nacional,defensa
2323,UNIVERSIDAD ICESI1,8903167455,Valle del Cauca,Cali,Territorial,Educación Nacional
2324,INSTITUCION EDUCATIVA EUSTAQUIO PALACIOS,805002051,Valle del Cauca,Cali,Territorial,Educación Nacional
2325,ESTABLECIMIENTO PUBLICO AMBIENTAL DE CARTAGENA,806013999,Bolívar,No Definido,Territorial,Ambiente y Desarrollo Sostenible
2326,ENTIDAD SOCIAL DEL ESTADO HOSPITAL LOCAL DE PUERTO,890103406,No Definido,No Definido,Territorial,Salud y Protección Social
2327,ESTABLECIMIENTO PENITENCIARIO DE MEDIANA SEGURIDAD Y CARCELARIO DE TUMACO,840000137,Nariño,Tumaco,Territorial,Ley de Justicia
2328,CONCEJO MUNICIPAL VILLAMARIA CALDAS,890801152,Caldas,Villamaría,Territorial,Servicio Público
2329,PERSONERIA MUNICIPAL DE ABRIAQUI,890981251,No Definido,No Definido,Territorial,No aplica/No pertenece
2330,TERMINAL DE TRANSPORTES DE SAN GIL,8001213314,Santander,San Gil,Territorial,Transporte
2331,ASAMBLEA DEPARTAMENTAL DEL VALLE DEL CAUCA,800078402,Valle del Cauca,Cali,Corporación Autónoma,No aplica/No pertenece
2332,EMPRESAS PUBLICAS URRAO EPU,800152294,Antioquia,Urrao,Territorial,No aplica/No pertenece
2333,FONDO ESPECIAL PARA LA ADMINISTRACION DE BIENES DE LA FISCALIA GENERAL DE LA NACION,901148337,No Definido,No Definido,Nacional,Ley de Justicia
2334,MUNICIPIO DE MUTATA,890980950,Antioquia,No Definido,Territorial,Servicio Público
2335,EMPRESA DE SERVICIOS PUBLICOS AGUAS MOCOA,900581943,No Definido,No Definido,Territorial,No aplica/No pertenece
2336,SECRETARIA DE GOBIERNO CONVIVENCIA Y SEGURIDAD ALCALDIA DE TULUA,891900272,Valle del Cauca,Tuluá,Territorial,Servicio Público
2337,MUNICIPIO DE LA UVITA,891856257,Boyacá,La Uvita,Territorial,No aplica/No pertenece
2338,CONCEJO MUNICIPAL DE FLORENCIA,828000825,Caquetá,Florencia,Territorial,No aplica/No pertenece
2339,REGIONAL DE ASEGURAMIENTO EN SALUD NO 1,900336524,Distrito Capital de Bogotá,No Definido,Territorial,defensa
2340,CONCEJO MUNICIPAL DE TAUSA,899999481,No Definido,No Definido,Territorial,Servicio Público
2341,INSTITUCION EDUCATIVA EL TRIUNFO,844003248,Casanare,Yopal,Territorial,Educación Nacional
2342,CONCEJO SAN LUIS,890984376,Antioquia,San Luis,Territorial,Servicio Público
2343,DEPARTAMENTO DE POLICIA CESAR AREA DE SANIDAD,800140623,Cesar,Valledupar,Nacional,defensa
2344,COLEGIO RAFAEL URIBE URIBE IED,860532530,Distrito Capital de Bogotá,Bogotá,Territorial,Educación Nacional
2345,ESE HOSPITAL LOCAL DE MALAMBO SANTA MARIA MAGDALENA,802009806,Atlántico,Malambo,Territorial,Salud y Protección Social
2346,INSTITUTO MUNICIPAL PARA LA RECREACION Y EL DEPORTE DE CUCUTA,807001836,Norte de Santander,Cúcuta,Territorial,deportes
2347,INSTITUCION EDUCATIVA DISTRITAL EL LIBERTADOR,830085316,No Definido,No Definido,Territorial,Educación Nacional
2348,INSTITUTO MUNICIPAL DE DEPORTE Y RECREACION IMDER SAN JACINTO BOLIVAR,806001410,Bolívar,San Jacinto,Territorial,deportes
2349,INSTITUCION EDUCATIVA SAN JUAN DE LA CHINA,809001987,Tolima,Ibagué,Territorial,Educación Nacional
2350,CGR GERENCIA DEPARTAMENTAL CAUCA,899999067,Cauca,Popayán,Nacional,No aplica/No pertenece
2351,INSTITUCION EDUCATIVA BE TEL,824006338,Cesar,Chimichagua,No Definido,No Definido
2352,AGUAS CON FUTURO,900437344,Boyacá,Saboyá,Territorial,No aplica/No pertenece
2353,MESAN,900552743,Antioquia,Medellín,Nacional,defensa
2354,PERSONERIA MUNICIPAL DEL PENOL,814003164,Nariño,El Peñol,Territorial,No aplica/No pertenece
2355,INSTITUCION EDUCATIVA CENTRAL DE BACHILLERATO INTEGRADO,890306586,Valle del Cauca,Jamundí,Territorial,Educación Nacional
2356,INSTITUCION EDUCATIVA DEPARTAMENTAL RURAL SAN PEDRO APOSTOL DE LAS FLORES,819006665,Magdalena,Guamal,Territorial,Educación Nacional
2357,CONCEJO MUNICIPAL DE ANOLAIMA,899999426,Cundinamarca,Anolaima,Territorial,No aplica/No pertenece
2358,ESE HOSPITAL JOSE RUDENCIDO LOPEZ PARODI,806006753,Bolívar,Barranco De Loba,Territorial,Salud y Protección Social
2359,INSTITUCION EDUCATIVA TECNICA SAN MIGUEL,809000692,Tolima,Coyaima,Territorial,Educación Nacional
2360,CONCEJO MUNICIPAL VICTORIA CALDAS,890801151,Caldas,Victoria,Territorial,Servicio Público
2361,CENTRAL ADMINISTRATIVA Y CONTABLE PUENTE ARANDA,830039548,Distrito Capital de Bogotá,Bogotá,Nacional,defensa
2362,MUNICIPIO DE VEGACHI,890985285,Antioquia,Vegachí,Territorial,No aplica/No pertenece
2363,ESE HOSPITAL DE CALDAS,800155633,Caldas,Manizales,Territorial,Salud y Protección Social
2364,CONCEJO MUNICIPAL DE PRADERA VALLE,815000273,Valle del Cauca,Pradera,Territorial,Servicio Público
2365,CONCEJO DE ENVIGADO,8909071065,Antioquia,Envigado,Territorial,Servicio Público
2366,PERSONERIA DE CAREPA,8909853160,Antioquia,Apartadó,Territorial,Servicio Público
2367,CONCEJO MUNICIPAL DE GARAGOA,820000699,Boyacá,Garagoa,Territorial,No aplica/No pertenece
2368,CONCEJO DEL EL SANTUARIO,8909838138,Antioquia,El Santuario,Territorial,No aplica/No pertenece
2369,CONCEJO MUNICIPAL DE NOBSA,826002053,Boyacá,Nobsa,Territorial,No aplica/No pertenece
2370,SANTIAGO DE CALI DISTRITO ESPECIAL DEPARTAMENTO ADMINISTRATIVO DE CONTROL INTERNO,890399011,Valle del Cauca,Cali,Territorial,No aplica/No pertenece
2371,EMPRESA MUNICIPAL DE MERCADEO DE APARTADO,811004010,Antioquia,Apartadó,Territorial,Industria
2372,PERSONERIA DE ACACIAS,800250341,Meta,Acacías,Territorial,Servicio Público
2373,EMPRESA MUNICIPAL DE SERVICIOS PUBLICOS DE PUERTO PARRA EMSEPAR,900063884,Santander,Puerto Parra,Territorial,No aplica/No pertenece
2374,REGION ADMINISTRATIVA Y DE PLANIFICACION RAP LLANOS,9015819502,Distrito Capital de Bogotá,Bogotá,Territorial,Planeación
2375,ALCMARIA LA BAJA,8000954668,Bolívar,María La Baja,Territorial,Planeación
2376,INSTITUCION EDUCATIVA SAN ISIDORO,890701776,Tolima,Espinal,Nacional,Educación Nacional
2377,FONDO MUNICIPAL DE VIVIENDA DE INTERES SOCIAL Y REFORMA URBANA DE SINCELEJO,823000029,Sucre,No Definido,Territorial,"Vivienda, Ciudad y Territorio"
2378,INSTITUCION EDUCATIVA COYARCO,900031324,Tolima,Coyaima,Territorial,Educación Nacional
2379,FONDO DE VIVIENDA DE INTERES SOCIAL Y REFORMA URBANA DE CHIQUINQUIRA,820002659,Boyacá,Chiquinquirá,Territorial,"Vivienda, Ciudad y Territorio"
2380,CONCEJO MUNICIPAL DE SANTA ROSA DEL SUR BOLIVAR,829001162,Bolívar,Santa Rosa Del Sur,Territorial,No aplica/No pertenece
2381,DEPARTAMENTO DE CUNDINAMARCA SECRETARIA DE CIENCIA TECNOLOGIA E INNOVACION,899999114,Distrito Capital de Bogotá,No Definido,Territorial,Ciencia Tecnología
2382,ESE HOSPITAL INTEGRADO LANDAZURI,890205516,No Definido,No Definido,Territorial,Salud y Protección Social
2383,INSTITUCION EDUCATIVA EL CHAIRA JOSE MARIA CORDOBA,800143503,Caquetá,Cartagena Del Chairá,Territorial,No aplica/No pertenece
2384,EMPRESA DE SERVICIOS PUBLICOS DOMICILIARIOS DE VALPARAISO,900477448,No Definido,No Definido,Territorial,Ambiente y Desarrollo Sostenible
2385,ESE CENTRO DE SALUD SAN BLAS DE TINJACA,820003619,Boyacá,Tinjacá,Territorial,Salud y Protección Social
2386,ESTABLECIMIENTO PENITENCIARIO DE MEDIANA SEGURIDAD Y CARCELARIO DE VILLAVICENCIO,892099122,Meta,Villavicencio,Nacional,Ley de Justicia
2387,EMPRESA DE SERVICIOS PUBLICOS DE CHOACHI,832003470,Cundinamarca,Choachí,Territorial,No aplica/No pertenece
2388,CONCEJO MUNICIPAL DE CABUYARO,900204564,Meta,Cabuyaro,Nacional,No aplica/No pertenece
2389,PERSONERIA MUNICIPAL ALCALA,8919010790,Valle del Cauca,Alcalá,Nacional,Ley de Justicia
2390,EMPRESA SOCIAL DEL ESTADO NUESTRA SENORA DE LA PAZ SANTANDER,804015920,Santander,La Paz,Territorial,No aplica/No pertenece
2391,MUNICIPIO DE PUERTO,800094386,Atlántico,No Definido,Territorial,Servicio Público
2392,ESTABLECIMIENTO PENITENCIARIO Y CARCELARIO SANTANDER DE QUILICHAO,800143359,No Definido,No Definido,Nacional,Ley de Justicia
2393,INSTITUCION EDUCATIVA TECNICA COLOMBO ALEMAN SCALAS,800074418,Tolima,Lérida,Territorial,Educación Nacional
2394,ICUTUDER,820003746,Boyacá,Moniquirá,Territorial,Cultura
2395,INSTITUTO MUNICIPAL DE VIVIENDA DE INTERES SOCIAL Y REFORMA URBANA INVICOP,900159905,Antioquia,Copacabana,Territorial,"Vivienda, Ciudad y Territorio"
2396,PERSONERIA MUNICIPAL DE RISARALDA CALDAS,800095461,Caldas,Risaralda,Territorial,Ley de Justicia
2397,PERSONERIA MUNICIPAL RICAURTE,890680059,Cundinamarca,Ricaurte,Territorial,Servicio Público
2398,E S E HOSPITAL SAGRADO CORAZON DE JESUS,812000300,Córdoba,Valencia,Territorial,Salud y Protección Social
2399,CONCEJO DEL MUNICIPIO DE ALBANIA CAQUETA,891190431,Caquetá,Albania,Territorial,Servicio Público
2400,ARC BACAIM6,800141688,Sucre,Coveñas,Nacional,defensa
2401,CARCEL Y PENITENCIARIA DE MEDIA SEGURIDAD DE GARZON,813002062,Huila,Garzón,Nacional,Ley de Justicia
2402,IERD,826001553,Boyacá,Paipa,Territorial,No aplica/No pertenece
2403,INSTITUTO MUNICIPAL DE VIVIENDA URBANA Y RURAL IMVIUR,832002424,Cundinamarca,La Calera,Territorial,Educación Nacional
2404,HUILA CONCEJO MUNICIPAL DE CAMPOALEGRE,891118119,Huila,Campoalegre,Territorial,No aplica/No pertenece
2405,PERSONERIA MUNICIPAL DE MONTENEGRO,890000858,Quindío,Montenegro,Territorial,No aplica/No pertenece
2406,DIRECCION TERRITORIAL DEL CESAR MINISTERIO DE TRABAJO1,830115226,Cesar,Valledupar,Territorial,Trabajo
2407,PERSONERIA DE VICTORIA CALDAS,890801151,Caldas,Victoria,Territorial,Servicio Público
2408,MUNICIPIO DE TARAZA,890984295,Antioquia,Tarazá,Territorial,Servicio Público
2409,MUNICIPIOS ASOCIADOS DE LA SUBREGION DE EMBALSES RIO NEGRO Y NARE,800108848,Antioquia,Marinilla,Territorial,Ambiente y Desarrollo Sostenible
2410,ESE CENTRO DE SALUD DE CUCUNUBA,832010240,Cundinamarca,Cucunubá,Territorial,Salud y Protección Social
2411,INSTITUCION EDUCATIVA BRAULIO GONZALEZ,891855098,Casanare,Yopal,Territorial,Educación Nacional
2412,CONCEJO MUNICIPAL DE ALTAMIRA,8911801184,Huila,Altamira,Territorial,Servicio Público
2413,CONCEJO MUNICIPIO DE GUADUAS,899999701,Cundinamarca,Guaduas,Territorial,Servicio Público
2414,INSTITUCION EDUCATIVA SAN VICENTE,815004332,Valle del Cauca,Palmira,Territorial,Educación Nacional
2415,INSTITUTO MUNICIPAL PARA EL DEPORTE Y RECREACION DE TUTA,820001755,Boyacá,Tuta,Territorial,deportes
2416,MUNICIPIO DE PACORA,890801136,Caldas,Pácora,Territorial,Servicio Público
2417,INSTITUCION EDUCATIVA DEPARTAMENTAL FUNDACION,819002761,Magdalena,Fundación,Territorial,Educación Nacional
2418,ESTABLECIMIENTO PENITENCIARIO DE MEDIANA SEGURIDAD Y CARCELARIO DE MONIQUIRA INPEC,820000970,Boyacá,Moniquirá,Nacional,Ley de Justicia
2419,ALCALDIA DE JORDAN,800124166,Santander,Jordán,Territorial,No aplica/No pertenece
2420,INSTITUCION EDUCATIVA DEPARTAMENTAL MISAEL GOMEZ,832001590,Cundinamarca,Villagómez,Nacional,Educación Nacional
2421,PERSONERIA MUNICIPAL BELALCAZAR CALDAS,890802650,Caldas,Belalcázar,Territorial,Servicio Público
2422,CPMS FUSAGASUGA,808000716,Cundinamarca,Fusagasugá,Nacional,Ley de Justicia
2423,CONCEJO MUNICIPAL DE ISNOS HUILA,800097098,No Definido,No Definido,Territorial,No aplica/No pertenece
2424,CONCEJO DE FLORIDABLANCA,804011758,Santander,Floridablanca,Territorial,No aplica/No pertenece
2425,INSTITUCION EDUCATIVA MANUEL MARIA MALLARINO,800175490,Valle del Cauca,Cali,Territorial,Educación Nacional
2426,INSTITUCION EDUCATIVA MATECANDELA,834001394,Arauca,Arauca,Territorial,Educación Nacional
2427,PERSONERIA MUNICIPAL DE LA TEBAIDA,800255176,Quindío,La Tebaida,Territorial,No aplica/No pertenece
2428,INSTITUTO MUNICIPAL DE CULTURA Y CIUDADANIA DE APARTADO,901465799,Antioquia,Apartadó,Territorial,Cultura
2429,ESE HOSPITAL SAN ONOFRE,8230004965,Sucre,San Onofre,Territorial,Salud y Protección Social
2430,I E T LA VEGA DE LOS PADRES,809006078,Tolima,Coello,Territorial,Educación Nacional
2431,INSTITUCION EDUCATIVA JOSE MARIA CORDOBA,805009827,Valle del Cauca,Yumbo,Territorial,Educación Nacional
2432,INSTITUTO PARA EL DESARROLLO DEL CESAR,9000624898,Cesar,Valledupar,Territorial,No aplica/No pertenece
2433,MUNICIPIO DE GUADALUPE ANTIOQUIA,890981162,Antioquia,No Definido,Territorial,Servicio Público
2434,CONCEJO MUNICIPAL DE AMAGA,8909817320,Antioquia,Amagá,Territorial,No aplica/No pertenece
2435,CENTRO EDUCATIVO EL MAMEY,900025803,Cesar,Curumaní,Nacional,Educación Nacional
2436,PERSONERIA MUNICIPAL DE LA LLANADA,814006963,No Definido,No Definido,Nacional,No aplica/No pertenece
2437,HOSPITAL DEPARTAMENTAL DE GRANADA E S E,8000370217,Meta,Granada,Territorial,Salud y Protección Social
2438,INSTITUCION EDUCATIVA MANUELA BELTRAN,844001450,Casanare,Yopal,Territorial,Educación Nacional
2439,MINISTERIO DEL TRABAJO DIRECCION TERRITORIAL HUILA,800216593,Huila,Neiva,Nacional,Trabajo
2440,IMRDA,808001195,Cundinamarca,Anapoima,Territorial,deportes
2441,PERSONERIA MUNICIPAL DE SEGOVIA,890981391,Antioquia,Segovia,Territorial,No aplica/No pertenece
2442,PATRIMONIO AUTONOMO CONECTIVIDAD PARA CAMBIAR VIDAS,830054060,Distrito Capital de Bogotá,Bogotá,Nacional,Tecnologías de la Información y las Comunicaciones
2443,COLEGIO NELSON MANDELA IED,900871861,Distrito Capital de Bogotá,Bogotá,Territorial,Educación Nacional
2444,INSTITUCION EDUCATIVA TECNICA CAMACHO ANGARITA,800006889,Tolima,Chaparral,Nacional,Servicio Público
2445,CGR GERENCIA DEPARTAMENTAL VAUPES,899999067,Vaupés,Mitú,Nacional,No aplica/No pertenece
2446,DEPARTAMENTO DE POLICIA GUAVIARE,800252722,Guaviare,San José Del Guaviare,Nacional,defensa
2447,ESE SAN ANTONIO DE PADUA DE PINCHOTE SANTANDER,804015047,No Definido,No Definido,Territorial,No aplica/No pertenece
2448,ESCUELA DE POSTGRADOS DE POLICIA,800226849,Distrito Capital de Bogotá,Bogotá,Nacional,defensa
2449,CONCEJO MUNICIPAL DE GAMA,800094684,Cundinamarca,Gama,Territorial,Educación Nacional
2450,INSTITUCION EDUCATIVA TECNICO AGROPECUARIO DE HATO NUEVO,823000664,Sucre,Corozal,Nacional,Educación Nacional
2451,INSTITUCION EDUCATIVA MARIA AUXILIADORA DE LOS CEDROS,900011804,No Definido,No Definido,Nacional,Educación Nacional
2452,ASAMBLEA DEPARTAMENTAL DE ANTIOQUIA,890900286,Antioquia,Medellín,Territorial,Servicio Público
2453,MUNICIPIO VALLE DEL GUAMUEZ,800102912,Putumayo,Valle Del Guamuez,Territorial,Servicio Público
2454,INSTITUCION EDUCATIVA ALBERTO MENDOZA MAYOR,800039277,Valle del Cauca,Yumbo,Territorial,Educación Nacional
2455,INSTITUCION EDUCATIVA NOBEL JUAN MANUEL SANTOS,901089263,No Definido,No Definido,Nacional,Educación Nacional
2456,ESECU,800141263,Meta,Villavicencio,Nacional,defensa
2457,ESCUELA DE POLICIA ANTONIO NARINO,800141257,Atlántico,Soledad,Nacional,Educación Nacional
2458,IE SAN SEBASTIAN DE YASCUAL,800011333,Nariño,Túquerres,Territorial,Educación Nacional
2459,COLEGIO GENERAL SANTANDER INSTITUCION EDUCATIVA DISTRITAL LOC 10,830055451,Distrito Capital de Bogotá,Bogotá,Territorial,Educación Nacional
2460,COLEGIO JOHN F KENNEDY IED,899999732,Distrito Capital de Bogotá,Bogotá,Territorial,Educación Nacional
2461,COLEGIO KIMI PERNIA DOMICO INSTITUCION EDUCATIVA DISTRITAL,900277707,Distrito Capital de Bogotá,Bogotá,Territorial,Educación Nacional
2462,CPAMS GIRON,804015585,Santander,Girón,Nacional,Ley de Justicia
2463,CENTRO DE SALUD BELEN EMPRESA SOCIAL DEL ESTADO,814001677,Nariño,Belén,Territorial,Salud y Protección Social
2464,EMPRESA INDUSTRIAL Y COMERCIAL DEL ESTADO BANCO DE SUELOS E INMOBILIARIO DE MONTERIA,901809997,Córdoba,Montería,Territorial,Industria
2465,MUNICIPIO DE FLORESTA,800026368,Boyacá,Floresta,Territorial,Servicio Público
2466,HOSPITAL JUAN DOMINGUEZ ROMERO DE SOLEDAD E S E EN LIQUIDACION,8020097663,Atlántico,Barranquilla,Territorial,No aplica/No pertenece
2467,DEPARTAMENTO DE POLICIA URABA UNIDAD PRESTADORA DE SALUD,800141103,Antioquia,Apartadó,Nacional,defensa
2468,EMPRESA SOCIAL DEL ESTADO HOSPITAL DE LA CEJA,890980758,Antioquia,La Ceja,Territorial,Salud y Protección Social
2469,PERSONERIA MUNICIPAL DE JAMUNDI VALLE DEL CAUCA,805012247,Valle del Cauca,Jamundí,Territorial,No aplica/No pertenece
2470,INSTITUCION ETNOEDUCATIVA NO 7,900458351,La Guajira,Riohacha,Territorial,Educación Nacional
2471,AGUAS DE CIMITARRA,901315376,Santander,Cimitarra,Territorial,No aplica/No pertenece
2472,MINISTERIO DEL TRABAJO DIRECCION TERRITORIAL QUINDIO,801003571,Quindío,Armenia,Nacional,Trabajo
2473,ESTABLECIMIENTO PENITENCIARIO DE MEDIANA SEGURIDAD Y CARCELARIO DE ARAUCA INPEC,834000421,No Definido,No Definido,Nacional,Ley de Justicia
2474,CONCEJO MUNICIPAL DE CALARCA,890000441,Quindío,Calarca,Territorial,Servicio Público
2475,CORPORACION HONORABLE CONCEJO MUNICIPAL DE GINEBRA VALLE,800100520,Valle del Cauca,Ginebra,Territorial,No aplica/No pertenece
2476,CONCEJO ANSERMA,890801139,Caldas,Anserma,Territorial,interior
2477,CONCEJO MUNICIPAL DE GACHANCIPA,899999419,Cundinamarca,Gachancipá,Territorial,No aplica/No pertenece
2478,PERSONERIA MUNICIPAL DE BETULIA,890982321,Antioquia,Betulia,Territorial,Ley de Justicia
2479,CONCEJO MUNICIPAL DE SUBACHOQUE,899999314,Cundinamarca,Subachoque,Territorial,No aplica/No pertenece
2480,CONTRALORIA GENERAL DE LA REPUBLICA CGR GERENCIA DEPARTAMENTAL AMAZONAS,899999067,No Definido,No Definido,Nacional,No aplica/No pertenece
2481,PERSONERIA MUNICIPAL DE CUBARA,900110423,Boyacá,Cubará,Territorial,No aplica/No pertenece
2482,CONTRALORIA GENERAL DE LA REPUBLICA CGR GERENCIA DEPARTAMENTAL MAGDALENA,899999067,Magdalena,Santa Marta,Nacional,No aplica/No pertenece
2483,ESTABLECIMIENTO PUBLICO COLEGIO DE BOYACA,891800260,Boyacá,Tunja,Territorial,Educación Nacional
2484,INSTITUTO DE DESARROLLO ECONOMICO DEL SUR,901075548,Nariño,Ipiales,Territorial,"Vivienda, Ciudad y Territorio"
2485,EMPRESA DE DESARROLLO URBANO Y RURAL TAMESIS,901476496,Antioquia,Támesis,Territorial,Industria
2486,PERSONERIA SALENTO,8900011270,Quindío,Salento,Territorial,No aplica/No pertenece
2487,GOBERNACION DEL VALLE DEL CAUCA SECRETARIA DE VIVIENDA Y HABITAT,8903990295,Valle del Cauca,Cali,Territorial,Servicio Público
2488,PERSONERIA MUNICIPAL DE ANSERMA,890801139,Caldas,Anserma,Territorial,No aplica/No pertenece
2489,MUNICIPIO DE GUACA,890208360,Santander,Guaca,Territorial,Servicio Público
2490,MUNICIPIO DE PUERTO RONDON,800102798,Arauca,Puerto Rondón,Territorial,Servicio Público
2491,DEPARTAMENTO ADMINISTRATIVO DE ARTE Y CULTURA ALCALDIA DE TULUA,891900272,Valle del Cauca,Tuluá,Territorial,Servicio Público
2492,INPEC REGIONAL NORTE,802008282,Atlántico,No Definido,Nacional,Ley de Justicia
2493,PERSONERIA MUNICUPAL DE VIOTA,900363021,Cundinamarca,Viotá,Territorial,Servicio Público
2494,INSTITUCION EDUCATIVA CRISTO REY,834000185,Arauca,Arauca,Territorial,Educación Nacional
2495,INSTITUCION EDUCATIVA JUAN DE AMPUDIA,805009385,Valle del Cauca,Cali,Territorial,Educación Nacional
2496,EMPRESA DE SERVICIOS PUBLICOS RIO ABURRA,900863443,Antioquia,Caldas,Territorial,No aplica/No pertenece
2497,CORPORACION CREA TALENTO,9013455247,Distrito Capital de Bogotá,Bogotá,Nacional,Cultura
2498,INSTITUCION EDUCATIVA ESCUELA NORMAL SUPERIOR MARIA AUXILIADORA GIRARDOT,8906800195,Cundinamarca,Granada,Territorial,Educación Nacional
2499,INSTITUCION EDUCATIVA TECNICA AGROINDUSTRIAL LEOPOLDO GARCIA,890706950,No Definido,No Definido,Territorial,Educación Nacional
2500,INSTITUCION EDUCATIVA COMUNITARIA LUIS CARLOS VALENCIA,805021344,Valle del Cauca,Jamundí,Territorial,Educación Nacional
2501,INSTITUCION EDUCATIVA VILLAS DE SAN IGNACIO,9004159951,Santander,Bucaramanga,Territorial,Educación Nacional
2502,CONCEJO MUNICIPAL SAN PEDRO DE LOS MILAGROS,890983922,Antioquia,San Pedro,Territorial,Servicio Público
2503,COLEGIO SANTA MARTHA INSTITUCION EDUCATIVA DISTRITAL,8300350231,Distrito Capital de Bogotá,Bogotá,Territorial,Educación Nacional
2504,INSTITUCION EDUCATIVA AGROPECUARIA LUIS ANTONIO MONTERO,814000314,Nariño,Aldana,Territorial,No aplica/No pertenece
2505,SERVITEATINOSAMACA,900283400,Boyacá,Samacá,Territorial,No aplica/No pertenece
2506,ESTABLECIMIENTO PENITENCIARIO DE MEDIANA SEGURIDAD DE ANDES ANTIOQUIA INPEC,811010135,Antioquia,Andes,Nacional,Ley de Justicia
2507,EAAAP COMPRADOR,800111304,Putumayo,Puerto Asís,Territorial,"Vivienda, Ciudad y Territorio"
2508,ASOCIACION AFRODESCENDIENTE UNIDA,9010343207,Boyacá,Cubará,Territorial,Cultura
2509,BATALLON DE APOYO Y SERVICIOS PARA EL COMBATE NO 26,838000326,Amazonas,Leticia,Nacional,defensa
2510,CONTRALORIA DEPARTAMENTAL DEL GUAINIA,8920004959,Guainía,Inírida,Territorial,No aplica/No pertenece
2511,FONVISOG,800200612,Boyacá,Sogamoso,Territorial,"Vivienda, Ciudad y Territorio"
2512,CONCEJO MUNICIPAL DE BARICHARA,8902109321,Santander,Barichara,Territorial,No aplica/No pertenece
2513,CONCEJO MUNICIPAL CONTRATACION SANTANDER,890206058,Santander,Contratación,Territorial,No aplica/No pertenece
2514,CENACCALI,800130690,Valle del Cauca,Cali,Nacional,defensa
2515,CONCEJO MUNICIPAL DE CIRCASIA,890001044,Quindío,Circasia,Territorial,No aplica/No pertenece
2516,MUNICIPIO DE CONCEPCION,800104060,No Definido,No Definido,Territorial,Servicio Público
2517,RASES 8,802016407,Atlántico,Soledad,Nacional,Servicio Público
2518,EMPRESA DE SERVICIOS PUBLICOS DE ACUEDUCTO ALCANTARILLADO Y ASEO DE SUAITA,901142488,Santander,Suaita,Territorial,No aplica/No pertenece
2519,PERSONERIA MUNICIPAL DE EBEJICO,890983664,Antioquia,Ebéjico,Territorial,Ley de Justicia
2520,CONCEJO MUNICIPAL DE CUCAITA,891802089,Boyacá,Cucaita,Territorial,No aplica/No pertenece
2521,EMPRESA PARA LA SEGURIDAD Y SOLUCIONES URBANAS COMPRADOR,8909847618,Antioquia,Medellín,Territorial,No aplica/No pertenece
2522,ALCALDIA MUNICIPIO DE SITIONUEVO,891780103,Magdalena,Sitionuevo,Nacional,Servicio Público
2523,SECRETARIA DE EDUCACION ALCALDIA DE TULUA,891900272,Valle del Cauca,Tuluá,Territorial,Servicio Público
2524,INSTITUCION EDUCATIVA LOS ANDES DE CUAICAL,900081185,Nariño,Cumbal,Territorial,Educación Nacional
2525,CONCEJO MUNICIPAL DE PROVIDENCIA,8140004994,Nariño,Providencia,Corporación Autónoma,No aplica/No pertenece
2526,CONCEJO MUNICIPAL DE QUIMBAYA QUINDIO,8900006134,Quindío,Quimbaya,Territorial,Servicio Público
2527,ALCALDIA DE SANTO TOMAS ATLANTICO,800116284,Atlántico,Santo Tomás,Territorial,No aplica/No pertenece
2528,CGR GERENCIA DEPARTAMENTAL HUILA,899999067,Huila,Neiva,Nacional,No aplica/No pertenece
2529,INSTITUCION EDUCATIVA EL SALVADOR,811017439,No Definido,No Definido,Nacional,Educación Nacional
2530,INSTITUCION EDUCATIVA MAYOR DE MOSQUERA,832005423,Cundinamarca,Mosquera,Territorial,Educación Nacional
2531,CONCEJO MUNICIPAL DE PENSILVANIA,890801137,Caldas,Pensilvania,Nacional,No aplica/No pertenece
2532,GOBERNACION DEL VALLE DEL CAUCA SECRETARIA DE DESARROLLO RURAL AGRICULTURA Y PESCA,8903990295,Valle del Cauca,Cali,Territorial,agricultura
2533,PERSONERIA MUNICIPAL DE FLORENCIA,8002524061,Caquetá,Florencia,Territorial,Ley de Justicia
2534,MUNICIPIO DE MARMATO CALDAS,8908011456,Caldas,Marmato,Territorial,No aplica/No pertenece
2535,INSTITUCION EDUCATIVA TECNICA SAN LUIS BELTRAN,800138495,Boyacá,Covarachía,Territorial,Educación Nacional
2536,INSTITUCION EDUCATIVA LA FLORIDA,800124367,Tolima,Rovira,Territorial,Educación Nacional
2537,PERSONERIA MUNICIPAL DE MONGUI,891856555,Boyacá,Monguí,Territorial,No aplica/No pertenece
2538,DEPARTAMENTO DE CUNDINAMARCA SECRETARIA DE ENERGIAS Y MINERIA SOSTENIBLE,899999114,Distrito Capital de Bogotá,Bogotá,Territorial,Minas y Energía
2539,ASAMBLEA DEPARTAMENTAL DEL QUINDIO,8900016391,Quindío,Armenia,Territorial,Servicio Público
2540,EMPRESA MUNICIPAL DE ASEO ALCANTARILLADO Y ACUEDUCTO DE FLORIDABLANCA,804002215,Santander,Floridablanca,Territorial,No aplica/No pertenece
2541,SECRETARIA DE HABITAT E INFRAESTRUCTURA ALCALDIA DE TULUA,891900272,Valle del Cauca,Tuluá,Territorial,Servicio Público
2542,CONTRALORIA GENERAL DE LA REPUBLICA CGR GERENCIA DEPARTAMENTAL SAN ANDRES,899999067,"San Andrés, Providencia y Santa Catalina",San Andrés,Nacional,No aplica/No pertenece
2543,PERSONERIA MUNICIPAL DE SANTA ROSALIA VICHADA,901552719,Vichada,Santa Rosalía,Territorial,No aplica/No pertenece
2544,PERSONERIA MUNICIPAL DE NATAGA HUILA,8911028440,Huila,Nátaga,Territorial,No aplica/No pertenece
2545,MINISTERIO DEL TRABAJO DIRECCION TERRITORIAL NORTE DE SANTANDER,807006594,Norte de Santander,No Definido,Nacional,Trabajo
2546,CONCEJO MUNICIPAL DE LEBRIJA SANTANDER,8040130794,Santander,Lebríja,Corporación Autónoma,Servicio Público
2547,CONCEJO MUNICIPAL DE ALBAN CUNDINAMARCA,899999450,Cundinamarca,Albán,Nacional,No aplica/No pertenece
2548,ESCUELA DE AVIACION POLICIAL,809010745,Tolima,Mariquita,Nacional,defensa
2549,INSTITUCION EDUCATIVA PEDREGAL,900096437,Santander,No Definido,Territorial,Educación Nacional
2550,CONTRALORIA GENERAL DE LA REPUBLICA CGR GERENCIA DEPARTAMENTAL TOLIMA,899999067,Tolima,Ibagué,Nacional,No aplica/No pertenece
2551,FONDO DE BIENESTAR SOCIAL DE EMPLEADOS Y LA ESCUELA DE CAPACITACION DE ALTOS ESTUDIOS FISCALES,9010558698,Magdalena,Santa Marta,Territorial,No aplica/No pertenece
2552,CORPORACION MIXTA PARA EL DESARROLLO INTEGRAL LA SOSTENIBILIDAD SOCIAL Y AMBIENTAL DE LAS REGIONES,901698332,Chocó,Quibdó,Nacional,Ambiente y Desarrollo Sostenible
2553,INSTITUCION EDUCATIVA MARINO RENGIFO SALCEDO,815004606,Valle del Cauca,Candelaria,Territorial,Educación Nacional
2554,ALCALDIA MUNICIPAL DE LA CELIA,891480026,Risaralda,La Celia,Territorial,No aplica/No pertenece
2555,INSTITUCION EDUCATIVA SAN ISIDRO,824001771,Cesar,Curumaní,Territorial,Educación Nacional
2556,EDUR,901521260,Antioquia,El Carmen De Viboral,Territorial,Ambiente y Desarrollo Sostenible
2557,CONCEJO MUNICIPAL DE MARSELLA,800099317,Risaralda,Marsella,Territorial,Servicio Público
2558,INSTITUTO MUNICIPAL DE TURISMO CULTURA Y FOMENTO DE GIRARDOT,890680035,Cundinamarca,Girardot,Territorial,Industria
2559,PERSONERIA MUNICIPAL SAN JOSE DE LA MONTANA,8000226188,Antioquia,San José De La Montaña,Territorial,Servicio Público
2560,IDERCAR,806006217,Bolívar,El Carmen De Bolívar,Territorial,deportes
2561,EMPRESA MUNICIPAL DE SERVICIOS PUBLICOS DE ARAUCA EMSERPA E I C E,800113549,No Definido,No Definido,Territorial,Industria
2562,REGION ADMINISTRATIVA Y DE PLANIFICACION RAP DEL AGUA Y LA MONTANA,901665080,Antioquia,Medellín,Territorial,Planeación
2563,CONTRALORIA MUNICIPAL DE TULUA,900623073,Valle del Cauca,Tuluá,Territorial,No aplica/No pertenece
2564,ALCALDIA MUNICIPAL PARATEBUENO,800074120,Cundinamarca,Paratebueno,Territorial,Servicio Público
2565,SANTIAGO DE CALI DISTRITO ESPECIAL SECRETARIA DE DESARROLLO ECONOMICO,890399011,Valle del Cauca,Cali,Territorial,Trabajo
2566,CONCEJO DE SUTAMARCHAN,901359752,Boyacá,Sutamarchán,Territorial,No aplica/No pertenece
2567,GOBERNACION DE CUNDINAMARCA SECRETARIA DE PRENSA Y COMUNICACIONES,899999114,No Definido,No Definido,Territorial,"Vivienda, Ciudad y Territorio"
2568,COMPLEJO CARCELARIO Y PENITENCIARIO EL PEDREGAL DE MEDELLIN,811010134,Antioquia,Medellín,Nacional,Ley de Justicia
2569,INSTITUCION EDUCATIVA VILLA CECILIA DE SARAVENA,834001738,Arauca,Saravena,Nacional,Educación Nacional
2570,CONCEJO DE CIMITARRA EN SANTANDER,804005165,Santander,Cimitarra,Territorial,Servicio Público
2571,CONCEJO MUNICIPAL DE SAN GIL,804004425,Santander,San Gil,Territorial,Servicio Público
2572,PROVINCIA DMINISTRATIVA Y DE PLANIFICACION PAP DEL SUMAPAZ,901767734,Cundinamarca,Fusagasugá,Territorial,Planeación
2573,INSTITUCION EDUCATIVA SANTA TERESITA,834000166,No Definido,No Definido,Territorial,Educación Nacional
2574,HOSPITAL REINA SOFIA DE ESPANA LERIDA TOLIMA,890706823,Tolima,Lérida,Territorial,Salud y Protección Social
2575,IMPACTO INFRAESTRUCTURA,901693352,Antioquia,Barbosa,Territorial,Servicio Público
2576,INSTITUCION TECNICA COMERCIAL SAN JUAN BOSCO,809010612,Tolima,San Luis,Territorial,Educación Nacional
2577,PERSONERIA MUNICIPAL DE PISBA,826000223,Boyacá,Pisba,Territorial,No aplica/No pertenece
2578,ALCALDIA IQUIRA,891180131,Huila,Iquira,Nacional,Servicio Público
2579,ESCUELA NORMAL SUPERIOR DE LETICIA,838000047,Amazonas,Leticia,Nacional,Educación Nacional
2580,ASOCIACION DE MUNICIPIOS DEL MAGDALENA MEDIO ANTIOQUENO,900793275,Antioquia,Medellín,Nacional,No aplica/No pertenece
2581,EMPRESAS PUBLICAS MUNICIPALES DE BETANIA E S P1,900217714,No Definido,No Definido,Territorial,No aplica/No pertenece
2582,ESTABLECIMIENTO PENITENCIARIO DE MEDIANA SEGURIDAD Y CARCELARIO DE MANIZALES,810001096,Caldas,Manizales,Nacional,Ley de Justicia
2583,COLEGIO UNION EUROPEA IED,830020653,No Definido,No Definido,Territorial,Educación Nacional
2584,TOLIMA INSTITUCION EDUCATIVA TECNICA BOLIVAR,890702057,Tolima,Santa Isabel,Nacional,Educación Nacional
2585,AMAZONAS DESARROLLO INTELIGENTE,901544996,Amazonas,Leticia,Territorial,"Vivienda, Ciudad y Territorio"
2586,RESGUARDO INDIGENA CRISTIANIA,8002241983,Antioquia,Jardín,Territorial,agricultura
2587,ALCALDIA MUNICIPIO DE ABRIAQUI,890981251,Antioquia,No Definido,Nacional,Servicio Público
2588,EMPRESA DE DESARROLLO URBANO RURAL INTEGRAL,901956792,Antioquia,Sonson,Territorial,Industria
2589,PERSONERIA MUNICIPAL DE PURISIMA,812002475,Córdoba,Purísima,Territorial,No aplica/No pertenece
2590,PERSONERIA MUNICIPAL DE SUTATAUSA,899999476,Cundinamarca,Sutatausa,Territorial,No aplica/No pertenece
2591,PERSONERIA MUNICIPAL DE MANI,901833147,Casanare,Maní,Territorial,No aplica/No pertenece
2592,INSTITUCION EDUCATIVA TECNICA GENERAL ROBERTO LEYVA,890706749,Tolima,Saldaña,Territorial,Educación Nacional
2593,ESCUELA NORMAL SUPERIOR SANTIAGO DE TUNJA,891800470,Boyacá,Tunja,Territorial,Educación Nacional
2594,CONCEJO DE GIRARDOTA,8909808071,Antioquia,Girardota,Territorial,Servicio Público
2595,INSTITUCION EDUCATIVA MALALA YOUSAFZAI,901677031,Meta,Villavicencio,Territorial,Educación Nacional
2596,ESE CENTRO DE SALUD DE TOCA,8200035246,Boyacá,Toca,Territorial,Salud y Protección Social
2597,EMPRESA DE SERVICIOS PUBLICOS DOMICILIARIOS DE ALBAN EMPOALBAN,814002262,Nariño,Albán,Territorial,"Vivienda, Ciudad y Territorio"
2598,INSTITUTO NACIONAL PENITENCIARIO INPEC REGIONAL CENTRAL,830035227,Distrito Capital de Bogotá,Bogotá,Nacional,Ley de Justicia
2599,CONCEJO DE PITALITO,891180077,Huila,Pitalito,Territorial,No aplica/No pertenece
2600,INSTITUTO MUNICIPAL DEL DEPORTE Y LA RECREACION ZARZALENA,891902310,Valle del Cauca,Zarzal,Territorial,deportes
2601,CONCEJO MUNICIPAL DE SANTA ROSA DE CABAL,8914800334,Risaralda,Santa Rosa De Cabal,Territorial,Servicio Público
2602,INSTITUCION EDUCATIVA SAMARIA,900006187,Tolima,Ortega,Territorial,Educación Nacional
2603,DISPENSARIO MEDICO NIVEL II BARRANQUILLA,901540734,Atlántico,Barranquilla,Nacional,defensa
2604,DIRECCION TERRITORIAL DE CALDAS MINISTERIO DE TRABAJO,810004736,Caldas,Manizales,Nacional,Trabajo
2605,EMPRESA DE DESARROLLO URBANO DE LA CEJA,901105143,Antioquia,La Ceja,Territorial,No aplica/No pertenece
2606,FONDO DE VIVIENDA DE INTERES SOCIAL Y REFORMA URBANA DEL MUNICIPIO DE DONMATIAS,800213880,No Definido,No Definido,Nacional,"Vivienda, Ciudad y Territorio"
2607,MINTRABAJO OFICINA ESPECIAL BARRANCABERMEJA,829003831,Santander,No Definido,Nacional,Trabajo
2608,INSTITUCION EDUCATIVA LA MERCED,899999105,Cundinamarca,Mosquera,Territorial,Educación Nacional
2609,BATALLON DE APOYO Y SERVICIO PARA EL COMBATE N 15,818000606,Chocó,Quibdó,Territorial,defensa
2610,MINISTERIO DEL TRABAJO DIRECCION TERRITORIAL ATLANTICO,802000713,Atlántico,Barranquilla,Nacional,Trabajo
2611,ESTABLECIMIENTO PENITENCIARIO DE MEDIANA SEGURIDAD Y CARCELARIO SOCORRO,804004058,No Definido,No Definido,Nacional,Ley de Justicia
2612,EMPRESA DE DESARROLLO TERRITORIAL DE PUERTO TRIUNFO,902008715,Antioquia,Puerto Triunfo,Territorial,No aplica/No pertenece
2613,PERSONERIA MUNICIPAL DE SAMACA,900929688,Boyacá,Samacá,Territorial,Servicio Público
2614,CASA DEL MENOR,891801333,Boyacá,Tunja,Territorial,Inclusión Social y Reconciliación
2615,ESTABLECIMIENTO DE DESARROLLO URBANO Y MEDIO AMBIENTE DE SOLEDAD,900128208,Atlántico,Soledad,Territorial,Ambiente y Desarrollo Sostenible
2616,SECRETARIA DE AMBIENTE Y DESARROLLO SOSTENIBLE,8903990295,Valle del Cauca,Cali,Territorial,Servicio Público
2617,FONDO SOCIAL DE VIVIENDA DE LA REGISTRADURIA NACIONAL DEL ESTADO CIVIL,830085129,Distrito Capital de Bogotá,Bogotá,Nacional,"Vivienda, Ciudad y Territorio"
2618,CONCEJO MUNICIPAL DE GUACA,890208360,Santander,Guaca,Territorial,No aplica/No pertenece
2619,PERSONERIA DE CAJICA,899999465,Cundinamarca,Cajicá,Territorial,No aplica/No pertenece
2620,CONCEJO MUNICIPAL ZARZAL,821001464,Valle del Cauca,Zarzal,Territorial,Servicio Público
2621,CONCEJO MUNICIPAL DE MANZANARES,8908025059,Caldas,Manzanares,Territorial,No aplica/No pertenece
2622,COMANDO AEREO DE TRANSPORTE MILITAR,800141639,Distrito Capital de Bogotá,No Definido,Nacional,defensa
2623,PERSONERIA MUNICIPAL DE ENVIGADO,890907106,Antioquia,Envigado,Territorial,Servicio Público
2624,INSTITUCION EDUCATIVA DEPARTAMENTAL JOSUE MANRIQUE,832000733,No Definido,No Definido,Nacional,Educación Nacional
2625,INSTITUCION EDUCATIVA TECNICA FRANCISCO MANZANERA HENRIQUEZ,890680240,Cundinamarca,Girardot,Territorial,Educación Nacional
2626,PERSONERIA MUNICIPIO DE VILLA DEL ROSARIO,890503373,Norte de Santander,Villa Del Rosario,Territorial,Ley de Justicia
2627,INSTITUCION EDUCATIVA JORGE ISAACS,891380159,Valle del Cauca,El Cerrito,Territorial,Educación Nacional
2628,INSTITUCION EDUCATIVA FRAY PLACIDO,846000522,Putumayo,Mocoa,Territorial,Educación Nacional
2629,DIRECCION TERRITORIAL DE ARAUCA MINISTERIO DE TRABAJO,834001348,Arauca,Arauca,Nacional,Servicio Público
2630,COLEGIO VILLAMAR IED,830085801,Distrito Capital de Bogotá,Bogotá,Territorial,Educación Nacional
2631,ASAMBLEA DEPARTAMENTAL DE SANTANDER,800093948,Santander,Bucaramanga,Territorial,No aplica/No pertenece
2632,SERVIDONMATIAS,900838892,Antioquia,Don Matías,Territorial,No aplica/No pertenece
2633,MINISTERIO DEL TRABAJO DIRECCION BOYACA,830115226,No Definido,No Definido,Nacional,Trabajo
2634,ANTIOQUIA PERSONERIA MUNICIPIO DE SAN CARLOS,890983740,Antioquia,San Carlos,Territorial,No aplica/No pertenece
2635,PERSONERIA MUNICIPAL GUARNE ANTIOQUIA,890982055,Antioquia,Guarne,Territorial,Servicio Público
2636,CONCEJO MUNICIPAL DE UBATE,899999281,Cundinamarca,Villa De San Diego De Ubate,Nacional,Ley de Justicia
2637,CONCEJO DE TERUEL,891180181,Huila,Teruel,Territorial,No aplica/No pertenece
2638,INSTITUCION EDUCATIVA ROBERTO VELANDIA,832007049,Cundinamarca,Mosquera,Territorial,Educación Nacional
2639,ARMADA NACIONAL BASE NAVAL ARC ORINOQUIA,800141684,Vichada,Puerto Carreño,Nacional,defensa
2640,COJAM,900577346,Valle del Cauca,Jamundí,Nacional,Ley de Justicia
2641,PERSONERIA MUNICIPAL DE MONIQUIRA1,800255673,Boyacá,No Definido,Territorial,Servicio Público
2642,PERSONERIA MUNICIPAL DE CARTAGO,8919004932,No Definido,No Definido,Territorial,No aplica/No pertenece
2643,CUNDEPORTES RICAURTE,808000021,Cundinamarca,Ricaurte,Territorial,No aplica/No pertenece
2644,INSTITUCION EDUCATIVA TECNICA GENERAL SANTANDER,900003201,Tolima,Rioblanco,Territorial,Educación Nacional
2645,INSTITUTO MUNICIPAL PARA EL DESARROLLO SOCIAL Y ECONOMICO DE PALMIRA,815002334,Valle del Cauca,Palmira,Territorial,No aplica/No pertenece
2646,EMPRESA DE DESARROLLO Y RENOVACION MUNICIPAL DE BURITICA ENTIDAD,901545990,Antioquia,Buriticá,Territorial,No aplica/No pertenece
2647,CONTRALORIA MUNICIPAL DE SINCELEJO,901052783,Sucre,Sincelejo,Territorial,Servicio Público
2648,CONCEJO MUNICIPIO DE CAUCASIA ANTIOQUIA,890906445,Antioquia,Caucasia,Territorial,Ley de Justicia
2649,CONCEJO MUNNICIPAL DE YOTOCO,800100531,Valle del Cauca,Yotoco,Territorial,No aplica/No pertenece
2650,CONCEJO MUNICIPAL DE SAN EDUARDO,900930055,Boyacá,San Eduardo,Territorial,No aplica/No pertenece
2651,CONCEJO MUNICIPAL DE ACACIAS,822000242,Meta,Acacías,Territorial,Servicio Público
2652,CARCEL Y PENITENCIARIA DE MEDIA SEGURIDAD DE BUCARAMANGA INPEC,804003036,Santander,Bucaramanga,Nacional,Ley de Justicia
2653,UNIVERSIDAD LIBRE,8600137985,Distrito Capital de Bogotá,Bogotá,Nacional,No aplica/No pertenece
2654,MINISTERIO DEL TRABAJO DIRECCION TERRITORIAL DEL TOLIMA,809010738,Tolima,Ibagué,Nacional,Servicio Público
2655,CONCEJO MUNICIPAL DE ARAUCA,834000142,Arauca,Arauca,Territorial,Servicio Público
2656,UNIDAD PRESTADORA DE SALUD CHOCO,800140951,Chocó,Quibdó,Nacional,defensa
2657,IED COLEGIO EL TESORO LA CUMBRE,830097774,No Definido,No Definido,Nacional,Educación Nacional
2658,PERSONERIA MUNICIPAL DE FOSCA,8999994201,Cundinamarca,Fosca,Territorial,Ley de Justicia
2659,EMPRESA DE TECNOLOGIA Y SERVICIOS ALBORADA EMPRESA INDUSTRIAL Y COMERCIAL DEL ESTADO E I C E,901472225,Meta,Villavicencio,Territorial,Tecnologías de la Información y las Comunicaciones
2660,INSTITUCION ETNOEDUCATIVA RURAL GUAMACHITO,825003249,La Guajira,Hatonuevo,Nacional,Educación Nacional
2661,CONCEJO MUNICIPAL DE PIEDECUESTA,804007288,Santander,Piedecuesta,Territorial,No aplica/No pertenece
2662,EMPRESA DE DESARROLLO URBANO TERRITORIO DESARROLLO,9018028299,Chocó,Cértegui,Territorial,"Vivienda, Ciudad y Territorio"
2663,DIRECCION TERRITORIAL DE NARINO,8070006594,Nariño,Pasto,Nacional,Trabajo
2664,CONCEJO PANDI,890680173,Cundinamarca,Pandi,Territorial,Servicio Público
2665,MUNICIPIOS ASOCIADOS DEL VALLE DE ABURRA MASA,890904171,Antioquia,Medellín,Territorial,No aplica/No pertenece
2666,INSTITUCION EDUCATIVA MAYOR DE YUMBO,8002058252,Valle del Cauca,Yumbo,Territorial,Educación Nacional
2667,CORPORACION MIXTA PARA EL DESARROLLO SOCIAL Y AMBIENTAL DE,901818707,Nariño,Pasto,Territorial,No aplica/No pertenece
2668,PERSONERIA MUNICIPAL DE CHIGORODO,890980998,Antioquia,Chigorodó,Territorial,No aplica/No pertenece
2669,CONCEJO MUNICIPAL DE LA UNION VALLE,900064464,No Definido,No Definido,Territorial,Servicio Público
2670,CABRERANA DE SERVICIOS PUBLICOS,900253669,Santander,Cabrera,Territorial,Ambiente y Desarrollo Sostenible
2671,EMPRESA PARA EL DESARROLLO TERRITORIAL DE EL BAGRE,901526561,Antioquia,El Bagre,Territorial,No aplica/No pertenece
2672,CONTRALORIA GENERAL DEL DEPARTAMENTO DEL CESAR,892300534,Cesar,Valledupar,Territorial,Servicio Público
2673,OFICINA DE CONTROL DISCIPLINARIO INTERNO DE JUZGAMIENTO ALCALDIA DE TULUA,891900272,Valle del Cauca,Tuluá,Territorial,Servicio Público
2674,ESE HOSPITAL SAN VICENTE DE PAUL SANTA ROSA DE CABAL,891480036,Risaralda,Santa Rosa De Cabal,Territorial,Salud y Protección Social
2675,INSTITUCION EDUCATIVA TECNICA ALVARO MOLINA,900025525,No Definido,No Definido,Territorial,Educación Nacional
2676,COLEGIO FRANCISCO DE PAULA SANTANDER IED,800252786,Distrito Capital de Bogotá,No Definido,Territorial,Educación Nacional
2677,INSTITUCION EDUCATIVA TECNICA SANTA LUCIA,800029884,Tolima,Purificación,Territorial,Educación Nacional
2678,LA PROVINCIA ADMINISTRATIVA Y DE PLANIFICACION PAP DE SAN JUAN EN EL DEPARTAMENTO DE ANTIOQUIA,901624414,Antioquia,Andes,Corporación Autónoma,Servicio Público
2679,CONCEJO MUNICIPAL DE SIBATE CUNDINAMARCA,8999993724,Cundinamarca,Sibaté,Territorial,No aplica/No pertenece
2680,INSTITUCION ETNOEDUCATIVO LA GLORIA,825003614,La Guajira,Manaure,Territorial,Educación Nacional
2681,CONCEJO MUNICIPAL DE CANDELARIA,900318343,Valle del Cauca,Candelaria,Territorial,No aplica/No pertenece
2682,EMPRESA SOCIAL DEL ESTADO HOSPITAL SAN PEDRO,890982140,No Definido,No Definido,Territorial,Salud y Protección Social
2683,CONTRALORIA GENERAL DE LA REPUBLICA CGR GERENCIA DEPARTAMENTAL GUANIA,8999990672,Guainía,Inírida,Nacional,No aplica/No pertenece
2684,INSTITUCION EDUCATIVA SANTA ISABEL,900001010,Cesar,Curumaní,Territorial,Educación Nacional
2685,MUNICIPIO DE PACHAVITA,800028461,Boyacá,Pachavita,Territorial,Planeación
2686,DEPARTAMENTO ADMINISTRATIVO DE JURIDICA,8903990295,Valle del Cauca,Cali,Territorial,Ley de Justicia
2687,IE JORGE ELIECER GAITAN,809005215,Tolima,Ataco,Nacional,Educación Nacional
2688,CONCEJO MUNICIPAL DE SEVILLA VALLE,900158614,Valle del Cauca,Sevilla,Territorial,No aplica/No pertenece
2689,CONCEJO DE DOSQUEBRADAS,800099310,Risaralda,Dosquebradas,Territorial,No aplica/No pertenece
2690,PERSONERIA MUNICIPAL DE GIGANTE HUILA,891180176,Huila,Gigante,Territorial,No aplica/No pertenece
2691,EMPRESA SOCIAL DEL ESTADO NUESTRA SENORA DEL ROSARIO DE PISBA,826002963,Boyacá,Pisba,Territorial,Salud y Protección Social
2692,IED VOLCAN UBATE CUNDINAMARCA,900050900,No Definido,No Definido,Territorial,Educación Nacional
2693,CONCEJO MUNICIPAL DE LA PAZ CESAR,824000566,Cesar,La Paz,Territorial,No aplica/No pertenece
2694,ASOCIACION DE MUNICIPIOS PUEBLOS DE OCCIDENTE,901438303,Norte de Santander,Cúcuta,Territorial,No aplica/No pertenece
2695,ASOCIACION DE MUNICIPIOS DE LA PROVINCIA DE LENGUPA,800214221,Boyacá,No Definido,Territorial,Servicio Público
2696,IMCTP,900005734,Valle del Cauca,Pradera,Territorial,Cultura
2697,INSTITUCION EDUCATIVA TECNICO SUPERIOR DE COMERCIO,800043472,Santander,Barrancabermeja,Territorial,Educación Nacional
2698,INSTITUTO MUNICIPAL DE DEPORTE Y RECREACION DE CIMITARRA,901359630,Santander,Cimitarra,Territorial,deportes
2699,EMPRESA DE SERVICIOS PUBLICOS DE HERVEO EMPOHERVEO,900325093,Tolima,Herveo,Territorial,No aplica/No pertenece
2700,AGUAS MANANTIALES DE PACORA,810005513,Caldas,Pácora,Territorial,No aplica/No pertenece
2701,CONTRALORIA MUNICIPAL DE POPAYAN,817005038,Cauca,Popayán,Territorial,No aplica/No pertenece
2702,ESTABLECIMIENTO PENITENCIARIO DE MEDIANA SEGURIDAD Y CARCELARIO DE CARTAGENA,890480218,Bolívar,No Definido,Nacional,Ley de Justicia
2703,ESE HOSPITAL LUISA SANTIAGA MARQUEZ IGUARAN,819001712,Magdalena,Aracataca,Nacional,Salud y Protección Social
2704,EMPRESA DE SERVICIOS PUBLICOS DOMICILIARIOS DE PUENTE NACIONAL ACUAPUENTE,804009177,Santander,Puente Nacional,Territorial,No aplica/No pertenece
2705,CONCEJO MUNICIPAL GAMEZA BOYACA,891857764,Boyacá,Gameza,Territorial,Servicio Público
2706,CONCEJO MUNICIPIO DE PUERTO SANTANDER,8002508531,Norte de Santander,Puerto Santander,Territorial,No aplica/No pertenece
2707,CENTRO DE PRODUCTIVIDAD Y COMPETITIVIDAD DEL ORIENTE,804012522,Santander,Bucaramanga,Nacional,No aplica/No pertenece
2708,RECLUSION MUJERES MANIZALES,810001114,Caldas,No Definido,Nacional,Ley de Justicia
2709,ESE UCATA CHARTA,804009386,Santander,Charta,Territorial,Salud y Protección Social
2710,INSTITUCION EDUCATIVA SANTA ANA12,800095117,Tolima,Mariquita,Territorial,Educación Nacional
2711,INSTITUCION EDUCATIVA NILO MUNICIPIO DE PALERMO HUILA,813011696,Huila,Palermo,Territorial,Educación Nacional
2712,INSTITUCION EDUCATIVA SAN SEBASTIAN,8020058545,Atlántico,Malambo,Territorial,Educación Nacional
2713,INSTITUCION EDUCATIVA CADENA LAS PLAYAS,811039629,Antioquia,Apartadó,Territorial,Servicio Público
2714,ALCALDIA MUNICIPIO DE FRESNO,800100056,Tolima,No Definido,Territorial,Servicio Público
2715,PERSONERIA MUNICIPAL DE MIRAFLORES,820000537,Boyacá,Miraflores,Territorial,Servicio Público
2716,PERSONERIA MUNICIPIO DE LA CEJA DEL TAMBO,890981207,Antioquia,La Ceja,Territorial,No aplica/No pertenece
2717,CONCEJO MUNICIPAL POLICARPA,814001759,Nariño,Policarpa,Territorial,Servicio Público
2718,AREA METROPOLITANA CENTRO SUR DE CALDAS,901913641,Caldas,Manizales,Territorial,No aplica/No pertenece
2719,MUNICIPIO DE PLATO,891780051,Magdalena,Plato,Territorial,Planeación
2720,INSTITUCION EDUCATIVA LICEO PATRIA,8040117223,Santander,Bucaramanga,Territorial,Educación Nacional
2721,PERSONERIA MUNICIPAL DE PIEDECUESTA,890205383,Santander,Piedecuesta,Territorial,No aplica/No pertenece
2722,INSTITUCION EDUCATIVA GUARINOCITO,800033303,No Definido,No Definido,Territorial,Educación Nacional
2723,INSTITUTO DEPARTAMENTAL DE DEPORTES DEL MAGDALENA,8190008433,Magdalena,Santa Marta,Territorial,deportes
2724,INSTITUCION EDUCATIVA RURAL EL SALITRE FLORENCIA CAQUETA,800045645,Caquetá,Florencia,Nacional,Educación Nacional
2725,ASOCIACION DE MUNICIPIOS DEL CAQUETA AMDELCA,900029195,Caquetá,Florencia,Territorial,No aplica/No pertenece
2726,INSTITUCION EDUCATIVA DARIO DE BEDOUT,811043134,Antioquia,Envigado,Nacional,Educación Nacional
2727,CONCEJO MUNICIPAL DE PUERTO TRIUNFO ANTIOQUIA,890983906,Antioquia,Puerto Triunfo,Territorial,No aplica/No pertenece
2728,CONCEJO MUNICIPAL BRICENO ANTIOQUIA,890984415,Antioquia,Briceño,Territorial,No aplica/No pertenece
2729,MINISTERIO DE RELACIONES EXTERIORES,899999042,Distrito Capital de Bogotá,No Definido,Nacional,Relaciones Exteriores
2730,CONTRALORIA GENERAL DE LA REPUBLICA GERENCIA DEPARTAMENTAL CHOCO,899999067,Chocó,Quibdó,Nacional,Servicio Público
2731,EMSA,890801631,Caldas,Riosucio,Territorial,No aplica/No pertenece
2732,CONCEJO MUNICIPAL DE MIRAFLORES,820004411,Boyacá,Miraflores,Territorial,No aplica/No pertenece
2733,HOSPITAL UNIVERSITARIO CARI E S E EN LIQUIDACION,800253167,Atlántico,Barranquilla,Territorial,No aplica/No pertenece
2734,PERSONERIA MUNICIPAL DE ANAPOIMA,8906800971,Cundinamarca,Anapoima,Territorial,No aplica/No pertenece
2735,INSTITUCION EDUCATIVA FRANCISCO ANTONIO ZEA,800205531,No Definido,No Definido,Territorial,Educación Nacional
2736,INSTITUCION EDUCATIVA FARALLONES,901780114,Valle del Cauca,Jamundí,Territorial,Educación Nacional
2737,ALCALDIA MUNICIPAL DE BARANOA,890112371,Atlántico,Baranoa,Territorial,Servicio Público
2738,CONCEJO MUNICIPAL DE SAN JERONIMO,890920814,Antioquia,San Jerónimo,Territorial,Servicio Público
2739,CONCEJO MUNICIPAL DE PALERMO,891180021,Huila,Palermo,Territorial,Servicio Público
2740,CONTRALORIA MUNICIPAL DE DOSQUEBRADAS,800150130,Risaralda,Dosquebradas,Territorial,Servicio Público
2741,PERSONERIA MUNICIPAL TITIRIBI,890980781,Antioquia,Titiribí,Territorial,No aplica/No pertenece
2742,INETRAM,800070519,La Guajira,Dibulla,Territorial,Educación Nacional
2743,ADMINISTRADOR DEL PATRIMONIO ESCINDIDO DE EMPRESAS VARIAS DE MEDELLIN APEV,900266932,Antioquia,Medellín,Territorial,Salud y Protección Social
2744,ESPOCAM,900370026,No Definido,No Definido,Territorial,No aplica/No pertenece
2745,CARLOS ARTURO ARANGO RIOS,1055834656,No Definido,No Definido,No Definido,No Definido
2746,EMPRESAS PUBLICAS DE NILO EMPUNILO,900431288,Cundinamarca,Nilo,Territorial,No aplica/No pertenece
2747,LOTERIA DEL CAUCA 12,891500650,Cauca,Popayán,Territorial,No aplica/No pertenece
2748,POLICIA METROPOLITA DE CARTAGENA DE INDIAS AREA DE SANIDAD BOLIVAR,900149064,Bolívar,Cartagena,Territorial,Servicio Público
2749,ADMINISTRACION PUBLICA COOPERATIVA DE SERVICIOS PUBLICOS DOMICILIARIOS DE BUESACO,900162638,Nariño,Buesaco,Territorial,No aplica/No pertenece
2750,CONCEJO MUNICIPAL FLORIDA,815002580,Valle del Cauca,Florida,Territorial,No aplica/No pertenece
2751,CONCEJO MUNICIPAL SANJOSE DE LA MONTANA,800022618,Antioquia,San José De La Montaña,Territorial,No aplica/No pertenece
2752,ESTABLECIMIENTO PENITENCIARIO DE MEDIANA SEGURIDAD Y CARCELARIO DE SEVILLA INPEC,821000631,Valle del Cauca,Sevilla,Nacional,Ley de Justicia
2753,PERSONERIA DE SORA,800019277,Boyacá,Sora,Territorial,No aplica/No pertenece
2754,PERSONERIA MUNICIPAL DE PITALITO,891180077,Huila,Pitalito,Territorial,Inclusión Social y Reconciliación
2755,CONCEJO MUNICIPAL DE FREDONIA ANTIOQUIA,8909808481,Antioquia,Fredonia,Territorial,Servicio Público
2756,PERSONERIA MUNICIPAL DE PIJAO,890001181,Quindío,Pijao,Territorial,Servicio Público
2757,INSTITUCION EDUCATIVA NOROCCIDENTAL DE SOLEDAD,802005167,No Definido,No Definido,Territorial,Educación Nacional
2758,PERSONERIA DE MARMATO CALDAS,8908011456,Caldas,Marmato,Territorial,Ley de Justicia
2759,INSTITUTO TECNICO GONZALO SUAREZ RENDON,820001460,Boyacá,Tunja,Territorial,Educación Nacional
2760,INSTITUCION EDUCATIVA FRANCISCO DEL ROSARIO VELA,9003942121,Amazonas,Leticia,Nacional,Educación Nacional
2761,INSTITUTO TECNICO AURELIO PATINO PATINO,901100653,Antioquia,La Ceja,Territorial,Educación Nacional
2762,INSTITUCION EDUCATIVA RURAL BENIGNO MENA GONZALEZ,900077607,Antioquia,San Jerónimo,Territorial,Educación Nacional
2763,ADMINISTRACION PUBLICA COOPERATIVA DEL MUNICIPIO DE ENCINO AGUASAN A P C,900301723,No Definido,No Definido,Territorial,No aplica/No pertenece
2764,ESCUELA NORMAL SUPERIOR LEONOR ALVAREZ PINZON,800067231,Boyacá,Tunja,Territorial,Educación Nacional
2765,COLONIA AGRICOLA ACACIAS,822001371,Meta,No Definido,Nacional,Ley de Justicia
2766,INSTITUCION EDUCATIVA TECNICA LA VOZ DE LA TIERRA,890705121,Tolima,Roncesvalles,Territorial,Educación Nacional
2767,PERSONERIA DE RIONEGRO,8909073172,Antioquia,Rionegro,Territorial,Servicio Público
2768,CONCEJO MUNICIPAL LA ARGENTINA HUILA,8911802057,Huila,La Argentina,Territorial,No aplica/No pertenece
2769,EICE EDURHA SAN JUAN DE URABA,901844405,Antioquia,San Juan De Urabá,Territorial,No aplica/No pertenece
2770,PERSONERIA MUNICIPAL DE ALBAN,814002965,Nariño,Albán,Territorial,No aplica/No pertenece
2771,PERSONERIA PUERTO CARRENO,900584254,Vichada,Puerto Carreño,Territorial,Servicio Público
2772,SECRETARIA DE CULTURA VALLE,890399029,Valle del Cauca,Cali,Territorial,No aplica/No pertenece
2773,CONCEJO MUNICIPAL DE GUASCA,8999994421,Cundinamarca,Guasca,Territorial,No aplica/No pertenece
2774,INSTITUCION EDUCATIVA RURAL LUIS ANTONIO DUQUE PENA,808003282,Cundinamarca,Girardot,Territorial,Educación Nacional
2775,INSTITUCION EDUCATIVA ISLA DEL SOL,900028195,Tolima,Prado,Territorial,Educación Nacional
2776,INSTITUCION EDUCATIVA RURAL LUIS ANTONIO ROBLES,800036063,La Guajira,Riohacha,Territorial,Educación Nacional
2777,IE JOSE MARIA CORDOBA,805013498,Valle del Cauca,Jamundí,Territorial,Educación Nacional
2778,PERSONERIA MUNICIPAL DE FLORIDA VALLE DEL CAUCA,815002010,Valle del Cauca,Florida,Territorial,No aplica/No pertenece
2779,I E T COMERCIAL CAMILA MOLANO VENADILLO,8000170521,Tolima,No Definido,Territorial,Servicio Público
2780,CARCEL Y PENITENCIARIA DE MEDIA SEGURIDAD DE DUITAMA,826000821,Boyacá,Duitama,Nacional,Ley de Justicia
2781,INSTITUCION EDUCATIVA POLITECNICA SANTA BARBARA,8140010941,Nariño,Santa Bárbara,Territorial,Educación Nacional
2782,PERSONERIA MUNICIPAL DE MONTEBELLO ANTIOQUIA,890981115,Antioquia,Montebello,Territorial,Servicio Público
2783,ALCALDIA SAN ANDRES,890207022,Santander,San Andrés,Territorial,Ambiente y Desarrollo Sostenible
2784,PERSONERIA MUNICIPAL DE TABIO,899999443,Cundinamarca,Tabio,Territorial,Servicio Público
2785,CONCEJO MUNICIPAL EL PENOL,890980917,Antioquia,Peñol,Territorial,No aplica/No pertenece
2786,E S E HOSPITAL HILARIO LUGO,832000029,Cundinamarca,Sasaima,Territorial,Salud y Protección Social
2787,BATALLON DE INFANTERIA DE SELVA NO 49,800131362,Putumayo,No Definido,Territorial,defensa
2788,PERSONERIA MUNICIPAL,891901019,Valle del Cauca,Argelia,Territorial,Ley de Justicia
2789,PT,900596012,Valle del Cauca,Toro,Territorial,Ley de Justicia
2790,CONCEJO MUNICIPAL DE NECOCLI,890983873,Antioquia,Necoclí,Territorial,Servicio Público
2791,PERSONERIA MUNICIPAL DE NUEVO COLON,820002090,Boyacá,Nuevo Colón,Territorial,No aplica/No pertenece
2792,MUNICIPIO DE PULI,800085612,Cundinamarca,Pulí,Territorial,No aplica/No pertenece
2793,CONCEJO MUNICIPAL DE SAN MARTIN DE LOS LLANOS,822002021,Meta,San Martín,Territorial,No aplica/No pertenece
2794,INSTITUCION EDUCATIVA TECNICA NUESTRA SENORA DEL CARMEN,890706737,No Definido,No Definido,Territorial,Educación Nacional
2795,CONCEJO MUNICIPAL EL COLEGIO CUNDINAMARCA,890680162,Cundinamarca,El Colegio,Territorial,Trabajo
2796,PERSONERIA MUNICIPAL DE LA CUMBRE,900085817,No Definido,No Definido,Territorial,No aplica/No pertenece
2797,EMPRESA DE SERVICIOS PUBLICOS EMPOCHAPARRAL,809002366,Tolima,Chaparral,Territorial,Servicio Público
2798,CONSEJO PROFESIONAL DE ADMINISTRACION DE EMPRESAS,800142286,Distrito Capital de Bogotá,Bogotá,Nacional,Industria
2799,CONCEJO DE SALGAR,8909805770,Antioquia,Salgar,Territorial,No aplica/No pertenece
2800,INSTITUCION EDUCATIVA RIOMANSO,809004849,Tolima,Rovira,Territorial,Educación Nacional
2801,EMPRESA DE SERVICIOS PUBLICOS DE COEELO TOLIMA,809006200,No Definido,No Definido,Territorial,Servicio Público
2802,CONCEJO MUNICIPAL DE EL ROSAL CUNDINAMARCA,832006125,Cundinamarca,El Rosal,Territorial,Servicio Público
2803,PERSONERIA MUNICIPAL DE SOPO,832003365,Cundinamarca,Sopó,Territorial,Servicio Público
2804,INSTITUCION EDUCATIVA INDIGENA DACHI DADA KERA,901393794,Risaralda,Pueblo Rico,Territorial,Educación Nacional
2805,CONSEJO PROFESIONAL DE GEOLOGIA,860056938,Distrito Capital de Bogotá,Bogotá,Nacional,No aplica/No pertenece
2806,PERSONERIA MUNCIIPAL DE SAN MARTIN,824006689,Cesar,San Martín,Territorial,No aplica/No pertenece
2807,IEMEP,8000275801,Cundinamarca,Girardot,Territorial,Educación Nacional
2808,E S E CENTRO DE SALUD SAN JOSE DE ALBAN,900131684,Nariño,Albán,Territorial,Salud y Protección Social
2809,CONCEJO MUNICIPAL DE BOJACA,800094622,Cundinamarca,Bojacá,Territorial,No aplica/No pertenece
2810,EMPRESA DE RENOVACION E INFRAESTRUCTURA DE SOGAMOSO,901881213,Boyacá,Sogamoso,Territorial,No aplica/No pertenece
2811,ESCUELA NORMAL SUPERIOR OIBA,890212320,Santander,Oiba,Territorial,Educación Nacional
2812,PERSONERIA DE BOJACA,8000946226,Cundinamarca,Bojacá,Territorial,No aplica/No pertenece
2813,ALCALDIA ORITO,800102896,Putumayo,Orito,Territorial,Servicio Público
2814,PERSONERIA MUNICIPAL DE MARSELLA,900688601,Risaralda,Marsella,Territorial,Servicio Público
2815,PERSONERIA MUNICIPAL DE MACEO ANTIOQUIA,8909809583,Antioquia,Maceo,Territorial,Ley de Justicia
2816,CONTRALORIA GENERAL DE LA REPUBLICA CGR GERENCIA DEPARTAMENTAL META,899999067,No Definido,No Definido,Nacional,No aplica/No pertenece
2817,CEAR PANAMA,901117984,Arauca,Arauquita,Territorial,Educación Nacional
2818,POLICIA METROPOLITANA DE MANIZALES UPRES CALDAS,900805219,Caldas,Manizales,Nacional,defensa
2819,COLEGIO REPUBLICA FEDERAL DE ALEMANIA IED,830034182,Distrito Capital de Bogotá,Bogotá,Territorial,Educación Nacional
2820,PERSONERIA MUNICIPAL DE SIMIJACA,899999384,Cundinamarca,Simijaca,Territorial,Ley de Justicia
2821,INSTITUCION EDUCATIVA FRANCISCO SAENZ,900005550,Tolima,Icononzo,Territorial,Educación Nacional
2822,LA CURITENA,901469368,Santander,Curití,Territorial,No aplica/No pertenece
2823,EMPRESA DE SERVICIOS PUBLICOS AGUAS LA CRISTALINA,900324202,Putumayo,Villagarzón,Nacional,No aplica/No pertenece
2824,BATALLON DE INGENIEROS NO 18 GENERAL RAFAEL NAVAS PARDO,834000487,Arauca,Tame,Nacional,defensa
2825,CONCEJO MUNICIPAL DE COGUA,899999466,Cundinamarca,Cogua,Corporación Autónoma,Servicio Público
2826,CONCEJO MUNICIPAL DE CUCUNUBA,8999994066,Cundinamarca,Cucunubá,Territorial,No aplica/No pertenece
2827,CONCEJO MUNICIPAL EL RETIRO,8909836740,Antioquia,Retiro,Territorial,No aplica/No pertenece
2828,INSTITUCION EDUCATIVA TECNICA AGROPECUARIA INDIGENA CUMBE,814004128,Nariño,Cumbal,Territorial,Educación Nacional
2829,EMPRESA DE SERVICIOS PUBLICOS NO DOMICILIARIOS DE DUITAMA,891855951,Boyacá,Duitama,Territorial,Industria
2830,CONTRALORIA GENERAL DE LA REPUBLICA CGR DEPARTAMENTAL PUTUMAYO,899999067,No Definido,No Definido,Nacional,No aplica/No pertenece
2831,INSTITUCION EDUCATIVA DEPARTAMENTAL ANTONIO NARINO,899999106,Cundinamarca,Cajicá,Territorial,Educación Nacional
2832,GRUPO DE CABALLERIA MECANIZADO NO 18,800130812,Arauca,Saravena,Nacional,defensa
2833,ASESORIA ESTRATEGICA EMPRESARIAL,901029406,Risaralda,Pereira,Corporación Autónoma,No aplica/No pertenece
2834,CENTRO ETNOEDUCATIVO WIWA SHENZHAWIMAKU,901273694,La Guajira,Riohacha,Territorial,Educación Nacional
2835,CONTRALORIA GENERAL DE LA REPUBLICA CGR DEPARTAMENTAL GUAJIRA,899999067,No Definido,No Definido,Nacional,No aplica/No pertenece
2836,PERSONERIA MUNICIPAL DE MARINILLA,890983716,Antioquia,Marinilla,Territorial,Ley de Justicia
2837,CONCEJO MUNICIPAL MONTERREY CASANARE,8918578243,Casanare,Monterrey,Territorial,Servicio Público
2838,MUNICIPIO VILLA CARO,890501981,Norte de Santander,Villa Caro,Territorial,Servicio Público
2839,CENTRO EDUCATIVO INDIGENA ALGODONCILLO,823005193,No Definido,No Definido,Nacional,Educación Nacional
2840,SUCRE INSTITUCION EDUCATIVA INDIGENA GUAIMI,823005110,No Definido,No Definido,Nacional,Educación Nacional
2841,HOSPITAL NIVEL 1 PUERTO RICO,900061048,Meta,Puerto Rico,Territorial,Salud y Protección Social
2842,CENTRO EDUCATIVO INDIGENA CHUPUNDUN,900063721,Sucre,Palmito,Nacional,Educación Nacional
2843,REGION ADMINISTRATIVA Y DE PLANIFICACION RAP CARIBE,901190414,Magdalena,Santa Marta,Territorial,Planeación
2844,CONCEJO MUNICIPAL DE SUTATAUSA CUNDINAMARCA,899999476,Cundinamarca,Sutatausa,Territorial,No aplica/No pertenece
2845,ESTABLECIMIENTO PENITENCIARIO DE MEDIANA SEGURIDAD CARCELARIA DE SANTA BARBARA,811010109,No Definido,No Definido,Nacional,Ley de Justicia
2846,PERSONERIA MUNICIPAL DE CIRCASIA,890001044,Quindío,Circasia,Territorial,No aplica/No pertenece
2847,INSTITUCION EDUCATIVA GABRIELA MISTRAL,900063726,Valle del Cauca,Jamundí,Territorial,Educación Nacional
2848,CONCEJO MUNICIPAL DE VITERBO,800090833,Caldas,Viterbo,Territorial,No aplica/No pertenece
2849,CARCEL Y PENITENCIARIA DE MEDIA Y MINIMA SEGURIDAD PARA MIEMBROS DE LA FUERZA PUBLICA DE FACATATIVA POLICIA NACIONAL,800141375,Cundinamarca,Facatativá,Nacional,interior
2850,CONCEJO MUNICIPAL DE GUAMAL META,8220010291,Meta,Guamal,Territorial,No aplica/No pertenece
2851,SINCELEJITO AYAPEL,9002139368,Córdoba,Ayapel,Territorial,Educación Nacional
2852,INSTITUCION EDUCATIVA RURAL DEPARTAMENTAL TECNICO AGROPECUARIO JAIME DE NARVAEZ PAQUILO,808003795,Cundinamarca,Beltrán,Territorial,Educación Nacional
2853,EPMSC MONTERIA,812001571,Córdoba,No Definido,Nacional,Ley de Justicia
2854,E S E HOSPITAL PRESBITERO LUIS FELIPE ARBELAEZ,800029509,Antioquia,Alejandría,Territorial,Salud y Protección Social
2855,COLEGIO FERNANDO SOTO APARICIO IED,860532538,Distrito Capital de Bogotá,Bogotá,Territorial,Educación Nacional
2856,PERSONERIA MUNICIPAL DE CISNEROS,890910913,Antioquia,Cisneros,Nacional,Servicio Público
2857,INSTITUCION EDUCATIVA MANUELA BELTRAN SOACHA,832002888,Cundinamarca,Soacha,Nacional,Educación Nacional
2858,INSTITUCION EDUCATIVA MUNICIPIO DE MALLAMA,814003417,Nariño,Mallama,Nacional,Educación Nacional
2859,FCPAPC,900413900,No Definido,No Definido,Territorial,Servicio Público
2860,INPEC LA CEJA,811010105,Antioquia,La Ceja,Nacional,Ley de Justicia
2861,INSTITUCION EDUCATIVA ZARAGOZA TAMARINDO,900051024,Tolima,Coyaima,Nacional,Educación Nacional
2862,CONCEJO MUNICIPAL DE MACIAO,839000001,La Guajira,Maicao,Territorial,No aplica/No pertenece
2863,INSTITUCION EDUCATIVA SAN FRANCISCO DE LA SIERRA,809008297,No Definido,No Definido,Territorial,Educación Nacional
2864,INSTITUCION EDUCATIVA SANTIAGO PEREZ,800151251,No Definido,No Definido,Territorial,Educación Nacional
2865,INSTITUCION EDUCATIVA GUILLERMO ANGULO GOMEZ,800000298,Tolima,Coyaima,Territorial,Educación Nacional
2866,INSTITUTO COLOMBIANO AGROPECUARIO SECCIONAL ARAUCA,899999069,Arauca,Arauca,Nacional,agricultura
2867,DEPARTAMENTO DE CUNDINAMARCA SECRETARIA DE ASUNTOS INTERNACIONALES,899999114,Distrito Capital de Bogotá,Bogotá,Territorial,Relaciones Exteriores
2868,INSTITUCION EDUCATIVA SANTA TERESITA DE ALTAQUER,891201905,Nariño,Barbacoas,Territorial,Educación Nacional
2869,EMPRESA DE SERVICIOS PUBLICOS DE AGUAZUL ESPA,844003247,Casanare,Aguazul,Territorial,Ambiente y Desarrollo Sostenible
2870,EMPRESA DE SERVICIOS PUBLICOS AGUAS DEL PIENTA,901432616,Santander,Charalá,Territorial,No aplica/No pertenece
2871,INSTITUCION EDUCATIVA RURAL DEL SUR TUNJA,8200044038,Boyacá,Tunja,Territorial,Educación Nacional
2872,ASAMBLEA DEPARTAMENTAL DE RISARALDA,891480085,Risaralda,Pereira,Territorial,No aplica/No pertenece
2873,INSTITUCION ETNOEDUCATIVA E INTERNADO ZHARNEKA,900038939,La Guajira,San Juan Del Cesar,Territorial,Educación Nacional
2874,CONCEJO MUNICIPAL DE TURBO22,841000125,Antioquia,Turbo,Territorial,No aplica/No pertenece
2875,PERSONERIA MUNICIPAL DE MATANZA SANTANDER,8902066960,Santander,Matanza,Territorial,No aplica/No pertenece
2876,ALCALDIA LA GLORIA CESAR,800096599,Cesar,La Gloria,Territorial,Servicio Público
2877,CONCEJO MUNICIPAL DE VILLA DE LEYVA BOYACA,891801268,Boyacá,Villa De Leyva,Territorial,Servicio Público
2878,INSTITUCION EDUCATIVA JORGE ELIECER GAITAN,844003623,Casanare,La Salina,Nacional,Educación Nacional
2879,INSTITUCION EDUCATIVA DE PROMOCION SOCIAL DE CARTAGENA,806011976,Bolívar,Cartagena,Nacional,Educación Nacional
2880,INSTITUCION EDUCATIVA VILLA CAMPO,900005206,Atlántico,Malambo,Territorial,Educación Nacional
2881,NARINO INSTITUCION EDUCATIVA TECNICA NUESTRA SENORA DE LOURDES,814003752,Nariño,Santacruz,Territorial,Educación Nacional
2882,PERSONERIA MUNICIPAL DE COVENAS SUCRE,823004072,Sucre,Coveñas,Territorial,Servicio Público
2883,PERSONERIA MUNICIPAL DE SACHICA,820000357,Boyacá,Sáchica,Territorial,Servicio Público
2884,CONCEJO MUNICIPAL DE SONSON,890980357,Antioquia,Sonson,Territorial,No aplica/No pertenece
2885,CENTRO ETNOEDUCATIVO LA LAGUNA,900038925,No Definido,No Definido,Territorial,Educación Nacional
2886,MUNICIPIO DE ARIGUANI,891702186,Magdalena,Ariguaní,Territorial,Servicio Público
2887,COLEGIO JOSE ANTONIO GALAN,829000548,Santander,Barrancabermeja,Territorial,Educación Nacional
2888,INSTITUCION EDUCATIVA MUNICIPAL TECNICA COMERCIAL SANTA RITA FACATATIVA,800058047,Cundinamarca,Facatativá,Territorial,Educación Nacional
2889,INSTITUTO MUNICIPAL DEL DEPORTE Y LA RECREACION DEL MUNICPIO DE GUADALAJARA BUGA,815000361,Valle del Cauca,Guadalajara De Buga,Territorial,deportes
2890,INSTITUCION EDUCATIVA EL RODEO,901375277,Valle del Cauca,Jamundí,Territorial,Educación Nacional
2891,CORPORACION CONCEJO MUNICIPAL DE BOSCONIA CESAR,824000400,Cesar,Bosconia,Territorial,Servicio Público
2892,PERSONERIA MUNICIPAL DE TENJO,800095174,Cundinamarca,Tenjo,Territorial,Ley de Justicia
2893,PERSONERIA EL CERRITO VALLE,800255799,Valle del Cauca,El Cerrito,Territorial,Servicio Público
2894,I E INSTECNICO,891500839,Cauca,Santander De Quilichao,Nacional,Educación Nacional
2895,INSTITUCION EDUCATIVA RURAL LOS ALMAGROS,900248364,No Definido,No Definido,Nacional,Educación Nacional
2896,RECLUSION DE MUJERES DE POPAYAN INPEC,817001267,No Definido,No Definido,Nacional,Ley de Justicia
2897,ESTABLECIMIENTO PENITENCIARIO DE MEDIANA SEGURIDAD Y CARCELARIO OCANA,807001559,Norte de Santander,Ocaña,Nacional,Ley de Justicia
2898,INSTITUCION EDUCATIVA SIXTO MARIA ROJAS,805011810,Valle del Cauca,Jamundí,Territorial,Educación Nacional
2899,INSTITUCION EDUCATIVA JOSE INOCENCIO CHINCA DE FORTUL,9000774102,Arauca,Fortul,Territorial,Educación Nacional
2900,PERSONERIA MUNICIPAL DE ARATOCA,890205334,Santander,Aratoca,Territorial,No aplica/No pertenece
2901,CONTRALORIA GENERAL DE LA REPUBLICA CGR GERENCIA DEPARTAMENTAL VALLE DEL CAUCA,899999067,Valle del Cauca,Cali,Nacional,No aplica/No pertenece
2902,CONCEJO MUNICIPAL,815004993,Valle del Cauca,El Cerrito,Territorial,Servicio Público
2903,CONCEJO MUNICIPAL DE FILANDIA,890001339,No Definido,No Definido,Territorial,No aplica/No pertenece
2904,INSTITUCION EDUCATIVA DEPARTAMENTAL NUESTRA SENORA DEL TRANSITO,832001250,Cundinamarca,Guachetá,Territorial,Educación Nacional
2905,PERSONERIA MUNICIPAL DE ARMENIA ANT,890983763,Antioquia,Armenia,Territorial,Servicio Público
2906,CONTRALORIA MUNICIPAL DE PASTO,800156682,Nariño,No Definido,Territorial,Servicio Público
2907,CONCEJO MUNICIPAL DE RESTREPO META,822001754,Meta,Restrepo,Territorial,Servicio Público
2908,ESTABLECIMIENTO PENITENCIARIO DE MEDIANA SEGURIDAD Y CARCELARIO DE SAN VICENTE DE CHUCURI,829000769,Santander,No Definido,Nacional,Ley de Justicia
2909,INPEC APARTADO,811046676,Antioquia,Apartadó,Nacional,Ley de Justicia
2910,UNIVERSIDAD DEL PACIFICO,835000300,Valle del Cauca,Buenaventura,Nacional,Educación Nacional
2911,CONCEJO MUNICIPAL SAN ROQUE,890980850,Antioquia,San Roque,Territorial,Servicio Público
2912,PERSONERIA MUNICIPAL DE SAN RAFAEL,8909821231,Antioquia,San Rafael,Territorial,defensa
